candidate,round,replicate,best_score,second_best_score,absolute_margin,margin_per_K,Q_std,margin_relative_to_Q_std,best_assignment,second_assignment
Full,1,0,5.888543348254814,5.797153126514579,0.0913902217402347,0.00913902217402347,3.0457160992456256,0.030006152498215633,"[8, 1, 4, 6, 0, 5, 3, 2, 7, 9]","[8, 1, 0, 6, 4, 5, 3, 2, 7, 9]"
G,1,0,1.8695729436423862,1.860833810626056,0.008739133016330225,0.0008739133016330225,0.9999999999989637,0.008739133016339282,"[8, 9, 2, 6, 0, 5, 3, 4, 7, 1]","[8, 1, 2, 6, 0, 5, 3, 4, 7, 9]"
A,1,0,1.4270477523399347,1.4259017105347653,0.0011460418051694177,0.00011460418051694177,0.9999999999989542,0.0011460418051706161,"[8, 3, 2, 7, 0, 5, 4, 6, 1, 9]","[8, 1, 2, 7, 0, 5, 4, 6, 9, 3]"
C,1,0,7.304658201502246,7.157844273945935,0.14681392755631073,0.014681392755631073,0.9999999996753267,0.1468139276039773,"[3, 0, 4, 6, 8, 1, 5, 2, 7, 9]","[3, 0, 9, 6, 8, 1, 5, 2, 7, 4]"
G+C,1,0,3.119902255201673,3.116149216557686,0.0037530386439867947,0.0003753038643986795,1.1610314627053564,0.003232503824867691,"[8, 0, 4, 5, 6, 2, 3, 1, 7, 9]","[8, 1, 4, 5, 0, 2, 3, 6, 7, 9]"
A+C,1,0,2.5143368512522284,2.495029170056969,0.019307681195259274,0.0019307681195259274,1.1503718107910859,0.01678386154297522,"[8, 1, 4, 6, 0, 5, 3, 2, 7, 9]","[8, 1, 4, 6, 0, 3, 5, 2, 7, 9]"
G+A,1,0,3.2462935361320424,3.2307858794479074,0.015507656684135007,0.0015507656684135007,1.997922409407017,0.007761891358302387,"[8, 1, 2, 6, 0, 5, 3, 4, 7, 9]","[8, 3, 2, 7, 0, 5, 4, 6, 9, 1]"
Full,1,1,7.355202178547332,7.327859530706134,0.027342647841197554,0.0027342647841197554,3.009616031848796,0.009085095092479643,"[8, 1, 2, 5, 4, 0, 3, 6, 7, 9]","[8, 7, 2, 5, 4, 0, 3, 6, 9, 1]"
G,1,1,2.3714992870746823,2.341549383257245,0.029949903817437118,0.0029949903817437116,0.9999999999990031,0.029949903817466973,"[8, 7, 2, 5, 4, 0, 3, 6, 9, 1]","[8, 3, 2, 5, 4, 7, 0, 6, 9, 1]"
A,1,1,1.8188541088840948,1.7994815630784406,0.019372545805654173,0.0019372545805654174,0.9999999999989947,0.019372545805673647,"[8, 3, 2, 5, 4, 0, 7, 6, 9, 1]","[8, 3, 2, 7, 4, 0, 5, 6, 9, 1]"
C,1,1,7.501418387170384,7.454987216762607,0.04643117040777689,0.004643117040777689,0.999999999650299,0.046431170424013915,"[1, 7, 0, 3, 6, 2, 8, 5, 9, 4]","[1, 7, 0, 5, 6, 3, 8, 2, 9, 4]"
G+C,1,1,3.8636556786604146,3.779625650697938,0.0840300279624766,0.008403002796247661,1.09886899789707,0.07646955926801714,"[8, 7, 0, 5, 6, 1, 3, 2, 9, 4]","[8, 1, 0, 5, 6, 3, 7, 2, 9, 4]"
A+C,1,1,3.1695257397337278,3.1001933092665137,0.06933243046721405,0.006933243046721405,1.089122051153395,0.06365900900986264,"[8, 1, 0, 5, 6, 3, 7, 2, 9, 4]","[8, 1, 0, 6, 5, 3, 7, 2, 9, 4]"
G+A,1,1,4.156704812918942,4.130583346399577,0.0261214665193652,0.00261214665193652,1.9982695887706912,0.013072043264910406,"[8, 3, 2, 5, 4, 0, 7, 6, 9, 1]","[8, 7, 2, 5, 4, 0, 3, 6, 9, 1]"
Full,1,2,7.897947959535374,7.8770667533631435,0.02088120617223055,0.002088120617223055,2.786731455860021,0.007493081591454008,"[8, 0, 9, 5, 3, 1, 6, 2, 7, 4]","[8, 0, 4, 5, 3, 1, 6, 2, 7, 9]"
G,1,2,2.2429224133269794,2.2343764833586612,0.008545929968318156,0.0008545929968318156,0.9999999999987025,0.008545929968329244,"[8, 7, 5, 6, 0, 1, 3, 2, 9, 4]","[8, 7, 5, 3, 0, 1, 6, 2, 9, 4]"
A,1,2,1.6402038103720993,1.6340325366020054,0.006171273770093855,0.0006171273770093855,0.999999999998679,0.006171273770102007,"[0, 5, 9, 6, 7, 1, 4, 2, 8, 3]","[0, 5, 9, 6, 3, 1, 4, 2, 8, 7]"
C,1,2,7.834225658468293,7.819378605907241,0.01484705256105201,0.001484705256105201,0.9999999996543125,0.01484705256618445,"[1, 0, 4, 8, 6, 3, 5, 2, 7, 9]","[1, 0, 4, 8, 5, 3, 6, 2, 7, 9]"
G+C,1,2,3.838050852118638,3.8319491011261415,0.006101750992496324,0.0006101750992496324,1.083083560558919,0.005633684430910899,"[8, 0, 4, 3, 5, 1, 6, 2, 7, 9]","[8, 0, 4, 5, 6, 1, 3, 2, 7, 9]"
A+C,1,2,3.184562983525431,3.1825627522277387,0.002000231297692334,0.0002000231297692334,1.067820465858129,0.001873190636110252,"[8, 0, 4, 5, 3, 1, 6, 2, 7, 9]","[8, 0, 9, 5, 3, 1, 6, 2, 7, 4]"
G+A,1,2,3.7008159679975092,3.6745875972462843,0.026228370751224972,0.002622837075122497,1.996804948906324,0.013135169143881876,"[8, 7, 5, 6, 3, 1, 4, 2, 9, 0]","[8, 7, 3, 6, 0, 1, 4, 2, 9, 5]"
Full,10,0,14.074238148215525,14.025818282626759,0.04841986558876599,0.004841986558876599,3.0594500152024073,0.01582633000969706,"[1, 7, 3, 0, 6, 9, 8, 2, 4, 5]","[1, 7, 3, 2, 6, 9, 0, 8, 4, 5]"
G,10,0,4.65271385867431,4.627401781209371,0.02531207746493891,0.0025312077464938907,0.9999999999999697,0.025312077464939676,"[2, 7, 3, 0, 6, 9, 1, 8, 4, 5]","[1, 7, 3, 0, 6, 9, 8, 2, 4, 5]"
A,10,0,4.658482258612431,4.6378923956225995,0.020589862989831786,0.0020589862989831786,0.9999999999999698,0.020589862989832407,"[2, 7, 3, 0, 6, 9, 1, 8, 4, 5]","[1, 7, 3, 0, 6, 9, 8, 2, 4, 5]"
C,10,0,8.99826153224734,8.891504135901155,0.10675739634618608,0.010675739634618608,0.99999999978615,0.10675739636901616,"[3, 9, 8, 5, 6, 7, 2, 1, 4, 0]","[3, 9, 2, 5, 6, 8, 7, 1, 4, 0]"
G+C,10,0,4.994595423092533,4.929197244618671,0.06539817847386153,0.006539817847386153,1.0783022437748473,0.060649209302319575,"[6, 7, 3, 2, 0, 9, 8, 1, 4, 5]","[6, 7, 3, 1, 0, 2, 8, 9, 4, 5]"
A+C,10,0,4.993174083885227,4.934056038684499,0.059118045200728275,0.005911804520072827,1.0776328969007347,0.054859168990433936,"[6, 7, 3, 2, 0, 9, 8, 1, 4, 5]","[6, 8, 3, 2, 0, 9, 7, 1, 4, 5]"
G+A,10,0,9.311196117286741,9.26529417683197,0.045901940454770696,0.00459019404547707,1.99998916816732,0.022951094528593226,"[2, 7, 3, 0, 6, 9, 1, 8, 4, 5]","[1, 7, 3, 0, 6, 9, 8, 2, 4, 5]"
Full,10,1,13.6630785216923,13.569246394394177,0.09383212729812307,0.009383212729812306,3.0447289081047604,0.03081789220982907,"[6, 8, 7, 2, 0, 3, 1, 4, 9, 5]","[6, 8, 7, 2, 0, 9, 1, 4, 3, 5]"
G,10,1,4.617460340482359,4.602792334608586,0.014668005873772927,0.0014668005873772927,0.9999999999999797,0.014668005873773225,"[6, 8, 7, 2, 0, 3, 1, 4, 9, 5]","[0, 8, 7, 2, 6, 3, 1, 4, 9, 5]"
A,10,1,4.634789319140481,4.620599117156575,0.014190201983906192,0.0014190201983906193,0.9999999999999796,0.014190201983906482,"[6, 8, 7, 2, 0, 3, 1, 4, 9, 5]","[0, 8, 7, 2, 6, 3, 1, 4, 9, 5]"
C,10,1,8.769174455467544,8.483975058503455,0.2851993969640887,0.02851993969640887,0.9999999997964785,0.28519939702213293,"[3, 9, 8, 0, 5, 7, 2, 1, 4, 6]","[3, 9, 8, 0, 5, 4, 2, 1, 7, 6]"
G+C,10,1,5.230414643222719,5.109920026609382,0.12049461661333716,0.012049461661333716,1.0641475207150948,0.11323112093741117,"[6, 8, 7, 0, 3, 4, 2, 1, 9, 5]","[6, 7, 8, 0, 3, 4, 2, 1, 9, 5]"
A+C,10,1,5.234847494386316,5.108626733121577,0.12622076126473925,0.012622076126473925,1.0637206694244086,0.118659686600843,"[6, 8, 7, 0, 3, 4, 2, 1, 9, 5]","[6, 7, 8, 0, 3, 4, 2, 1, 9, 5]"
G+A,10,1,9.25224965962284,9.22339145176516,0.028858207857680895,0.0028858207857680894,1.9999951065980557,0.014429139232629435,"[6, 8, 7, 2, 0, 3, 1, 4, 9, 5]","[0, 8, 7, 2, 6, 3, 1, 4, 9, 5]"
Full,10,2,14.434392799020005,14.395559263512835,0.038833535507169614,0.0038833535507169616,3.115785408905492,0.012463482047311788,"[8, 5, 6, 7, 0, 4, 1, 9, 3, 2]","[6, 5, 3, 8, 0, 4, 1, 7, 9, 2]"
G,10,2,4.971970053752023,4.969674359716112,0.002295694035910678,0.00022956940359106782,0.9999999999999781,0.0022956940359107284,"[8, 5, 6, 0, 3, 4, 1, 7, 9, 2]","[8, 5, 6, 0, 3, 4, 1, 2, 9, 7]"
A,10,2,4.993898783911993,4.990117009212275,0.0037817746997177437,0.0003781774699717744,0.9999999999999781,0.0037817746997178265,"[8, 5, 6, 0, 3, 4, 1, 2, 9, 7]","[8, 5, 6, 0, 3, 4, 1, 7, 9, 2]"
C,10,2,9.07907070010273,8.88300622919118,0.19606447091154955,0.019606447091154954,0.999999999798922,0.19606447095097382,"[3, 9, 8, 7, 5, 6, 2, 1, 4, 0]","[3, 9, 8, 0, 5, 7, 2, 1, 4, 6]"
G+C,10,2,4.885723092625413,4.8411610658285,0.04456202679691312,0.004456202679691312,1.1306678357689237,0.03941212917462024,"[6, 2, 3, 7, 0, 8, 1, 9, 4, 5]","[6, 2, 8, 7, 0, 4, 1, 9, 3, 5]"
A+C,10,2,4.897485163424227,4.844814064524819,0.05267109889940791,0.005267109889940791,1.1302101470065975,0.046602925162996654,"[6, 2, 3, 7, 0, 8, 1, 9, 4, 5]","[6, 2, 8, 7, 0, 4, 1, 9, 3, 5]"
G+A,10,2,9.963573143628103,9.962087062964297,0.0014860806638061774,0.00014860806638061774,1.9999948758262196,0.0007430422356418595,"[8, 5, 6, 0, 3, 4, 1, 2, 9, 7]","[8, 5, 6, 0, 3, 4, 1, 7, 9, 2]"
Full,20,0,15.294100329922989,15.200233016348557,0.09386731357443168,0.009386731357443168,2.991513240900457,0.0313778699993911,"[0, 2, 8, 3, 1, 7, 4, 5, 9, 6]","[3, 2, 8, 9, 1, 7, 0, 5, 4, 6]"
G,20,0,5.014726545969317,4.974997520228213,0.039729025741104707,0.0039729025741104705,0.9999999999999771,0.039729025741105616,"[0, 5, 8, 3, 1, 7, 4, 2, 9, 6]","[0, 7, 8, 3, 1, 5, 4, 2, 9, 6]"
A,20,0,5.019192744859979,4.975961393412954,0.04323135144702572,0.0043231351447025725,0.9999999999999771,0.04323135144702671,"[0, 5, 8, 3, 1, 7, 4, 2, 9, 6]","[0, 7, 8, 3, 1, 5, 4, 2, 9, 6]"
C,20,0,10.454514991897462,10.312450000749665,0.14206499114779625,0.014206499114779624,0.9999999997011335,0.1420649911902547,"[3, 9, 0, 7, 2, 8, 4, 1, 6, 5]","[0, 9, 3, 7, 2, 8, 4, 1, 6, 5]"
G+C,20,0,5.879242155657764,5.770910957987612,0.10833119767015198,0.010833119767015198,1.0125403896029002,0.10698950756190329,"[3, 2, 8, 9, 0, 7, 6, 5, 4, 1]","[3, 2, 7, 9, 0, 8, 6, 5, 4, 1]"
A+C,20,0,5.863659536475042,5.747765773222993,0.11589376325204892,0.011589376325204893,1.0121637440416051,0.11450100236675252,"[3, 2, 8, 9, 0, 7, 6, 5, 4, 1]","[3, 2, 7, 9, 0, 8, 6, 5, 4, 1]"
G+A,20,0,10.033919290829298,9.950958913641164,0.0829603771881331,0.00829603771881331,1.9999953175352831,0.04148028570905368,"[0, 5, 8, 3, 1, 7, 4, 2, 9, 6]","[0, 7, 8, 3, 1, 5, 4, 2, 9, 6]"
Full,20,1,17.121720523651717,16.848994997111387,0.2727255265403308,0.027272552654033076,3.046368532382811,0.08952479768657869,"[3, 7, 8, 5, 0, 1, 2, 6, 9, 4]","[3, 7, 8, 5, 1, 0, 2, 6, 9, 4]"
G,20,1,5.524004226837847,5.522356103109252,0.001648123728594797,0.0001648123728594797,0.9999999999999784,0.0016481237285948327,"[3, 4, 7, 5, 0, 1, 2, 6, 9, 8]","[3, 7, 8, 5, 0, 1, 2, 6, 9, 4]"
A,20,1,5.5207444234975895,5.51137490682971,0.009369516667879552,0.0009369516667879551,0.9999999999999784,0.009369516667879755,"[3, 4, 7, 5, 0, 1, 2, 6, 9, 8]","[3, 7, 8, 5, 0, 1, 2, 6, 9, 4]"
C,20,1,11.932432202764339,11.604481755622608,0.32795044714173116,0.03279504471417312,0.9999999996795023,0.32795044724683853,"[3, 9, 6, 7, 8, 2, 4, 1, 0, 5]","[3, 9, 6, 7, 2, 8, 4, 1, 0, 5]"
G+C,20,1,6.337594232093749,6.266313781482944,0.07128045061080446,0.007128045061080446,1.065671920804687,0.06688780028752256,"[3, 2, 8, 5, 0, 7, 4, 6, 9, 1]","[3, 2, 1, 5, 7, 8, 0, 6, 9, 4]"
A+C,20,1,6.335487573092936,6.237316926296296,0.0981706467966399,0.009817064679663989,1.0653028619450609,0.09215280490038023,"[3, 2, 8, 5, 0, 7, 4, 6, 9, 1]","[3, 7, 1, 5, 0, 8, 2, 6, 9, 4]"
G+A,20,1,11.044748650335436,11.033731009938961,0.011017640396474349,0.001101764039647435,1.9999955271054688,0.005508832518450597,"[3, 4, 7, 5, 0, 1, 2, 6, 9, 8]","[3, 7, 8, 5, 0, 1, 2, 6, 9, 4]"
Full,20,2,14.24147125082619,14.170659061973879,0.07081218885231166,0.007081218885231166,3.021853398290243,0.02343336340948142,"[3, 7, 6, 9, 1, 8, 0, 2, 5, 4]","[3, 7, 6, 5, 1, 8, 0, 2, 9, 4]"
G,20,2,4.583835649706619,4.571090404952157,0.012745244754461815,0.0012745244754461815,0.9999999999999808,0.01274524475446206,"[3, 7, 6, 5, 1, 8, 0, 2, 9, 4]","[3, 8, 7, 5, 6, 1, 0, 2, 9, 4]"
A,20,2,4.577192411548337,4.566556258943291,0.010636152605045801,0.00106361526050458,0.999999999999981,0.010636152605046002,"[3, 7, 6, 5, 1, 8, 0, 2, 9, 4]","[3, 8, 7, 5, 6, 1, 0, 2, 9, 4]"
C,20,2,11.007039131235235,10.920796044381012,0.086243086854223,0.0086243086854223,0.9999999996734034,0.0862430868823897,"[3, 9, 1, 7, 2, 8, 0, 5, 6, 4]","[3, 9, 1, 7, 2, 8, 4, 5, 6, 0]"
G+C,20,2,5.749300779510917,5.746452977291631,0.002847802219285711,0.0002847802219285711,1.042109939912638,0.0027327272394354553,"[3, 9, 1, 7, 0, 8, 2, 6, 5, 4]","[3, 7, 1, 9, 0, 8, 2, 6, 5, 4]"
A+C,20,2,5.736307068464314,5.727850665515905,0.008456402948409547,0.0008456402948409548,1.0417869619821452,0.008117209426695127,"[3, 7, 1, 9, 0, 8, 2, 6, 5, 4]","[3, 9, 1, 7, 0, 8, 2, 6, 5, 4]"
G+A,20,2,9.161028061254955,9.137646663895449,0.02338139735950584,0.002338139735950584,1.999995585682612,0.011690724483037103,"[3, 7, 6, 5, 1, 8, 0, 2, 9, 4]","[3, 8, 7, 5, 6, 1, 0, 2, 9, 4]"
Full,30,0,9.336186377825715,9.330258451683285,0.0059279261424300955,0.0005927926142430095,3.033038878064949,0.0019544510903902615,"[7, 6, 9, 8, 2, 3, 1, 0, 5, 4]","[1, 6, 9, 8, 7, 3, 2, 0, 5, 4]"
G,30,0,3.2045277740393106,3.182785337590337,0.021742436448973557,0.0021742436448973558,0.9999999999999952,0.02174243644897366,"[8, 6, 9, 2, 7, 3, 1, 0, 5, 4]","[8, 6, 9, 4, 7, 3, 1, 2, 5, 0]"
A,30,0,3.206773702885639,3.1865886515326016,0.020185051353037498,0.00201850513530375,0.9999999999999953,0.02018505135303759,"[8, 6, 9, 2, 7, 3, 1, 0, 5, 4]","[8, 6, 9, 4, 7, 3, 1, 2, 5, 0]"
C,30,0,8.843784141182157,8.433349029405573,0.4104351117765841,0.04104351117765841,0.9999999997824452,0.4104351118658762,"[9, 3, 5, 7, 8, 1, 2, 0, 6, 4]","[9, 3, 5, 7, 8, 1, 2, 6, 0, 4]"
G+C,30,0,3.543193401423097,3.5164316460380967,0.026761755385000363,0.0026761755385000365,1.05279490124186,0.02541972358854761,"[1, 6, 9, 7, 8, 3, 2, 0, 5, 4]","[1, 6, 9, 5, 8, 3, 2, 0, 7, 4]"
A+C,30,0,3.541935746445339,3.5149529896203684,0.026982756824970533,0.002698275682497053,1.0526040639771777,0.025634289044085972,"[1, 6, 9, 7, 8, 3, 2, 0, 5, 4]","[1, 6, 9, 5, 8, 3, 2, 0, 7, 4]"
G+A,30,0,6.41130147692495,6.3693739891229395,0.04192748780201061,0.004192748780201061,1.9999996375894273,0.02096374769974721,"[8, 6, 9, 2, 7, 3, 1, 0, 5, 4]","[8, 6, 9, 4, 7, 3, 1, 2, 5, 0]"
Full,30,1,8.825722241546233,8.627493678184614,0.19822856336161898,0.019822856336161897,3.0173574294177254,0.06569608274743644,"[1, 9, 3, 6, 2, 0, 8, 7, 5, 4]","[1, 9, 0, 6, 2, 3, 8, 7, 5, 4]"
G,30,1,3.0608819864620935,3.0513356905175595,0.009546295944534045,0.0009546295944534045,0.9999999999999939,0.009546295944534103,"[4, 9, 3, 6, 2, 0, 8, 7, 5, 1]","[6, 9, 3, 4, 2, 0, 8, 7, 5, 1]"
A,30,1,3.0634357369104777,3.0543902696472056,0.009045467263272045,0.0009045467263272044,0.9999999999999939,0.0090454672632721,"[4, 9, 3, 6, 2, 0, 8, 7, 5, 1]","[6, 9, 3, 4, 2, 0, 8, 7, 5, 1]"
C,30,1,8.232214990719868,8.142544952454445,0.08967003826542275,0.008967003826542275,0.999999999774501,0.08967003828564325,"[9, 6, 5, 7, 3, 1, 2, 8, 0, 4]","[9, 6, 5, 1, 3, 7, 2, 8, 0, 4]"
G+C,30,1,3.0748019825064903,3.066000039822182,0.00880194268430845,0.000880194268430845,1.037723519196399,0.008481972819816759,"[9, 6, 3, 5, 7, 0, 2, 8, 1, 4]","[1, 9, 3, 6, 7, 0, 2, 8, 5, 4]"
A+C,30,1,3.066755094260847,3.066025775361669,0.0007293188991779331,7.293188991779332e-05,1.0374443137499396,0.0007029957073471652,"[9, 6, 3, 5, 7, 0, 2, 8, 1, 4]","[1, 9, 3, 6, 7, 0, 2, 8, 5, 4]"
G+A,30,1,6.124317723372572,6.105725960164766,0.01859176320780609,0.0018591763207806088,1.9999992932809278,0.009295884888692617,"[4, 9, 3, 6, 2, 0, 8, 7, 5, 1]","[6, 9, 3, 4, 2, 0, 8, 7, 5, 1]"
Full,30,2,10.88150818198127,10.830567491383569,0.050940690597700566,0.005094069059770057,2.98769192935404,0.017050181813328492,"[1, 4, 3, 6, 8, 0, 2, 9, 5, 7]","[1, 4, 3, 6, 2, 0, 7, 9, 5, 8]"
G,30,2,3.890094958668204,3.873509431270155,0.01658552739804886,0.001658552739804886,0.9999999999999922,0.01658552739804899,"[7, 4, 3, 6, 8, 0, 1, 9, 5, 2]","[8, 4, 3, 6, 7, 0, 1, 9, 5, 2]"
A,30,2,3.8998162886269068,3.8813531964602244,0.018463092166682404,0.0018463092166682404,0.9999999999999925,0.018463092166682543,"[7, 4, 3, 6, 8, 0, 1, 9, 5, 2]","[8, 4, 3, 6, 7, 0, 1, 9, 5, 2]"
C,30,2,8.198145540293368,8.113283033761642,0.08486250653172611,0.00848625065317261,0.999999999773199,0.08486250655097302,"[3, 6, 5, 7, 2, 1, 9, 8, 0, 4]","[3, 6, 5, 1, 2, 7, 9, 8, 0, 4]"
G+C,30,2,3.5746170735427594,3.5622293272132675,0.012387746329491911,0.001238774632949191,1.008727791565628,0.01228056412549625,"[1, 6, 3, 5, 8, 7, 2, 9, 0, 4]","[1, 4, 3, 6, 8, 7, 2, 0, 5, 9]"
A+C,30,2,3.5667658236974256,3.559047678559591,0.007718145137834753,0.0007718145137834753,1.0084091720377195,0.007653783158515397,"[1, 6, 3, 5, 8, 7, 2, 9, 0, 4]","[1, 4, 3, 6, 8, 7, 2, 0, 5, 9]"
G+A,30,2,7.789911247295111,7.75486262773038,0.03504861956473082,0.003504861956473082,1.9999991488365774,0.01752431724039433,"[7, 4, 3, 6, 8, 0, 1, 9, 5, 2]","[8, 4, 3, 6, 7, 0, 1, 9, 5, 2]"
Full,40,0,6.3565559621774375,6.341572887199718,0.014983074977719113,0.0014983074977719113,3.030102200395428,0.004944742449863183,"[7, 9, 0, 2, 3, 1, 6, 8, 5, 4]","[7, 8, 0, 2, 3, 1, 6, 9, 5, 4]"
G,40,0,2.0069438448287835,2.002759884785683,0.004183960043100399,0.00041839600431003987,0.9999999999999948,0.00418396004310042,"[7, 2, 3, 1, 8, 0, 6, 9, 5, 4]","[3, 9, 0, 2, 8, 1, 6, 4, 5, 7]"
A,40,0,2.0076737026869242,2.0022185024517505,0.005455200235173763,0.0005455200235173763,0.9999999999999947,0.005455200235173792,"[7, 2, 3, 1, 8, 0, 6, 9, 5, 4]","[3, 9, 0, 2, 8, 1, 6, 4, 5, 7]"
C,40,0,8.858761102214288,8.609119658452219,0.24964144376206931,0.02496414437620693,0.9999999997398704,0.24964144382700845,"[9, 3, 0, 5, 2, 4, 7, 1, 6, 8]","[9, 8, 0, 5, 2, 4, 7, 1, 6, 3]"
G+C,40,0,3.03267720573993,3.0190326984125213,0.01364450732740874,0.001364450732740874,1.0499501438258325,0.012995385931079136,"[9, 3, 0, 6, 2, 1, 5, 8, 4, 7]","[9, 3, 0, 2, 6, 1, 5, 8, 4, 7]"
A+C,40,0,3.02811811469243,3.016720108885554,0.011398005806875666,0.0011398005806875667,1.0497918349528859,0.010857396130716908,"[9, 3, 0, 6, 2, 1, 5, 8, 4, 7]","[9, 3, 0, 2, 6, 1, 5, 8, 4, 7]"
G+A,40,0,4.014617547515707,4.004978387237434,0.009639160278273273,0.0009639160278273273,1.9999997808485857,0.004819580667245597,"[7, 2, 3, 1, 8, 0, 6, 9, 5, 4]","[3, 9, 0, 2, 8, 1, 6, 4, 5, 7]"
Full,40,1,7.364667927579101,7.202224151718439,0.1624437758606625,0.01624437758606625,2.9919840001901403,0.05429299616921053,"[9, 6, 7, 2, 3, 1, 5, 8, 0, 4]","[9, 3, 7, 2, 6, 1, 5, 8, 0, 4]"
G,40,1,2.3543715432029266,2.349609835066867,0.004761708136059806,0.0004761708136059806,0.9999999999999931,0.004761708136059839,"[7, 6, 3, 2, 8, 1, 5, 9, 0, 4]","[4, 6, 3, 2, 8, 1, 5, 9, 0, 7]"
A,40,1,2.3540539962418885,2.3506689345263996,0.003385061715488913,0.0003385061715488913,0.9999999999999929,0.0033850617154889367,"[7, 6, 3, 2, 8, 1, 5, 9, 0, 4]","[4, 6, 3, 2, 8, 1, 5, 9, 0, 7]"
C,40,1,8.068521194493744,8.06849246391022,2.8730583524705366e-05,2.8730583524705367e-06,0.999999999730338,2.8730583532452913e-05,"[1, 3, 0, 6, 4, 5, 7, 8, 9, 2]","[1, 9, 0, 6, 2, 5, 7, 8, 4, 3]"
G+C,40,1,3.171740872399426,3.1183902119945146,0.05335066040491121,0.005335066040491121,1.0128805386017594,0.05267221392027103,"[9, 2, 7, 6, 3, 1, 5, 8, 0, 4]","[9, 3, 7, 2, 6, 1, 5, 8, 0, 4]"
A+C,40,1,3.1700902068991708,3.114038590355908,0.05605161654326274,0.005605161654326274,1.0126808380420371,0.055349735511570915,"[9, 2, 7, 6, 3, 1, 5, 8, 0, 4]","[9, 3, 7, 2, 6, 1, 5, 8, 0, 4]"
G+A,40,1,4.708425539444814,4.700278769593267,0.008146769851546942,0.0008146769851546942,1.9999995390465861,0.0040733858645940315,"[7, 6, 3, 2, 8, 1, 5, 9, 0, 4]","[4, 6, 3, 2, 8, 1, 5, 9, 0, 7]"
Full,40,2,11.469171346219264,11.3269035946996,0.14226775151966464,0.014226775151966464,2.9948814512984994,0.04750363372746564,"[3, 7, 0, 2, 8, 1, 5, 9, 6, 4]","[8, 7, 0, 2, 3, 1, 5, 9, 6, 4]"
G,40,2,3.7309943958314293,3.712265727817502,0.01872866801392714,0.001872866801392714,0.9999999999999898,0.018728668013927332,"[3, 2, 0, 8, 7, 1, 5, 9, 6, 4]","[1, 7, 2, 8, 3, 0, 5, 9, 6, 4]"
A,40,2,3.72832917464673,3.712711473082297,0.015617701564432984,0.0015617701564432985,0.99999999999999,0.01561770156443314,"[3, 2, 0, 8, 7, 1, 5, 9, 6, 4]","[1, 7, 2, 8, 3, 0, 5, 9, 6, 4]"
C,40,2,8.638318412580627,8.355070485298754,0.28324792728187376,0.028324792728187376,0.9999999997362117,0.28324792735659127,"[9, 3, 4, 2, 6, 5, 8, 1, 7, 0]","[9, 3, 4, 2, 5, 6, 8, 1, 7, 0]"
G+C,40,2,4.196002155325767,4.14391109347419,0.05209106185157708,0.005209106185157708,1.0157718638315802,0.051282245262322036,"[8, 3, 0, 2, 7, 1, 5, 9, 6, 4]","[1, 3, 0, 2, 8, 7, 5, 9, 6, 4]"
A+C,40,2,4.1915840473740555,4.141247701563012,0.050336345811043515,0.005033634581104352,1.0155116341233015,0.04956747330078522,"[8, 3, 0, 2, 7, 1, 5, 9, 6, 4]","[1, 3, 0, 2, 8, 7, 5, 9, 6, 4]"
G+A,40,2,7.459323570478158,7.424977200899798,0.034346369578360125,0.0034346369578360124,1.9999993337291866,0.017173190510177867,"[3, 2, 0, 8, 7, 1, 5, 9, 6, 4]","[1, 7, 2, 8, 3, 0, 5, 9, 6, 4]"
