round,accuracy,Gamma,hungarian_score,baseline_score,changed_pairs,changed_fraction,assignment_margin,margin_per_K,margin_per_Q_std,Q_std,Q_interaction_std,probe_seconds,reliability_probe_seconds,formal_training_seconds,matching_seconds,peak_gpu_memory_bytes,G_mean,G_std,G_interaction_std,A_mean,A_std,A_interaction_std,D_mean,D_std,D_interaction_std,C_mean,C_std,C_interaction_std,D_positive_ratio
1,10.13,0.4622159903021862,4.622159903021862,1.6308066287192675,9,0.9,0.0029740930754664774,0.00029740930754664776,0.0009576725912176139,3.105542648646888,0.40677586622225814,53.774870699999155,99.56181549999746,33.66849579999689,0.0006301999965216964,403261440,0.1987515652179718,1.1621841659658527,0.1616241736828641,0.1747517204284668,1.1519853253906887,0.12600483877854274,0.32376731872558595,0.9048893010536204,0.11241443133524297,0.0028172042807967923,0.0031638618503498197,0.0019254459602015854,0.23
2,17.44,0.7758631707374806,7.758631707374805,4.933655765061492,8,0.8,0.027043552843494467,0.0027043552843494466,0.009950299567992215,2.717863181776682,1.3972044538444663,45.45961140000145,0.0,37.31564179999987,0.0003521000035107136,403261440,0.8513761192560196,0.6574606236378759,0.20122077228077323,0.8583276218175888,0.6437847036128311,0.1834565150613298,0.028014764785766602,0.16089235605488358,0.13015612217866468,-0.00047978256139696943,0.00531165353864952,0.003004848458533509,0.05
3,21.09,1.124482084080656,11.24482084080656,3.38409491329101,10,1.0,0.12212347406583213,0.012212347406583213,0.03923658503737733,3.112489885383643,1.4038533423343487,44.43537730000389,0.0,35.47165160000441,0.0005597999988822266,403261440,-0.08686759412288665,1.8448839802369972,0.8071245226637429,-0.08914135754108429,1.8234622877014501,0.7860732974247542,0.709038052558899,1.4708977135056573,0.7786375190902984,-0.0015803873944158977,0.0076646904323909235,0.003418238258854102,0.32
4,17.95,1.2052086083227063,12.052086083227064,2.017211635237345,9,0.9,0.06239553713447421,0.006239553713447421,0.020450020504975665,3.051123450917462,1.2704712665765754,44.14756149999448,0.0,34.69303639999998,0.000563900000997819,403261440,-0.4267493391036987,1.9024412950310512,0.7889021615573987,-0.46487297654151916,1.8767344757683084,0.8143885068891888,0.8203650534152984,1.6488338713810013,0.743745561943261,0.003649549915807707,0.00906439987799371,0.004124413525660526,0.47
5,24.2,0.9222550091132226,9.222550091132225,-0.9827724242814079,10,1.0,0.10340823762653173,0.010340823762653172,0.03386975541724812,3.0531143893017676,0.8420774711447465,44.12124069999845,92.63224740000442,35.43197099999816,0.00045340000360738486,403261440,-49.53519311070442,60.81476319317813,17.515803804862394,-49.47694102883339,60.833796408647345,17.546275292324967,49.497731313705444,60.8168056985703,17.545799740174704,-0.004982392331521171,0.007363446859001795,0.0038615945603704665,0.93
6,25.3,1.6546272250249152,16.546272250249153,-6.314274832417682,8,0.8,0.06940336650596635,0.006940336650596635,0.022240964904076663,3.120519582009908,1.4157846102587395,48.93561369999952,0.0,36.070600400009425,0.0005624999903375283,403261440,-6.769631286263466,8.624566863484652,4.034744988889891,-6.734647976756096,8.627799839051805,4.078765754439506,6.786230353116989,8.584197825021798,4.0553875262106125,0.0003169032575023425,0.007359190870835894,0.003314064797021476,0.94
7,26.99,1.0083649604303258,10.083649604303258,-2.0282556777546907,10,1.0,0.044354933030570365,0.0044354933030570365,0.014478283958251417,3.063549047557652,0.8149866751965809,50.5480719999905,0.0,39.00957589999598,0.0005778000049758703,403261440,-46.37184911251068,59.69013764354619,16.380076787219334,-46.43252338290215,59.75023564833714,16.448768634210957,46.45093922019005,59.7357354817789,16.438086407801904,-0.0018426926221981796,0.005880134913697646,0.003855759845959923,0.97
8,24.86,1.1319165305486512,11.31916530548651,-3.5548326839542588,8,0.8,0.09972285243277135,0.009972285243277135,0.03200351504190362,3.11599686166347,1.2477356156351478,46.96813480000128,0.0,36.514309799997136,0.0005842000100528821,403261440,-43.27112778782845,71.96714719765619,30.177363452907144,-43.38215810894966,72.00732068414692,30.25854508753316,43.40630838394165,71.9926744026192,30.26304582844859,0.0017517858758935086,0.006511179778095076,0.0035494402458618258,0.94
9,29.78,1.3259237660553385,13.259237660553385,0.08996664651039152,10,1.0,0.13193530648970508,0.013193530648970508,0.04267301869294246,3.0917734561751407,1.151426155721323,49.7361103999865,0.0,37.08553640000173,0.0005792000010842457,403261440,-58.00685242652893,75.70756235950698,29.613513672705402,-57.980162368416785,75.75270761897275,29.64817668004018,58.00927373886108,75.72985773771474,29.656178394996648,-0.0014564380594395965,0.006387088955993532,0.0036297042282536643,0.99
10,32.39,1.703355016132606,17.033550161326062,-0.3908303471770642,9,0.9,0.12110215238940825,0.012110215238940824,0.04003208361266342,3.025127384353778,1.4917987290576498,50.11298390000593,99.42443800000183,35.40636110000196,0.0005682999908458441,403261440,-50.55928363800049,44.657159890260054,22.393730064056662,-50.598139383792876,44.70961524246877,22.444498577751247,50.598139383792876,44.70961524246877,22.444498577751247,-0.0012403977169643235,0.005171764505030672,0.0030885099732593235,1.0
11,33.19,1.1369848710789927,11.369848710789928,2.688749121830297,7,0.7,0.04807411032530595,0.0048074110325305956,0.015453795162588857,3.110828752388644,1.3985620505336291,50.238081500006956,0.0,35.37742239999352,0.0003519000019878149,403261440,-87.30674153447151,171.33795619639346,83.09580965668813,-87.44918901085853,171.33140328658084,83.1628030640015,87.45036561727524,171.33080242236952,83.16229180340609,0.0017488222969587654,0.007164701676323307,0.004174880333258692,0.98
12,33.56,1.11851791903301,11.185179190330098,1.8608514563447713,8,0.8,0.28159970529153355,0.028159970529153356,0.09292395939817515,3.0304316251193195,0.9162447557901374,48.915046399997664,0.0,37.79952860000776,0.0003378000110387802,403261440,-47.37871257305145,48.54971745225624,14.862818673011917,-47.48213029384613,48.57695580116705,14.854866242884922,47.48213029384613,48.57695580116705,14.854866242884922,0.0007472775347137445,0.0039433171178433,0.002689042236541726,1.0
13,32.39,0.5568825117988805,5.568825117988805,-1.1862709947391414,10,1.0,0.00017025967922013052,1.702596792201305e-05,5.580173474843809e-05,3.051153875191956,0.9693039636425886,50.5578089000046,0.0,38.308385800002725,0.0003277999931015074,403261440,-129.63460592985155,310.50379534862367,103.18589330758516,-129.80921759843827,310.5808186766933,103.20533377543947,129.80921759843827,310.5808186766933,103.20533377543947,0.00011058143071476324,0.004753606918925864,0.003611781316135018,1.0
14,35.43,1.1216347921811893,11.216347921811893,2.0737823825750676,9,0.9,0.13481764298469834,0.013481764298469834,0.04419459423958302,3.050546006912957,1.377732793912224,50.11319889999868,0.0,37.00899990000471,0.0004413999995449558,403261440,-145.98903158545494,185.88192512364583,83.70852085981994,-146.18428480625153,185.9070454111404,83.74469149336116,146.18428480625153,185.9070454111404,83.74469149336116,0.00047429513285006657,0.005264110128397278,0.0031537800053661673,1.0
15,34.05,1.5534098905443376,15.534098905443376,1.4600244940865534,10,1.0,0.1494057357447307,0.01494057357447307,0.050018904772560976,2.986985349321176,1.6226993076338807,46.10175879999588,0.0,35.46866710000904,0.0005583000020124018,403261440,-64.66531431257725,71.86828959433531,39.654801580710476,-64.86449293613434,71.94119774896951,39.73341681678914,64.86449293613434,71.94119774896951,39.73341681678914,0.001914512365763635,0.0046513432732538055,0.0032675188720180577,1.0
16,35.53,1.1279020200207184,11.279020200207183,0.3172250743425242,10,1.0,0.014920495757333896,0.0014920495757333896,0.004892908784390936,3.049412203418213,1.416331888083573,47.47912709999946,0.0,38.90814299999329,0.0005827999993925914,403261440,-117.601326277256,181.61829979712425,85.2597657956743,-117.84271562576293,181.60434026367295,85.26958566296756,117.84271562576293,181.60434026367295,85.26958566296756,0.0037978534086195665,0.005637347710152075,0.0036665782140542654,1.0
17,33.71,1.4831438992230035,14.831438992230035,5.452245997229249,9,0.9,0.09195126198688541,0.009195126198688541,0.02995150240473872,3.0700049948859167,1.4558220839115303,46.52371529999073,0.0,32.55786960000114,0.0005887999868718907,403261440,-126.43076412081719,124.47575305727085,59.66935796130523,-126.63971175670623,124.5500573906548,59.664421591578176,126.63971175670623,124.5500573906548,59.664421591578176,0.00021179645177369567,0.003363187691443282,0.0027971092995996124,1.0
18,39.85,2.158319798205577,21.58319798205577,1.5527211113553552,10,1.0,0.24121063091029527,0.024121063091029526,0.07831409550416005,3.0800410750767355,2.0259078694349455,45.01766040000075,0.0,35.204243999993196,0.0005711999983759597,403261440,-73.11362695813179,35.04310113508292,23.368621348898927,-73.29659873723983,35.089226776127994,23.348274440590867,73.29659873723983,35.089226776127994,23.348274440590867,0.0021566898398260436,0.00398584745286847,0.002782699465124357,1.0
19,36.49,1.6488986199199822,16.48898619919982,3.4773919808178664,10,1.0,0.15822446550910385,0.015822446550910384,0.05146306781431166,3.074524551859349,1.4924235248981441,45.377530900004786,0.0,31.555763500000467,0.0005586000042967498,403261440,-44.792350912094115,38.33421067629304,19.14921383907834,-44.87212434530258,38.378765167059754,19.21955844486823,44.87212434530258,38.378765167059754,19.21955844486823,9.742650266654822e-05,0.003663681167614211,0.0025802600453944573,1.0
20,36.67,1.6061135414665881,16.06113541466588,-0.2939379168460191,7,0.7,0.00028257771025508305,2.8257771025508305e-05,9.31118586644284e-05,3.0348197781496595,1.433078604270928,44.60893770000257,89.89003669998783,31.385555900007603,0.00041190000774804503,403261440,-68.768668166399,51.002602947664435,24.737122653384194,-68.92261038303376,51.0879738031386,24.798672008947868,68.9296083498001,51.078483580769394,24.795892090926014,0.0022355130680364677,0.0034959967712320937,0.002746809394783644,0.99
21,32.68,0.7622718949501899,7.622718949501899,0.004863690966850243,8,0.8,0.21441708431722262,0.021441708431722262,0.07044352683192476,3.043815293757404,0.7250616132054944,44.39531249999709,0.0,35.144659199999296,0.0003324999997857958,403261440,-80.02365642428398,108.60362514776438,25.54740670290988,-80.2422884953022,108.66918610979049,25.52428017730014,80.2422884953022,108.66918610979049,25.52428017730014,0.0019441510265825346,0.0046844698955242495,0.0032680355358745035,1.0
22,37.27,0.7483069251555742,7.483069251555742,5.099586199411912,7,0.7,0.15167366739132682,0.015167366739132682,0.049541488142836855,3.061548473352776,0.7862016627674004,45.48775710001064,0.0,40.03501479999977,0.000337799996486865,403261440,-242.0579332947731,419.9893525507081,110.13185726808766,-242.2978650444746,420.035080567613,110.14205151288532,242.2978650444746,420.035080567613,110.14205151288532,0.002938469555714821,0.004014828452534521,0.0028870922212965583,1.0
23,34.35,1.748992277837938,17.48992277837938,-3.799893238864076,9,0.9,0.047777987223049934,0.004777798722304993,0.01564564096914472,3.0537571018838063,1.533795485656329,44.66362079999817,0.0,38.152730399990105,0.00037199999496806413,403261440,-78.4426811826229,75.32946035807785,38.79822448504921,-78.68991153001785,75.32205606152117,38.753622028829945,78.68991153001785,75.32205606152117,38.753622028829945,0.0021954258371727074,0.004419927137578091,0.002953013590085635,1.0
24,39.18,1.916526487947025,19.16526487947025,-5.924027677735847,9,0.9,0.030249941952494197,0.0030249941952494195,0.010381694622483435,2.9137768979432783,1.6071298502106375,44.39028779999353,0.0,35.41394969999965,0.00034749999758787453,403261440,-71.90062395334243,45.42764236109378,24.740648955341808,-72.08459995031357,45.58707908288894,24.79286005876719,72.08459995031357,45.58707908288894,24.79286005876719,0.0023118559481628675,0.004545981762720034,0.002735901507542278,1.0
25,27.51,1.3239315413282355,13.239315413282355,0.7879165602366613,8,0.8,0.14176882589437412,0.014176882589437412,0.046604713775683634,3.0419417781800235,1.1388886704480192,43.95735880000575,0.0,37.79240990000835,0.00034080000477842987,403261440,-49.82406210780144,53.867779250235614,20.613594649526476,-50.03364244461059,53.884301910761984,20.64449630831994,50.03364244461059,53.884301910761984,20.64449630831994,0.003950129051362692,0.003455016701272708,0.002521831267307802,1.0
26,43.97,1.5775639864785715,15.775639864785715,-0.19203690939859475,9,0.9,0.16639835044720286,0.016639835044720285,0.05528047549868728,3.0100745144848515,1.5032372690622904,44.125981600009254,0.0,33.762816700007534,0.0003428999916650355,403261440,-222.61847878098487,227.08266880031138,114.12085123921948,-223.07093878030776,227.1242229253597,114.12116730649599,223.07093878030776,227.1242229253597,114.12116730649599,0.0010156334720807958,0.0034296302858765845,0.0021976519711243373,1.0
27,35.9,1.616641718172979,16.16641718172979,-7.467608894829329,8,0.8,0.5191488837381488,0.05191488837381488,0.16818529406086907,3.0867674051826444,1.5702649819662096,42.63376710000739,0.0,32.03645710001001,0.0003397999971639365,403261440,-70.58395284950733,54.83093055544987,29.016978086694277,-70.774527323246,54.859831907861576,29.033955213864925,70.774527323246,54.859831907861576,29.033955213864925,0.0026064297521996684,0.003911917277702812,0.0026455618901273467,1.0
28,45.73,0.965270025647295,9.65270025647295,2.1409735956297617,10,1.0,0.009368481434098186,0.0009368481434098186,0.0030834185796101035,3.0383424086660415,0.7430094064536369,42.84527150000213,0.0,36.583991099993,0.00034330000926274806,403261440,-165.7371311199665,164.99680955309466,40.332477382587285,-165.98206593990326,165.04361277583794,40.3560481263127,165.98206593990326,165.04361277583794,40.3560481263127,0.0023097114192213155,0.0035318660750525907,0.0028541925427775505,1.0
29,39.68,0.9802205282288783,9.802205282288783,4.019392766633046,6,0.6,0.19591712214731416,0.019591712214731417,0.06458329149340311,3.033557404972557,1.5979019825776701,44.21342870000808,0.0,27.7505930000043,0.00032980000833049417,403261440,-129.11460461735726,223.1845380148209,121.93208803326564,-129.29944358110427,223.26297844423718,122.00320998252215,129.29944358110427,223.26297844423718,122.00320998252215,0.0015897598174949626,0.004586019758892373,0.0030575150230951094,1.0
30,42.81,0.946579062055193,9.46579062055193,0.5753348411676213,9,0.9,0.07577336021236292,0.007577336021236292,0.02514548473636022,3.013398270377946,0.866814073077636,47.62960759999987,0.0,39.600926099999924,0.000484200005303137,403261440,-257.2767046046257,251.87443489093693,74.54304026279384,-257.50690712451933,252.0063347484931,74.62988066145658,257.50690712451933,252.0063347484931,74.62988066145658,0.003325904328288575,0.005127456308546807,0.0025676291578362155,1.0
31,47.18,2.1147392658955972,21.147392658955972,-1.9663834514233,8,0.8,0.5713971599089405,0.05713971599089405,0.18844219371904322,3.03221454087327,1.5822376962005096,46.17850750000798,0.0,33.3775569999998,0.0003364000003784895,403261440,-125.51253211975097,75.37978322609638,39.80010990458957,-125.7423928976059,75.4021339333876,39.84163645895601,125.7423928976059,75.4021339333876,39.84163645895601,0.001562679980840543,0.003485881167473244,0.0028132302591429657,1.0
32,40.25,1.5119853178808718,15.119853178808718,-1.3749563242708374,10,1.0,0.03838510267500084,0.0038385102675000836,0.012704370884792876,3.0214091687883404,1.275570669690271,46.10161810000136,0.0,36.84567400001106,0.0003404000017326325,403261440,-105.53160051107406,80.14313422396138,35.6989286334546,-105.77243656754494,80.23163710067533,35.721340039386604,105.77243656754494,80.23163710067533,35.721340039386604,0.0036740610948640877,0.003724849017616571,0.0025227843386568635,1.0
33,42.65,1.74927527233367,17.4927527233367,-2.3397881155438176,10,1.0,0.008095755787326908,0.0008095755787326908,0.002722004682221699,2.9741887808654157,1.4423745782712396,45.75388790000579,0.0,33.22037670000282,0.0004378000012366101,403261440,-74.41654122292995,50.67818751618535,25.18323625199237,-74.62637433767318,50.70576414940094,25.23654820287591,74.62637433767318,50.70576414940094,25.23654820287591,0.0015774868357461566,0.003739889808298493,0.0028801769719359153,1.0
34,46.73,0.7791057061319027,7.791057061319027,3.3319658353227495,9,0.9,0.06632872785038924,0.006632872785038923,0.021907250462790274,3.0277066473060765,1.1335549060016734,44.497812999994494,0.0,35.599528200007626,0.0003265000123064965,403261440,-252.24324144899845,356.34565702035366,139.78398339163905,-252.45203154563904,356.3681772703931,139.82072221272125,252.45203154563904,356.3681772703931,139.82072221272125,0.0024204990549149875,0.0034329800162468836,0.002985720469263438,1.0
35,43.14,1.3149947134965858,13.149947134965858,4.463154985030546,7,0.7,0.018800641349017155,0.0018800641349017155,0.006225728945505691,3.0198297281460036,1.370347787331399,45.567154599993955,0.0,28.447614299991983,0.0005649999948218465,403261440,-97.10008886754513,85.52928610256409,40.418938312642325,-97.37421395421028,85.62544435762359,40.51567069914168,97.37421395421028,85.62544435762359,40.51567069914168,0.003406478956786646,0.00463259970796207,0.003599764381144857,1.0
36,48.09,0.798492330125367,7.98492330125367,-4.2030301054741495,7,0.7,0.04067391353615335,0.004067391353615335,0.013331417198321654,3.0509819722147733,1.395343487699505,45.34584279998671,0.0,26.64132850000169,0.0005693999992217869,403261440,-425.81183739066125,1067.2890204392738,500.47929710186094,-426.0480016040802,1067.3681562406707,500.533426952723,426.0480016040802,1067.3681562406707,500.533426952723,0.00293871003748245,0.004322270378032024,0.0030812264708697575,1.0
37,32.89,1.5502419958064866,15.502419958064866,0.627105432999394,10,1.0,0.48919436860190935,0.048919436860190936,0.16195607297281955,3.0205373569659777,1.7011902333910076,44.809552499995334,0.0,34.418012199996156,0.0004423000063979998,403261440,-74.73549775779247,82.31280912980772,48.349413655332896,-74.92725826263428,82.37946774650631,48.413054359242004,74.92725826263428,82.37946774650631,48.413054359242004,0.0040598644072289665,0.00349437616861149,0.0028831871552177915,1.0
38,44.66,1.089803754105281,10.89803754105281,4.118031913593438,9,0.9,0.07071957532425088,0.007071957532425089,0.02339709054688586,3.022579887979432,1.1749312341615956,43.80893129999458,0.0,34.21767889999319,0.0005831999878864735,403261440,-206.42714245438574,202.69051294348458,78.77128551536113,-206.60655376434326,202.7405064512057,78.78451728055549,206.60655376434326,202.7405064512057,78.78451728055549,0.0008886019003608809,0.003304948090732944,0.002796431709336717,1.0
39,43.45,1.0475207540266835,10.475207540266835,-1.1595217988705335,9,0.9,0.04575278736014354,0.004575278736014354,0.01527006238136933,2.9962410249198146,0.9382656919547555,45.605047499993816,0.0,34.93056500000239,0.0005636999994749203,403261440,-77.8691360616684,77.16789254426264,25.046772255141693,-78.01425478219986,77.22754502826793,25.15753910842794,78.01425478219986,77.22754502826793,25.15753910842794,0.0036740868503691237,0.0044553674623644,0.003001757473711398,1.0
40,48.02,0.722032881469708,7.22032881469708,0.13657625904811474,9,0.9,0.16486829931602376,0.016486829931602377,0.05488782954258641,3.0037314408307147,0.6393609362376828,45.88875340000959,92.10191450000275,32.2985747000057,0.0005739999905927107,403261440,-177.67852470576764,202.88718182309063,42.465480106866195,-177.9661478972435,202.91174817575762,42.46760690669656,177.9661478972435,202.91174817575762,42.46760690669656,0.004152706163920544,0.003605938338415603,0.0023982000499012833,1.0
