round,client_id,task_id,reset_reference_loss,full_reference_loss,V_full,local_seed,initial_state_hash,full_state_hash
20,9,0,1.843118821009374,3.075481896049337,-1.2323630750399628,2209031,59b84ffc30e85f71e5b668b1d769a9d4d5a6c461d7dbf16671e2211287559b2f,1ab8f212766bea870ff512b6c0e740b97c67582a86bf249c1d6479f3d45e47fd
20,9,1,1.9921684594629334,3.180414427380431,-1.1882459679174975,2209031,e35ed829fd64a6ebd4e30e64319e25e4f0f7ff175617ecbadfa0a90106b47f13,722db82aecfa7b19b051ba8fad080a4ed4df1b84f245a89471d03b96055e16ee
20,9,2,1.8231101500821671,3.240049155079578,-1.4169390049974109,2209031,2b41c4e6e040d31814fb6f2cbaffefb81d583c3f2c1d898dee001298fb97d2f0,a54d73cb9d3f9f7f604ebdce360f4164e2a7ba62578651245ac828897f3af96b
20,9,3,1.8293277649672959,3.171365751838312,-1.342037986871016,2209031,f042d10661d1ae626dcc127bfc487d1069d4367506158e79305d3700a8d44ae4,cc9d7acbfb8f87083d69fd04125699cccb84bcc277391308840aba9d67fa67bd
20,9,4,1.9283728349492466,3.1969108681369236,-1.268538033187677,2209031,7968a9ab429ef695fd4fa246dd5cdcf2f337af3708a62599d8c08b9286d8702b,e219a400f8c5d312cc57e5d98af47855b528a2f5d4ec18b9f2d24974a881b58b
20,9,5,1.9229395994492446,3.2157195673263956,-1.292779967877151,2209031,3560304b1fa9af0804a211313ec7952f9460a72034febec3276e228f0861fe8e,dfefe5100110c436a0aad7cdbca47bd385f82bb5f93ef8e754200b9ca5126404
20,9,6,1.9310489463975977,3.186811572482131,-1.2557626260845334,2209031,8aad1ffaf335dd032544bf1a51754bbad1c2a2dcd2d26291e3840424da2ae70a,22b1e152a168148e86c1fa8d38342387370cc3c22175d267637c9674e0aff8d6
20,9,7,1.8480293404830201,3.2785178115881015,-1.4304884711050814,2209031,076e3af26887cf368aba958b86c4ede8b58af005418ff9c94248013bba1b8b2c,05e2e7daceff11a59228272af9a061c70424b995d61324459f48c1f2cbbb05af
20,9,8,2.0379543558260984,3.1451549288813627,-1.1072005730552643,2209031,9da54c96c176702624c2dc8dede378d8964d5b712f6eabe74db5ee0a8a9be8f1,d09317b5e29a0b2819c188e95c5363362e6393571a22d432dd606eb99849fa0a
20,9,9,1.7705325326404222,3.1377410866090423,-1.36720855396862,2209031,ceba4642b66cf10698292de379b00643b94597aaca86100766fdf936a3552f3a,fcc0d6546b1fde5c448992ba5f84cff6868c9c5ded4831766f4d1ef0b5025060
20,17,0,1.843118821009374,3.793802424538453,-1.950683603529079,2217007,59b84ffc30e85f71e5b668b1d769a9d4d5a6c461d7dbf16671e2211287559b2f,27d61e8552c31830775eb2e51bb83dbf0caf052dee1679ffabbed6085bd9c7f0
20,17,1,1.9921684594629334,3.7672660751209297,-1.7750976156579963,2217007,e35ed829fd64a6ebd4e30e64319e25e4f0f7ff175617ecbadfa0a90106b47f13,fc7f41f6e70631a1e4340fedbfcf5c15a053d66ba3772ac49254c4a6cbc023f0
20,17,2,1.8231101500821671,3.8256705099796458,-2.002560359897479,2217007,2b41c4e6e040d31814fb6f2cbaffefb81d583c3f2c1d898dee001298fb97d2f0,5ff04e2e1e24709a6d68f60a7de6095d4983101f1ecac638a2657bfde8f0c0a0
20,17,3,1.8293277649672959,3.810753232931695,-1.981425467964399,2217007,f042d10661d1ae626dcc127bfc487d1069d4367506158e79305d3700a8d44ae4,cc2d8cc75917fdfda61b8328d2b8b3cb5135f449d09bb8e028f9ff36318caaff
20,17,4,1.9283728349492466,3.8912041076132624,-1.9628312726640158,2217007,7968a9ab429ef695fd4fa246dd5cdcf2f337af3708a62599d8c08b9286d8702b,b7b6249469c21abe97ae8d9e969c20c8a674c17f0dc0e3a4e528522d9b32972f
20,17,5,1.9229395994492446,3.7705476068318204,-1.8476080073825758,2217007,3560304b1fa9af0804a211313ec7952f9460a72034febec3276e228f0861fe8e,bb55981773226fe31d6c423eb16460360d2732ee1c069f61b8a2b8b950bfff49
20,17,6,1.9310489463975977,3.7998573943457896,-1.868808447948192,2217007,8aad1ffaf335dd032544bf1a51754bbad1c2a2dcd2d26291e3840424da2ae70a,b27f37ad9458f3c12884c6cfe285f4892450c08ffffa068781feed1327454e33
20,17,7,1.8480293404830201,3.8712785634209097,-2.0232492229378893,2217007,076e3af26887cf368aba958b86c4ede8b58af005418ff9c94248013bba1b8b2c,ac5146bde93ad1c4f1b14ef9cdbd6d20b01e65601ee0e474c81ca01f1234e0cc
20,17,8,2.0379543558260984,3.876794418170144,-1.8388400623440457,2217007,9da54c96c176702624c2dc8dede378d8964d5b712f6eabe74db5ee0a8a9be8f1,f68e47e727864dfebe679449c6679b65785e372582bcef17dff0df933b8f986a
20,17,9,1.7705325326404222,3.8294955224264386,-2.0589629897860164,2217007,ceba4642b66cf10698292de379b00643b94597aaca86100766fdf936a3552f3a,9735f90347d94b20ad444514d460bc3247006825922e0848bf021987a5fe52e6
20,59,0,1.843118821009374,2.1473467992509354,-0.30422797824156134,2258881,59b84ffc30e85f71e5b668b1d769a9d4d5a6c461d7dbf16671e2211287559b2f,cf68b93be2172c13d6dc2f2e5f9e278762df8c6c7080e412056e8a37553f3758
20,59,1,1.9921684594629334,2.216233563006458,-0.22406510354352438,2258881,e35ed829fd64a6ebd4e30e64319e25e4f0f7ff175617ecbadfa0a90106b47f13,6bf47297fb88fc77a6b6630620843319163a82f705e01c5ef63ef96ca6a08cf5
20,59,2,1.8231101500821671,2.131036894997728,-0.3079267449155607,2258881,2b41c4e6e040d31814fb6f2cbaffefb81d583c3f2c1d898dee001298fb97d2f0,fa12aa7fa2c02e0aa14ae652dfede83d26179db9a6468cf2d45ae6520e75eba5
20,59,3,1.8293277649672959,2.1025997121212763,-0.2732719471539804,2258881,f042d10661d1ae626dcc127bfc487d1069d4367506158e79305d3700a8d44ae4,1accbb5f84a3f84cfd6817bdd9d09743823272cfc1f22d879342b601a0d46c30
20,59,4,1.9283728349492466,2.0950418782002114,-0.16666904325096477,2258881,7968a9ab429ef695fd4fa246dd5cdcf2f337af3708a62599d8c08b9286d8702b,8486aef795c9f1bef52d56d41e05cc731220cf57a89e6c4ee034676331449fe5
20,59,5,1.9229395994492446,2.138928836639873,-0.21598923719062824,2258881,3560304b1fa9af0804a211313ec7952f9460a72034febec3276e228f0861fe8e,2ec8330e055b9e97363d7ba480072728db33408795f1760302ad237702d5844a
20,59,6,1.9310489463975977,2.1571053855680162,-0.2260564391704185,2258881,8aad1ffaf335dd032544bf1a51754bbad1c2a2dcd2d26291e3840424da2ae70a,528e012cc6e4a4248af995eb0507f00980718c290123910b34fabcb6a7b729d7
20,59,7,1.8480293404830201,2.197447013923726,-0.34941767344070596,2258881,076e3af26887cf368aba958b86c4ede8b58af005418ff9c94248013bba1b8b2c,8c39134f426e7724c4c2f6efe944bea192a80941e82c2d316fe2497272248aa5
20,59,8,2.0379543558260984,2.13935512960743,-0.10140077378133139,2258881,9da54c96c176702624c2dc8dede378d8964d5b712f6eabe74db5ee0a8a9be8f1,d27132890a80c97f8ead96416e0a204a8bc6640da99eb91fc666e9d20544e23d
20,59,9,1.7705325326404222,2.1825557962336375,-0.4120232635932153,2258881,ceba4642b66cf10698292de379b00643b94597aaca86100766fdf936a3552f3a,ecbbd97d84cfaa19fb8b1ba35021099c304674d526af87432133f01dd12eb07c
20,11,0,1.843118821009374,3.228260111065247,-1.3851412900558728,2211025,59b84ffc30e85f71e5b668b1d769a9d4d5a6c461d7dbf16671e2211287559b2f,ffa524474efe2a41dd21a437345e0cc5ab8e09e29f9a4169d812a4edb14314fb
20,11,1,1.9921684594629334,3.232701878305378,-1.2405334188424444,2211025,e35ed829fd64a6ebd4e30e64319e25e4f0f7ff175617ecbadfa0a90106b47f13,47e45a4880183119f2d19ddcd756f6d8b949dd0f820c259420de93b5e1afd420
20,11,2,1.8231101500821671,3.2299384524632315,-1.4068283023810644,2211025,2b41c4e6e040d31814fb6f2cbaffefb81d583c3f2c1d898dee001298fb97d2f0,5eea1b6e200b7e3b50ab42f6eb6dc7b9c00139e38c42825a72314648b87cfd4a
20,11,3,1.8293277649672959,3.1757609581399096,-1.3464331931726137,2211025,f042d10661d1ae626dcc127bfc487d1069d4367506158e79305d3700a8d44ae4,0f01b4ac67e2020ed4610128889d3a4074b7ab3a5c314cffbaf6a5279f3792b2
20,11,4,1.9283728349492466,3.1822599526774766,-1.25388711772823,2211025,7968a9ab429ef695fd4fa246dd5cdcf2f337af3708a62599d8c08b9286d8702b,54741798d8f32219cea528c29a98b34fcc280d24ec4cf3ddacc081fa6b536a0f
20,11,5,1.9229395994492446,3.1933418055383678,-1.2704022060891231,2211025,3560304b1fa9af0804a211313ec7952f9460a72034febec3276e228f0861fe8e,b001c0a4f19ca739180a190ba1ff368486c4662f83d7b1b903ba3e344b7c9a39
20,11,6,1.9310489463975977,3.185845589432859,-1.2547966430352613,2211025,8aad1ffaf335dd032544bf1a51754bbad1c2a2dcd2d26291e3840424da2ae70a,5207d7a43373925e7debd676710beacd15deb04b7ee93507ec0b9bc3500b94c5
20,11,7,1.8480293404830201,3.1437520505642502,-1.29572271008123,2211025,076e3af26887cf368aba958b86c4ede8b58af005418ff9c94248013bba1b8b2c,0ddf5769288b57ea0b2630889ce1a0395073f0cc9f69f3b7580524d63fcbbfb0
20,11,8,2.0379543558260984,3.211073329884645,-1.1731189740585464,2211025,9da54c96c176702624c2dc8dede378d8964d5b712f6eabe74db5ee0a8a9be8f1,d20ea12124e9c594298f8c80bb77a77c1cc2c026deca05d4aa99af51b9714d37
20,11,9,1.7705325326404222,3.144338521470461,-1.3738059888300387,2211025,ceba4642b66cf10698292de379b00643b94597aaca86100766fdf936a3552f3a,4014013bf4b61a5fbe6f5ab23dbdaae9f433bcc14d3074553913fff84c053596
20,2,0,1.843118821009374,4.071607748191854,-2.2284889271824797,2202052,59b84ffc30e85f71e5b668b1d769a9d4d5a6c461d7dbf16671e2211287559b2f,d19e3c42064ec4a0ea15f70fc806ac48f6bb1c5e08d3db9c86b0600a41c562b2
20,2,1,1.9921684594629334,4.117910629944738,-2.125742170481805,2202052,e35ed829fd64a6ebd4e30e64319e25e4f0f7ff175617ecbadfa0a90106b47f13,7278c78e41cd091f91ea4b4092a0662bd7e25b970d847c360a5108278ea563f0
20,2,2,1.8231101500821671,4.038220579656045,-2.215110429573878,2202052,2b41c4e6e040d31814fb6f2cbaffefb81d583c3f2c1d898dee001298fb97d2f0,72e85cbd3fe53f238050cf7efc76eb1bd4404a910c5c48274ba4e75e4457c13d
20,2,3,1.8293277649672959,3.9247671775100663,-2.0954394125427704,2202052,f042d10661d1ae626dcc127bfc487d1069d4367506158e79305d3700a8d44ae4,3033c9fe6f6306e613b9302c9db1f4d8aed24debdc769a7a25081ab0dcfb6291
20,2,4,1.9283728349492466,3.99318095374706,-2.0648081187978136,2202052,7968a9ab429ef695fd4fa246dd5cdcf2f337af3708a62599d8c08b9286d8702b,c5edb44fee260b387c3e86304bb6aac13604bec3ce076a07b7792d007e7a43ef
20,2,5,1.9229395994492446,4.2022822912059405,-2.279342691756696,2202052,3560304b1fa9af0804a211313ec7952f9460a72034febec3276e228f0861fe8e,197aa2c4ec6c940eeeb87bdb5aac9bf71bfed54ac77466d5779b566ea04a5a12
20,2,6,1.9310489463975977,4.103395148164441,-2.172346201766843,2202052,8aad1ffaf335dd032544bf1a51754bbad1c2a2dcd2d26291e3840424da2ae70a,ca34c0bf933dbd3b15221cf5be49fca956184ce31dc346e6bd7fb91823c8a8c6
20,2,7,1.8480293404830201,4.05220438396902,-2.204175043486,2202052,076e3af26887cf368aba958b86c4ede8b58af005418ff9c94248013bba1b8b2c,ecc1620f07daaaf82a2efb01a23623f024377686d4f333d433a865d20daa6bf1
20,2,8,2.0379543558260984,4.103207656671129,-2.065253300845031,2202052,9da54c96c176702624c2dc8dede378d8964d5b712f6eabe74db5ee0a8a9be8f1,bcffccd23a85de9d98f8dfc33ee7fd8af1c15840696a98df5e5454017d700617
20,2,9,1.7705325326404222,4.284830393172855,-2.5142978605324324,2202052,ceba4642b66cf10698292de379b00643b94597aaca86100766fdf936a3552f3a,10ab8dfbbad2347ef15135b16e80dc334300d8b4f321163d006dc7be7e5edfd9
20,95,0,1.843118821009374,2.798889577805881,-0.9557707567965068,2294773,59b84ffc30e85f71e5b668b1d769a9d4d5a6c461d7dbf16671e2211287559b2f,05d327b73f74a393042d67019225142a833a721ca08f227b599423ca79047c4e
20,95,1,1.9921684594629334,3.04258585539566,-1.0504173959327265,2294773,e35ed829fd64a6ebd4e30e64319e25e4f0f7ff175617ecbadfa0a90106b47f13,c03b338f809715e9472df056879e022e921595efba0bea08e18c2e60c957784d
20,95,2,1.8231101500821671,2.841424163622647,-1.0183140135404798,2294773,2b41c4e6e040d31814fb6f2cbaffefb81d583c3f2c1d898dee001298fb97d2f0,19028bdb1d9f46b90d56f262fd54d6bae2af4a96bfe73b58c73e7f3a9ec28837
20,95,3,1.8293277649672959,2.8991865484615493,-1.0698587834942535,2294773,f042d10661d1ae626dcc127bfc487d1069d4367506158e79305d3700a8d44ae4,8f32562926e41707f8dc459b79c49e68eedbd6378518c73f33c198116a3cd214
20,95,4,1.9283728349492466,2.849603421490027,-0.9212305865407804,2294773,7968a9ab429ef695fd4fa246dd5cdcf2f337af3708a62599d8c08b9286d8702b,98ae273b06db3963adbfc26f0a588a7025dcb8ace45f87caf90c069f45d4b630
20,95,5,1.9229395994492446,2.8312634069226026,-0.908323807473358,2294773,3560304b1fa9af0804a211313ec7952f9460a72034febec3276e228f0861fe8e,681e34ae89ad5938bbd0db8d9279e4670721d97fb0d71dfbc0d4581cad37ab98
20,95,6,1.9310489463975977,2.8116114185579355,-0.8805624721603378,2294773,8aad1ffaf335dd032544bf1a51754bbad1c2a2dcd2d26291e3840424da2ae70a,efe0ab14e7f4e669ffaa45ba62844d464c8204aa53db2782895a3eb02591e47d
20,95,7,1.8480293404830201,2.945230372919839,-1.0972010324368189,2294773,076e3af26887cf368aba958b86c4ede8b58af005418ff9c94248013bba1b8b2c,875ffa82c1d5cc63434d12cb1d6aca81e85fa32ae23ac663aa80a518633f147e
20,95,8,2.0379543558260984,2.8547747329379107,-0.8168203771118123,2294773,9da54c96c176702624c2dc8dede378d8964d5b712f6eabe74db5ee0a8a9be8f1,5072446376280278e33d49e988b559ee28c8bb2d1b712f3b8234d4ee5b3b358a
20,95,9,1.7705325326404222,2.903422659327865,-1.132890126687443,2294773,ceba4642b66cf10698292de379b00643b94597aaca86100766fdf936a3552f3a,dee5394a9ef8b8a6f240937a1e04e1cc6d4256ebb04523818aa01f9ad4f4f0c2
20,68,0,1.843118821009374,3.8058964551119097,-1.9627776341025356,2267854,59b84ffc30e85f71e5b668b1d769a9d4d5a6c461d7dbf16671e2211287559b2f,250073c01afa054876da61f35d7b350fdbe2b4f4994d5bb9ea295b72d948c874
20,68,1,1.9921684594629334,3.883309757406495,-1.8911412979435616,2267854,e35ed829fd64a6ebd4e30e64319e25e4f0f7ff175617ecbadfa0a90106b47f13,6ac617c3a56331dcaa1c317f5aadc7445a634044e351844ee4dd57e76fa784a5
20,68,2,1.8231101500821671,3.9128594149973135,-2.089749264915146,2267854,2b41c4e6e040d31814fb6f2cbaffefb81d583c3f2c1d898dee001298fb97d2f0,b70cfa54f3abff93553bc18d16847550b5cfdbb10ccfda3250fdb17056172747
20,68,3,1.8293277649672959,3.9279497900654268,-2.098622025098131,2267854,f042d10661d1ae626dcc127bfc487d1069d4367506158e79305d3700a8d44ae4,20df6b24dcf6989ed17c0bd29135b1d767c35a0c02815d1129aa317e4d15d941
20,68,4,1.9283728349492466,3.8576869493032735,-1.9293141143540269,2267854,7968a9ab429ef695fd4fa246dd5cdcf2f337af3708a62599d8c08b9286d8702b,c028e74c142be14e4b4c4344407752b0fdae080d2fae1e00b4e2512c0a6db208
20,68,5,1.9229395994492446,3.9678010105787065,-2.044861411129462,2267854,3560304b1fa9af0804a211313ec7952f9460a72034febec3276e228f0861fe8e,5458296397a2dd47ddacebfdb4cbac3112100ff814224aff8ba30caac0f98973
20,68,6,1.9310489463975977,3.8489396222505796,-1.917890675852982,2267854,8aad1ffaf335dd032544bf1a51754bbad1c2a2dcd2d26291e3840424da2ae70a,9c75c2259a479c81d2a8eca7d750a5e8f0da9e60edc266b16dd31395eab37460
20,68,7,1.8480293404830201,3.8996972979210485,-2.0516679574380285,2267854,076e3af26887cf368aba958b86c4ede8b58af005418ff9c94248013bba1b8b2c,eb88bbe1b0317b72393618ff6f953630ec0ca32d115aa20eb07df7db29be303f
20,68,8,2.0379543558260984,3.8883398045424156,-1.8503854487163172,2267854,9da54c96c176702624c2dc8dede378d8964d5b712f6eabe74db5ee0a8a9be8f1,bba28988c184faedec989ffaeff1ef2b7608dda4ac00278cb02f54af3514b2c7
20,68,9,1.7705325326404222,3.8658135613214064,-2.095281028680984,2267854,ceba4642b66cf10698292de379b00643b94597aaca86100766fdf936a3552f3a,ed5a6e53cdb6d4fdb3d4dc53c9a5fc5659735276f3189ab5f3f16302dbd47e2f
20,28,0,1.843118821009374,2.242590873288628,-0.39947205227925386,2227974,59b84ffc30e85f71e5b668b1d769a9d4d5a6c461d7dbf16671e2211287559b2f,e5193b8db2f9087809dff9c2b34b1ee6e095b005f1d13d2d5f2054eb69d174e4
20,28,1,1.9921684594629334,2.1805490112287846,-0.18838055176585122,2227974,e35ed829fd64a6ebd4e30e64319e25e4f0f7ff175617ecbadfa0a90106b47f13,9d5761ad85649de8af079beec9de1eea0e14db8307185c07a86479977aa61561
20,28,2,1.8231101500821671,2.344915968440506,-0.5218058183583387,2227974,2b41c4e6e040d31814fb6f2cbaffefb81d583c3f2c1d898dee001298fb97d2f0,f0eda02f710223c3481e064ab88b882afca4dadffe153900df53916d875d301c
20,28,3,1.8293277649672959,2.28628953614513,-0.4569617711778342,2227974,f042d10661d1ae626dcc127bfc487d1069d4367506158e79305d3700a8d44ae4,b60f849a9fe9da9885a84bbf6527d5b02ee4568189ae1afc4481d9ff76039ea3
20,28,4,1.9283728349492466,2.338497783933991,-0.4101249489847443,2227974,7968a9ab429ef695fd4fa246dd5cdcf2f337af3708a62599d8c08b9286d8702b,14ff2a634e62765024ffde089b346e7f2804ba29c864fc6884feed8f5e6f4ae8
20,28,5,1.9229395994492446,2.2564583774455502,-0.3335187779963056,2227974,3560304b1fa9af0804a211313ec7952f9460a72034febec3276e228f0861fe8e,1d3676288776e5d79873f08e8df347121da97112b70577a2772810dda6333f1e
20,28,6,1.9310489463975977,2.32878120418354,-0.39773225778594234,2227974,8aad1ffaf335dd032544bf1a51754bbad1c2a2dcd2d26291e3840424da2ae70a,1536a87755cce1518c34bfc651b7f2c566d1f179d991eead09d924874bfff7b3
20,28,7,1.8480293404830201,2.2037330885818256,-0.35570374809880545,2227974,076e3af26887cf368aba958b86c4ede8b58af005418ff9c94248013bba1b8b2c,e0db9621a51cf217ebec1b2c5b25a3731c27aa9406f65f17bdda956be7e0a563
20,28,8,2.0379543558260984,2.3234038770467293,-0.28544952122063094,2227974,9da54c96c176702624c2dc8dede378d8964d5b712f6eabe74db5ee0a8a9be8f1,8e80662eaffd3024fcc102d8393efa5fb7d2596f69e0551cdc94b473a25afc1f
20,28,9,1.7705325326404222,2.229313249942251,-0.458780717301829,2227974,ceba4642b66cf10698292de379b00643b94597aaca86100766fdf936a3552f3a,f4f7d286eae960f8942c3536b736ad3b63d1250f7c1553e24c007980a8e1f46d
20,60,0,1.843118821009374,2.0127813922278777,-0.1696625712185036,2259878,59b84ffc30e85f71e5b668b1d769a9d4d5a6c461d7dbf16671e2211287559b2f,81291aa82aba98c1f640639bebf3c7b82c967aed5bed701627446b003be48c24
20,60,1,1.9921684594629334,2.0551655699738403,-0.06299711051090684,2259878,e35ed829fd64a6ebd4e30e64319e25e4f0f7ff175617ecbadfa0a90106b47f13,b04e9fe7376e8cfe498fc2f34e31fb5e193c626832e1faacd0170472a9b5a643
20,60,2,1.8231101500821671,1.9902300862051754,-0.16711993612300824,2259878,2b41c4e6e040d31814fb6f2cbaffefb81d583c3f2c1d898dee001298fb97d2f0,e1c9e7c5c07d3cf18996609590b524584604bc77fde3f56a2092d4574e615b85
20,60,3,1.8293277649672959,2.009412996690206,-0.18008523172291024,2259878,f042d10661d1ae626dcc127bfc487d1069d4367506158e79305d3700a8d44ae4,b22490b60eb89633c24fe70a28bf2498c5b0330c6d5cc592d844d4d9eb001929
20,60,4,1.9283728349492466,2.0263327384744114,-0.09795990352516482,2259878,7968a9ab429ef695fd4fa246dd5cdcf2f337af3708a62599d8c08b9286d8702b,7454843cbe0c23e73fe1569fec7956522b3d7f0a9e73a5202e7f1d1955018b65
20,60,5,1.9229395994492446,2.0355229431840836,-0.11258334373483891,2259878,3560304b1fa9af0804a211313ec7952f9460a72034febec3276e228f0861fe8e,b2f3f238b9a22946c87cc31184eefbadda628f674418c6d1e424ccc5b666414e
20,60,6,1.9310489463975977,1.9883585827864092,-0.05730963638881148,2259878,8aad1ffaf335dd032544bf1a51754bbad1c2a2dcd2d26291e3840424da2ae70a,139374d16542b508001234110b60a37f5e5308a86a2b09cee3df0cc143cdf521
20,60,7,1.8480293404830201,2.001677969136346,-0.15364862865332607,2259878,076e3af26887cf368aba958b86c4ede8b58af005418ff9c94248013bba1b8b2c,7b31507c5da570f58e87baca027323d205900ac49c4784a0ae984d0539e75d83
20,60,8,2.0379543558260984,2.0639123158379222,-0.025957960011823822,2259878,9da54c96c176702624c2dc8dede378d8964d5b712f6eabe74db5ee0a8a9be8f1,c137ca02c494988beb60472193b016d2aff7521d822cd7b833017b1d8c119e68
20,60,9,1.7705325326404222,1.9919683806850712,-0.221435848044649,2259878,ceba4642b66cf10698292de379b00643b94597aaca86100766fdf936a3552f3a,1748ab7bb090fcd8133a6b5a8b3901abf5356e64ad241b3360de3204c4100f2d
20,14,0,1.843118821009374,4.050249291660358,-2.207130470650984,2214016,59b84ffc30e85f71e5b668b1d769a9d4d5a6c461d7dbf16671e2211287559b2f,677714fe313f96055a56b9465763fcca6ff2ba18b6aebf14b94449e26fc01753
20,14,1,1.9921684594629334,4.310423380410641,-2.3182549209477075,2214016,e35ed829fd64a6ebd4e30e64319e25e4f0f7ff175617ecbadfa0a90106b47f13,3218d70c897467f76a82bbd2393f21c01c97bfdb7864efc97a86deeb7d502162
20,14,2,1.8231101500821671,4.110397569058989,-2.287287418976822,2214016,2b41c4e6e040d31814fb6f2cbaffefb81d583c3f2c1d898dee001298fb97d2f0,15cb77c249333a63c4ad775d0d22b52ed8cbb99810f7cbffc6a17c503fb7639f
20,14,3,1.8293277649672959,4.152187534282967,-2.322859769315671,2214016,f042d10661d1ae626dcc127bfc487d1069d4367506158e79305d3700a8d44ae4,9ea77e3655cd3a88b88a032b1d999940a7e329d326e8d088b4b7856d5a4b6aac
20,14,4,1.9283728349492466,4.0820121639580025,-2.153639329008756,2214016,7968a9ab429ef695fd4fa246dd5cdcf2f337af3708a62599d8c08b9286d8702b,36afd3255916e5cc36fe8d98f2865ab580ae753fd7f0d376d6993d5426a816b7
20,14,5,1.9229395994492446,4.089496092174718,-2.1665564927254737,2214016,3560304b1fa9af0804a211313ec7952f9460a72034febec3276e228f0861fe8e,9ef5240267c9326d8e651f5ebf32cec853d33ffbfb91b1a358c8906a1e7b0392
20,14,6,1.9310489463975977,4.133450585032103,-2.202401638634505,2214016,8aad1ffaf335dd032544bf1a51754bbad1c2a2dcd2d26291e3840424da2ae70a,43a410b9eb1824fbaa60c0d203db3d65547b7588d31b18862d343eebb60ee57c
20,14,7,1.8480293404830201,4.17556446286534,-2.3275351223823204,2214016,076e3af26887cf368aba958b86c4ede8b58af005418ff9c94248013bba1b8b2c,3dcb5960c08b4301859682a89e0d587bd02ec9e80254b49d872afecf7b4b9ebe
20,14,8,2.0379543558260984,4.134421252436319,-2.0964668966102202,2214016,9da54c96c176702624c2dc8dede378d8964d5b712f6eabe74db5ee0a8a9be8f1,500e552dea0224c3d886d1c19279894067d9fd4a0cbf312e5c39748daa6d2cc3
20,14,9,1.7705325326404222,4.145150784971846,-2.3746182523314237,2214016,ceba4642b66cf10698292de379b00643b94597aaca86100766fdf936a3552f3a,f8a05b071bb809f246877ae7a34745b214a64802f8e9830c27fe22794703ccfb
40,83,0,1.7544593651780755,1.912677857342313,-0.15821849216423756,4282869,0c3ecd3622aaaf88e35276981e99a264b480c04529f43166c6e1d8c497ddf282,a84afdaa72b9b3eed602254077059c0859d70ed53e4157daca1418df538af196
40,83,1,2.012627956621562,1.9237645962443868,0.08886336037717535,4282869,8bb1dd79db951e95b6cf962f1628ca1b2a90dcfb00d6ce146e3825089c9ee445,1433cfe84ef3bea0a54e68d421e60d49ad1b08af3ecc0205a1b600e39c7230c2
40,83,2,1.6293792157667415,1.9421061270470361,-0.3127269112802946,4282869,323d4b6bc405058a6a074565ac5bd2fb8b9746fa9e9cbbcb026b1557c2fb3aa5,8196c5e3b9ad4ffc8ec55b4bed02a5e29fb52d2bba734fd0dcd08f9713afcabf
40,83,3,1.5547583888811831,1.8684350994974783,-0.3136767106162952,4282869,71687079e9abcd1c815683bf31766e1af335df6beab3575e9c945d6be9714d0f,b690721ba268fe85e60b662bd7e57a57e836c7cbe577d510863c9a6a824d30a9
40,83,4,1.5680617074527354,1.8728540078597327,-0.30479230040699723,4282869,e5983795b4bc9f94ba0119533b1334b3cfd2044e5213067c66c9e4bd7065096d,29d945fbb902bed4c3c93423049085f8fe270df281aac9a024fdbc2f59d5dd6e
40,83,5,1.5295900578630135,1.9026351097402623,-0.3730450518772488,4282869,c005ea4b371eece7598ff63d2ffe5c917c2ea1deb5b0fd757775097c3dfcd88d,0acd64525590ee1a6e5ae5f76858e3d2af4cd678ce41122987cfe10b517fb7f3
40,83,6,1.5772442085168041,1.8853140926671237,-0.30806988415031955,4282869,0d21b0ee52cced968394ceffac95939656f7df17e40bddb5d8d1cd590f0ec7d5,0242408bfaafb6b87a125859391fd6f07574d7b42e92cc1adea768a68478cb2c
40,83,7,1.5642303370955695,1.9196887020286746,-0.3554583649331051,4282869,14764114e7d75b937a0404036a520f62bd788ed29406357937ed0ccab1120bbd,efddd09e9d880de830f9a5e59fa7843478aec00d38e5bd9e16f151fb5265b1f2
40,83,8,1.5858690398788606,1.9634209882156004,-0.3775519483367398,4282869,54cbb618aa79e38e7cc9455540c03ad239f565927862706215bbe1c7e53a44c3,704ad685d4852d871a22f1bb400eda97986b77acf2e730cedde5c33ae18083b7
40,83,9,1.4909626256702617,1.8936957335457016,-0.4027331078754399,4282869,09e91b32f125e2cfc2aea596f99a386e83c7baa7bef8d95b251a8fa27dba3568,f3ea6418224d78d99e3d09a8d4d85ecedc51efc059126eba75ee3c9ce5d4ecfe
40,93,0,1.7544593651780755,3.9345237869562952,-2.1800644217782197,4292839,0c3ecd3622aaaf88e35276981e99a264b480c04529f43166c6e1d8c497ddf282,d9fb6b309ce723a16dd9629250ad1b62b529e640aeae1a92ab1a1243ad09127f
40,93,1,2.012627956621562,3.979189669119444,-1.966561712497882,4292839,8bb1dd79db951e95b6cf962f1628ca1b2a90dcfb00d6ce146e3825089c9ee445,79772866dddde54feec56e12790c1d5514da627b1186bf08dcf4604094cfb101
40,93,2,1.6293792157667415,3.929121368338477,-2.2997421525717354,4292839,323d4b6bc405058a6a074565ac5bd2fb8b9746fa9e9cbbcb026b1557c2fb3aa5,9e210d755ef9a3491802e5933a1ddc2215ea3d01be08919d213ed032fee4310f
40,93,3,1.5547583888811831,3.9111968049307695,-2.3564384160495866,4292839,71687079e9abcd1c815683bf31766e1af335df6beab3575e9c945d6be9714d0f,7b84179154938164cda10a51bcab5de1cf928de80e32888cfb729bfed3761132
40,93,4,1.5680617074527354,3.9854145217567503,-2.4173528143040146,4292839,e5983795b4bc9f94ba0119533b1334b3cfd2044e5213067c66c9e4bd7065096d,0b9979318b8d5d0363a270d54b53eb90bb66ad545bb3e3fa6f3f760533373c0e
40,93,5,1.5295900578630135,3.9295217605210238,-2.3999317026580105,4292839,c005ea4b371eece7598ff63d2ffe5c917c2ea1deb5b0fd757775097c3dfcd88d,d61c195969c7fa656448efcad073f69b26799dddb48d8dc866f86c693484e55f
40,93,6,1.5772442085168041,3.9464656889193575,-2.3692214804025533,4292839,0d21b0ee52cced968394ceffac95939656f7df17e40bddb5d8d1cd590f0ec7d5,9672a975195559fbfded814a4972e5abde98c6a6a4310a639c9ea546de6c8aac
40,93,7,1.5642303370955695,3.9824473646387175,-2.418217027543148,4292839,14764114e7d75b937a0404036a520f62bd788ed29406357937ed0ccab1120bbd,90649a564bfb8bb92e290ac3e9ef6e33f1ea6c4f0626e076a7320990bbfa584f
40,93,8,1.5858690398788606,3.9082568346813114,-2.3223877948024505,4292839,54cbb618aa79e38e7cc9455540c03ad239f565927862706215bbe1c7e53a44c3,d613f9cd0e0ab361b642467ab81d4d75781244568ffd141846aa3bf46b599a47
40,93,9,1.4909626256702617,3.8888731529930336,-2.3979105273227717,4292839,09e91b32f125e2cfc2aea596f99a386e83c7baa7bef8d95b251a8fa27dba3568,12dde8ef92119e5dccd3f064c4787f5a6efc7578fbb316e05c7d9c57c6603091
40,34,0,1.7544593651780755,3.194622365719991,-1.4401630005419155,4234016,0c3ecd3622aaaf88e35276981e99a264b480c04529f43166c6e1d8c497ddf282,35d3485f36d1b5df1eca2eaa82742b898287d0adfdb0abc53c8b7c885559d444
40,34,1,2.012627956621562,3.6051428779516814,-1.5925149213301193,4234016,8bb1dd79db951e95b6cf962f1628ca1b2a90dcfb00d6ce146e3825089c9ee445,d01dc9bfd59c5d3ab9c946afaa284569b3842d7b5670cf0809597404c230eed9
40,34,2,1.6293792157667415,4.798095123357438,-3.1687159075906965,4234016,323d4b6bc405058a6a074565ac5bd2fb8b9746fa9e9cbbcb026b1557c2fb3aa5,cd076725e2b991f50df4efd1ee5db4b15333d7b7022e78f92f98f75f2d7f0d52
40,34,3,1.5547583888811831,2.9406748381217787,-1.3859164492405955,4234016,71687079e9abcd1c815683bf31766e1af335df6beab3575e9c945d6be9714d0f,975ed9194bf363d0ea64a2f0090ef794fcfc8be1cda870ceb23124e4fd83f4f2
40,34,4,1.5680617074527354,3.229762654007231,-1.6617009465544956,4234016,e5983795b4bc9f94ba0119533b1334b3cfd2044e5213067c66c9e4bd7065096d,9b38eaf8fac9168a2a692910e63899565c9296454512887226629defcb765368
40,34,5,1.5295900578630135,4.468031806307418,-2.9384417484444043,4234016,c005ea4b371eece7598ff63d2ffe5c917c2ea1deb5b0fd757775097c3dfcd88d,4ac7060a3b96237420f3c1ccd47cc9987b6b868d10687392df219a5085877b39
40,34,6,1.5772442085168041,3.04221606875619,-1.4649718602393857,4234016,0d21b0ee52cced968394ceffac95939656f7df17e40bddb5d8d1cd590f0ec7d5,18b87885886e4c387a7b9ed14b3f2366b2a262793478beb3009092b67fbaab20
40,34,7,1.5642303370955695,7.473246833073132,-5.909016495977562,4234016,14764114e7d75b937a0404036a520f62bd788ed29406357937ed0ccab1120bbd,997310c81fe1e502ff2b8e4d5b8f3ae883f9ae7fe2176d82f71e10dc758eb90f
40,34,8,1.5858690398788606,4.2870192226545605,-2.7011501827756996,4234016,54cbb618aa79e38e7cc9455540c03ad239f565927862706215bbe1c7e53a44c3,333b31ab7c9a405d4c77e3608622ae636aa81ba201d98b1966aebc31984f3b50
40,34,9,1.4909626256702617,3.949380257621132,-2.45841763195087,4234016,09e91b32f125e2cfc2aea596f99a386e83c7baa7bef8d95b251a8fa27dba3568,a293d557510df2f39402087dd85d773316864c8d9e0e52e2053d41c210b8bf55
40,60,0,1.7544593651780755,1.8493851652824245,-0.09492580010434892,4259938,0c3ecd3622aaaf88e35276981e99a264b480c04529f43166c6e1d8c497ddf282,b2fd44b3dc0aba7d6b9854262b7aab4cd8d52d8401d89d8913808c22252ab819
40,60,1,2.012627956621562,1.8467412953012148,0.16588666132034735,4259938,8bb1dd79db951e95b6cf962f1628ca1b2a90dcfb00d6ce146e3825089c9ee445,4a22553dd9bcff13220df1834ed2cf44b0e20d556c122adea563be60b0a3b86d
40,60,2,1.6293792157667415,1.8541352153586883,-0.2247559995919468,4259938,323d4b6bc405058a6a074565ac5bd2fb8b9746fa9e9cbbcb026b1557c2fb3aa5,d7dc84ed717d2f1284c56855fcd94e4f1a608617795f6554287dbd6dbcbcb3dd
40,60,3,1.5547583888811831,1.9137833855914532,-0.3590249967102701,4259938,71687079e9abcd1c815683bf31766e1af335df6beab3575e9c945d6be9714d0f,42c47098091fad1ba8d427538ee4317015b9efdf8cc77047cbe0af875bead057
40,60,4,1.5680617074527354,1.9313514193543642,-0.36328971190162873,4259938,e5983795b4bc9f94ba0119533b1334b3cfd2044e5213067c66c9e4bd7065096d,a6388b6791be73b5083019a86e0d008a3978d2614588679c76547fad0da8235d
40,60,5,1.5295900578630135,1.8878080721341275,-0.358218014271114,4259938,c005ea4b371eece7598ff63d2ffe5c917c2ea1deb5b0fd757775097c3dfcd88d,5b60d5ebb68932483f95af4e1d317748b1b48c96202c1c0b76ba4da8a99e34ea
40,60,6,1.5772442085168041,1.8430186393827093,-0.26577443086590513,4259938,0d21b0ee52cced968394ceffac95939656f7df17e40bddb5d8d1cd590f0ec7d5,dd4d707af753eb5888236da45652437104d598207df37291813115c0bbbec84d
40,60,7,1.5642303370955695,1.8675454519450063,-0.30331511484943685,4259938,14764114e7d75b937a0404036a520f62bd788ed29406357937ed0ccab1120bbd,255f4ad0915b6e7a8de27c4d4b4ea6d4cec583d6f5f40cefc4739dae0d3e4084
40,60,8,1.5858690398788606,1.8624176022206085,-0.27654856234174785,4259938,54cbb618aa79e38e7cc9455540c03ad239f565927862706215bbe1c7e53a44c3,e57fde46e08da46530ad850f47033d19ccf7cb584a2b39bfa418245a2b697cd3
40,60,9,1.4909626256702617,1.8943715824318343,-0.4034089567615726,4259938,09e91b32f125e2cfc2aea596f99a386e83c7baa7bef8d95b251a8fa27dba3568,68676e6bd1a4a75cb6c28668789f8d3e05dc6dbe3a1a530932b8427b745c4ca9
40,90,0,1.7544593651780755,2.8665641252792238,-1.1121047601011482,4289848,0c3ecd3622aaaf88e35276981e99a264b480c04529f43166c6e1d8c497ddf282,46bd2f3bd1dadf0ec84e0bf3142181e41e8af0b1feb0a30e98d9e585222357ed
40,90,1,2.012627956621562,2.921823903872958,-0.909195947251396,4289848,8bb1dd79db951e95b6cf962f1628ca1b2a90dcfb00d6ce146e3825089c9ee445,a37708ed499276ad3189f343eda36a808a4f2660d9e03d160e7b7c55e4fecd55
40,90,2,1.6293792157667415,2.844126738411962,-1.2147475226452205,4289848,323d4b6bc405058a6a074565ac5bd2fb8b9746fa9e9cbbcb026b1557c2fb3aa5,21462c303e895a782f058bba1b29562fbaf30d45b5ba11504edfaae157125b87
40,90,3,1.5547583888811831,2.8546758603056586,-1.2999174714244754,4289848,71687079e9abcd1c815683bf31766e1af335df6beab3575e9c945d6be9714d0f,ec2a286032d214735374a7d0f299aa42fc606d7bc60b453e77e74bc06501bf1e
40,90,4,1.5680617074527354,2.8173405835400636,-1.2492788760873281,4289848,e5983795b4bc9f94ba0119533b1334b3cfd2044e5213067c66c9e4bd7065096d,e8e9e823f150d5b5c4db5eac4e13208425b8d521b5bfbd1235c2678696b80667
40,90,5,1.5295900578630135,2.834220476019169,-1.3046304181561557,4289848,c005ea4b371eece7598ff63d2ffe5c917c2ea1deb5b0fd757775097c3dfcd88d,f7f9d7619d1d81075e558099df0137a1dcf7dc9d0b2fd7b09b43b299ade1821a
40,90,6,1.5772442085168041,2.882970664423149,-1.305726455906345,4289848,0d21b0ee52cced968394ceffac95939656f7df17e40bddb5d8d1cd590f0ec7d5,9eafbc8b8653982d9913dfbdbca7fa9e8f1ee4d84ec783e275334bece25e1cbe
40,90,7,1.5642303370955695,2.87825170381243,-1.3140213667168603,4289848,14764114e7d75b937a0404036a520f62bd788ed29406357937ed0ccab1120bbd,123feb865a8bb1cb69d38c4b54524373b3127fc5adc99d510aa6d12677fc05ca
40,90,8,1.5858690398788606,2.831462396913764,-1.2455933570349031,4289848,54cbb618aa79e38e7cc9455540c03ad239f565927862706215bbe1c7e53a44c3,31dec2fe4d0a8559f0ea68efc8941f657f99528527df46fc159b31e8df1191fc
40,90,9,1.4909626256702617,2.8387989920047536,-1.3478363663344919,4289848,09e91b32f125e2cfc2aea596f99a386e83c7baa7bef8d95b251a8fa27dba3568,02d3666479d4c0abbd4f8b8e30325e647d70736e2c99f3e769d3dc6ce7abc5bf
40,45,0,1.7544593651780755,2.1466507632458027,-0.3921913980677272,4244983,0c3ecd3622aaaf88e35276981e99a264b480c04529f43166c6e1d8c497ddf282,7b266c6855b879db3e580d4c96e80935e897585b2faa3746ac1babf3f21c1429
40,45,1,2.012627956621562,2.118528827138593,-0.10590087051703101,4244983,8bb1dd79db951e95b6cf962f1628ca1b2a90dcfb00d6ce146e3825089c9ee445,fbd56fd031ce65b11550740dbce0e1400093c80553505b6026ec41b73cbfeeca
40,45,2,1.6293792157667415,2.0897389868864797,-0.46035977111973825,4244983,323d4b6bc405058a6a074565ac5bd2fb8b9746fa9e9cbbcb026b1557c2fb3aa5,c0f919b522ad759b5d5d170065a4675c2dd7dad6783dc9df504f344c58512850
40,45,3,1.5547583888811831,2.095123446429394,-0.5403650575482108,4244983,71687079e9abcd1c815683bf31766e1af335df6beab3575e9c945d6be9714d0f,46f6ccd2050822a9b3afed5928d3f3f044d2097d2c63a4439fff6fe8d3bff634
40,45,4,1.5680617074527354,2.123944073804491,-0.5558823663517554,4244983,e5983795b4bc9f94ba0119533b1334b3cfd2044e5213067c66c9e4bd7065096d,45956b31f357fb526c5a9395f4428b34816211b8f8f9a3de464c6e58b6da71ee
40,45,5,1.5295900578630135,2.122867558063197,-0.5932775002001833,4244983,c005ea4b371eece7598ff63d2ffe5c917c2ea1deb5b0fd757775097c3dfcd88d,fce2f1e5a8385da68a7f3aba878eb9191e78b82af2cc279b3c10a8a46f395e33
40,45,6,1.5772442085168041,2.077891105755336,-0.5006468972385321,4244983,0d21b0ee52cced968394ceffac95939656f7df17e40bddb5d8d1cd590f0ec7d5,1e24d2ddf63201426b8d8da8c237f39a830d602e78ff5e588b08cdc2bed41f40
40,45,7,1.5642303370955695,2.103534191404467,-0.5393038543088977,4244983,14764114e7d75b937a0404036a520f62bd788ed29406357937ed0ccab1120bbd,c4c3e8138c491622b5c07a1ab91e27d68d6e2cfb1f50de8b05a754344f5545cf
40,45,8,1.5858690398788606,2.070020686645445,-0.4841516467665843,4244983,54cbb618aa79e38e7cc9455540c03ad239f565927862706215bbe1c7e53a44c3,6124bc6b0fc77eaa679bfbe7b50283a2429b41e5f3e0b3cb267ae9a34f07d2c6
40,45,9,1.4909626256702617,2.0438700629336797,-0.552907437263418,4244983,09e91b32f125e2cfc2aea596f99a386e83c7baa7bef8d95b251a8fa27dba3568,f460201a263dfb4cc01252095fb2354c67d24424685b5f56e4ef1371b1d37477
40,42,0,1.7544593651780755,3.870300079159029,-2.1158407139809534,4241992,0c3ecd3622aaaf88e35276981e99a264b480c04529f43166c6e1d8c497ddf282,dacef4f52ba8d6c9a9e8bad38b938b59bb444eea969df0342895a61898914fc6
40,42,1,2.012627956621562,3.723304375885912,-1.7106764192643498,4241992,8bb1dd79db951e95b6cf962f1628ca1b2a90dcfb00d6ce146e3825089c9ee445,0261c3bd519bf86d830168077120810aba1f1f04c6d912bb05f3c332c6dcdc5c
40,42,2,1.6293792157667415,3.8539644353849893,-2.224585219618248,4241992,323d4b6bc405058a6a074565ac5bd2fb8b9746fa9e9cbbcb026b1557c2fb3aa5,1ed58a98d0359bca0bea2d2e93d3222bb0db6f88f484fd3648954a0e756e8f7f
40,42,3,1.5547583888811831,3.738751398168933,-2.18399300928775,4241992,71687079e9abcd1c815683bf31766e1af335df6beab3575e9c945d6be9714d0f,a669ec31ed46ffa6e490566cee876cf6f6cb493325f5dfa336b50e1a3aeeb9af
40,42,4,1.5680617074527354,3.750049809883061,-2.181988102430325,4241992,e5983795b4bc9f94ba0119533b1334b3cfd2044e5213067c66c9e4bd7065096d,4398e13bcebfd98b12aacf6b92942953fe2cd9d8f0fbd41b72c292412a058db2
40,42,5,1.5295900578630135,3.6920473351770404,-2.1624572773140267,4241992,c005ea4b371eece7598ff63d2ffe5c917c2ea1deb5b0fd757775097c3dfcd88d,30614c34b481eb3d160566488c971a8d13dbf17e2c38cb08c961938bffa21cd8
40,42,6,1.5772442085168041,3.742846642849714,-2.16560243433291,4241992,0d21b0ee52cced968394ceffac95939656f7df17e40bddb5d8d1cd590f0ec7d5,f98bf41a23485053a776460e4c5b086ec88b3892cb9d53b047a8be4aa01d6d07
40,42,7,1.5642303370955695,3.711636186206697,-2.1474058491111276,4241992,14764114e7d75b937a0404036a520f62bd788ed29406357937ed0ccab1120bbd,67b749beb136778aa4bdafdfef685851c15545a95780cc71f4c828e9e84c32b8
40,42,8,1.5858690398788606,3.8302144104381757,-2.244345370559315,4241992,54cbb618aa79e38e7cc9455540c03ad239f565927862706215bbe1c7e53a44c3,c672284d0b902e39c1b3ba03160c19c8cf04a3e38bf18096f80d61599e3c4da0
40,42,9,1.4909626256702617,3.637210166363032,-2.1462475406927704,4241992,09e91b32f125e2cfc2aea596f99a386e83c7baa7bef8d95b251a8fa27dba3568,479059056a553d7ae03ad38077e159cae179b4b5c1dab9a43b2872ff640eceb2
40,41,0,1.7544593651780755,3.7834805114595893,-2.0290211462815138,4240995,0c3ecd3622aaaf88e35276981e99a264b480c04529f43166c6e1d8c497ddf282,b4ef7bc362e30663393090686f9ebf3dd0c40405ede6307222e4400839483993
40,41,1,2.012627956621562,3.715212223395511,-1.702584266773949,4240995,8bb1dd79db951e95b6cf962f1628ca1b2a90dcfb00d6ce146e3825089c9ee445,b6588e8d9120397e3c78378d4d8744a75e44d7fb8e265f7d1c697cffd0cf9cff
40,41,2,1.6293792157667415,3.7214787262046913,-2.09209951043795,4240995,323d4b6bc405058a6a074565ac5bd2fb8b9746fa9e9cbbcb026b1557c2fb3aa5,db8a842bed9445ebcf59e42575e5fac78cc344daad8c118c0f342e4502e9ea39
40,41,3,1.5547583888811831,3.7310352888848213,-2.1762769000036384,4240995,71687079e9abcd1c815683bf31766e1af335df6beab3575e9c945d6be9714d0f,9a6114da1a52e49b8723d929dcff059df1de0ea6518b405330925e012e6c57cd
40,41,4,1.5680617074527354,3.6913356016663545,-2.123273894213619,4240995,e5983795b4bc9f94ba0119533b1334b3cfd2044e5213067c66c9e4bd7065096d,e237442406ae28745f18eccb4d04b07efc980a9f8060c10d70ec026f706aec9b
40,41,5,1.5295900578630135,3.686526507193883,-2.1569364493308694,4240995,c005ea4b371eece7598ff63d2ffe5c917c2ea1deb5b0fd757775097c3dfcd88d,05d22d3d2fa45ca95e8e4658d092a4b807aa4cdd5e79a0511d1c7e7f412a46c5
40,41,6,1.5772442085168041,3.713983877683072,-2.1367396691662677,4240995,0d21b0ee52cced968394ceffac95939656f7df17e40bddb5d8d1cd590f0ec7d5,abcefd615680190695f750943c7e6afa47b3d1c3d6ba68f62d8d6d30c955aec7
40,41,7,1.5642303370955695,3.751796140571362,-2.1875658034757923,4240995,14764114e7d75b937a0404036a520f62bd788ed29406357937ed0ccab1120bbd,76be6bab8bb14e9e82d7e37deb8919a1bf2f9053d4cc5038ad7c8586f0981cb4
40,41,8,1.5858690398788606,3.769000124336994,-2.1831310844581333,4240995,54cbb618aa79e38e7cc9455540c03ad239f565927862706215bbe1c7e53a44c3,1a8c349395944abf75740c8e9a2b8d83fc3501825383cae9e3588da8d4ebc155
40,41,9,1.4909626256702617,3.709906205839201,-2.218943580168939,4240995,09e91b32f125e2cfc2aea596f99a386e83c7baa7bef8d95b251a8fa27dba3568,016ab22197e59e8bac316c13706c3976df8cd0e816ff96bbc719b79806cb5746
40,91,0,1.7544593651780755,3.6419641593680936,-1.887504794190018,4290845,0c3ecd3622aaaf88e35276981e99a264b480c04529f43166c6e1d8c497ddf282,b1dde2011cd7e02ff7a8eaa7e955b01506e43c85976bf03ce04ef5542bfe173c
40,91,1,2.012627956621562,3.5984741175029713,-1.5858461608814092,4290845,8bb1dd79db951e95b6cf962f1628ca1b2a90dcfb00d6ce146e3825089c9ee445,07f7ae447db0d8481c530008881263bc5f9e8c07eb9895770bd9eb27dbdf819a
40,91,2,1.6293792157667415,3.5782323451068514,-1.94885312934011,4290845,323d4b6bc405058a6a074565ac5bd2fb8b9746fa9e9cbbcb026b1557c2fb3aa5,7d0f4ab21239d1c92997092f2370d4b52d4f1fc2355ff530b37d6a37cac4f7e6
40,91,3,1.5547583888811831,3.5805660325177033,-2.0258076436365204,4290845,71687079e9abcd1c815683bf31766e1af335df6beab3575e9c945d6be9714d0f,9f0c39c18f09106be97747722146a29e099c3a0ae6ea78bdb905da082ae82433
40,91,4,1.5680617074527354,3.595412508496553,-2.0273508010438173,4290845,e5983795b4bc9f94ba0119533b1334b3cfd2044e5213067c66c9e4bd7065096d,a014c5e693782f73eeb64d801181f806d31b8a0c908d197500f8cf89c05a41f5
40,91,5,1.5295900578630135,3.6665730628452082,-2.136983004982195,4290845,c005ea4b371eece7598ff63d2ffe5c917c2ea1deb5b0fd757775097c3dfcd88d,4547b813263df64a15d200b65613ac034efb617c5adea456ae98e6cc3b8f4b13
40,91,6,1.5772442085168041,3.580983807005074,-2.00373959848827,4290845,0d21b0ee52cced968394ceffac95939656f7df17e40bddb5d8d1cd590f0ec7d5,eb11aa48ee1c9952e220fe55e1edb11a4e1ac810f3db183d0c01b4fc769f8bf2
40,91,7,1.5642303370955695,3.598787051531486,-2.0345567144359165,4290845,14764114e7d75b937a0404036a520f62bd788ed29406357937ed0ccab1120bbd,8c7618bcdde226334024b5f4a70274b25409a9effaa5ffdd800bc1be61c49217
40,91,8,1.5858690398788606,3.5830819111781795,-1.997212871299319,4290845,54cbb618aa79e38e7cc9455540c03ad239f565927862706215bbe1c7e53a44c3,d65397bc072c87fae0e05a9b7bd934459affe187069b300a22433edf8c8b66ff
40,91,9,1.4909626256702617,3.4898893075642246,-1.9989266818939628,4290845,09e91b32f125e2cfc2aea596f99a386e83c7baa7bef8d95b251a8fa27dba3568,13aa7cc5f45618b3f4594466d41471c44b1dc03a12d0989caf74d5984750fc58
40,36,0,1.7544593651780755,3.622809122124941,-1.8683497569468654,4236010,0c3ecd3622aaaf88e35276981e99a264b480c04529f43166c6e1d8c497ddf282,ca82500e327a3947d6a3e72775889697628a05ce7888c3a0bffc6e618f650d9b
40,36,1,2.012627956621562,3.64128872398013,-1.6286607673585678,4236010,8bb1dd79db951e95b6cf962f1628ca1b2a90dcfb00d6ce146e3825089c9ee445,ad7cbe6fd6a895a6ea6bc47d8a247d457c992098c7e8f8cc94658e2a225485a7
40,36,2,1.6293792157667415,3.5212976799687357,-1.8919184642019942,4236010,323d4b6bc405058a6a074565ac5bd2fb8b9746fa9e9cbbcb026b1557c2fb3aa5,b2de5cf22ac5a551047e46c88891feaeaef9e15920f9157027fd2e1e499070d7
40,36,3,1.5547583888811831,3.6126393170737545,-2.0578809281925716,4236010,71687079e9abcd1c815683bf31766e1af335df6beab3575e9c945d6be9714d0f,146d0b9b076c0c07d7ea646eb1a8407c271b712640c4de1e6f8ba57b18818fad
40,36,4,1.5680617074527354,3.641480783041151,-2.073419075588416,4236010,e5983795b4bc9f94ba0119533b1334b3cfd2044e5213067c66c9e4bd7065096d,3e3f9c46c792fb40f645fcc9e16a9da0bd98eba0334f70846585d752c6e999cd
40,36,5,1.5295900578630135,3.6123265281888455,-2.082736470325832,4236010,c005ea4b371eece7598ff63d2ffe5c917c2ea1deb5b0fd757775097c3dfcd88d,6ef24935b29a0b50b5f05fc39e05cf3aa8c4e1b98c338c0c6e9e15484cc3c517
40,36,6,1.5772442085168041,3.5777626427912397,-2.0005184342744355,4236010,0d21b0ee52cced968394ceffac95939656f7df17e40bddb5d8d1cd590f0ec7d5,0ffcf8e4e632de63611d0af8188bcc76a95c1aa77ae0756490449c8635df5fcd
40,36,7,1.5642303370955695,3.571619929659415,-2.0073895925638454,4236010,14764114e7d75b937a0404036a520f62bd788ed29406357937ed0ccab1120bbd,3e03e25a8ee0fb81a703f8d1e38d857d0b0d7dc61d3f592cd4095016ec1eae88
40,36,8,1.5858690398788606,3.6461779142658806,-2.0603088743870197,4236010,54cbb618aa79e38e7cc9455540c03ad239f565927862706215bbe1c7e53a44c3,04debeaab220acff54066b4b4204c6ea5191871d93861b31ec0ffd979cb6037b
40,36,9,1.4909626256702617,3.5676168964759225,-2.076654270805661,4236010,09e91b32f125e2cfc2aea596f99a386e83c7baa7bef8d95b251a8fa27dba3568,1726e51e8b04fee99bd61ec3e1aacff2b616ee47b9490ec0d7e940543eba9b86
120,61,0,0.9573201704440983,2.8438613606741914,-1.886541190230093,12261175,fa438778e66eb8f713cd0442bc2c9f7553d2e0f0dc53265fb64f9fac2c85d0c2,25604a9645ac08ee9b0e2d6cb93d242523e01a99c19abb17a027064eabec342a
120,61,1,1.0497207297719502,2.7658539203082815,-1.7161331905363313,12261175,1329c9454004d85d118772d56f161bb364a9363427b338ba36a0fad6e4da93f0,ae28f5e49171f843cb8f980e93a2a56952130538b2b3960fa9db2f6dd3cf9aeb
120,61,2,0.9659968277623456,2.6559413902369853,-1.6899445624746396,12261175,8031e3343fc6ef76eee5bf48543aac1277b0915f4574809017a3d4a702e5d77b,16ee53c92d227845d4e8ad31ace781c74186ffb4b222b813627c19c97647d86c
120,61,3,0.9073636928283495,2.582917349553069,-1.6755536567247193,12261175,964675d692b14c415eae3c6d628d5e9496e0dcc6731af0e2f2a94d223dd765ed,9bd6d1d4105c34853c37b177792bf2ed6732ad620fc46fd8f2a7a7dc8610584f
120,61,4,0.951957253803844,2.824482779626998,-1.872525525823154,12261175,cc5a5feb089dc8fbe311d132aa6f91573311f080cd45fd7643bc7997f70fc167,927abac825ef22f307928ddde891a118172ba21668024c0456bbac3275833e6e
120,61,5,0.9422652885321825,2.7434399004224117,-1.8011746118902292,12261175,b6c48452661fcd7d8c508c213855c249e62c879cc2387d196fb779651ae7153b,b4332dcd648c29fbe3c4ad05e04505c8e1778e11a466335e2da8fd895988fca5
120,61,6,0.8682263553865267,2.9907891580576798,-2.122562802671153,12261175,29e74f6cec58d7e416632ed5438ba9cbb63889de90dabb836eccb2ed77a10c83,0507d8fd04f9a7b33edcf365120a23ac9e3424d2663ee2acbbf1936c4f7ca332
120,61,7,0.9519710509183132,2.4315013306630697,-1.4795302797447565,12261175,8c7251019f005a82126d43ba9b6d66d3c09468601dfafef5c9484c734a838c74,b213b2deef5305b9b7c5428bf79ce95eda553048ac667175e059f5b4ebe1e200
120,61,8,0.9695349169431325,2.630310869219887,-1.6607759522767545,12261175,9fb8e62d2bf29904d46fa0da7b34e4d7b86e393d30eef8b24f301c17c894317d,a5e83bf47f56094eef1d96f01613076a116b0422425305b1609ac83c0a729cd1
120,61,9,0.8904365127329732,2.613927229385298,-1.723490716652325,12261175,cc5460a8f7808280bab1c592eadbbb40e93ed0db7a5ff4ad9b12a7772db70cb5,9310998dc61470ff9d2e81fed00b4bd8e8bf7a10051ac8523c8f217869c55ef6
120,34,0,0.9573201704440983,2.1226868537556496,-1.1653666833115512,12234256,fa438778e66eb8f713cd0442bc2c9f7553d2e0f0dc53265fb64f9fac2c85d0c2,596cf65466a3f229d0fdb7325ca68a148d9907216fc43ed815f92d25c0da14af
120,34,1,1.0497207297719502,2.513208340794501,-1.463487611022551,12234256,1329c9454004d85d118772d56f161bb364a9363427b338ba36a0fad6e4da93f0,6c0b81223cb8fee5dc1161c6895e105b039c002b52c8c6e603cc075ed0b9e78e
120,34,2,0.9659968277623456,1.9984441258679102,-1.0324472981055646,12234256,8031e3343fc6ef76eee5bf48543aac1277b0915f4574809017a3d4a702e5d77b,ed1180260f7a2b6c8123730bbb5170017fa3587047710e09627b12083687ceee
120,34,3,0.9073636928283495,2.5226972188753476,-1.615333526046998,12234256,964675d692b14c415eae3c6d628d5e9496e0dcc6731af0e2f2a94d223dd765ed,a62ff49f6a71d17ee89955aa3fd4bb1b17569d24229fc590933f22c018aac2d6
120,34,4,0.951957253803844,2.04870702414277,-1.096749770338926,12234256,cc5a5feb089dc8fbe311d132aa6f91573311f080cd45fd7643bc7997f70fc167,6356fe8a75f7f6ace3a7d9378cf8acf594e0d637ff508b53abdd887fa5b25d29
120,34,5,0.9422652885321825,6.1497800964172,-5.207514807885017,12234256,b6c48452661fcd7d8c508c213855c249e62c879cc2387d196fb779651ae7153b,5e0270cee8287f02e277e54290996aceb2cde0bc88cbe1bd56758dc87772bad8
120,34,6,0.8682263553865267,3.03102848177151,-2.162802126384983,12234256,29e74f6cec58d7e416632ed5438ba9cbb63889de90dabb836eccb2ed77a10c83,1216f1a0d888c8bf866ac7d56706d1ed582f22b4154f3bf9a839d3cec145f570
120,34,7,0.9519710509183132,2.3343854249674587,-1.3824143740491455,12234256,8c7251019f005a82126d43ba9b6d66d3c09468601dfafef5c9484c734a838c74,70dd9382836f65a00e403f7608f727054cca70b6700b01cddeb2ff5c3ce8d08f
120,34,8,0.9695349169431325,3.0496644514946865,-2.080129534551554,12234256,9fb8e62d2bf29904d46fa0da7b34e4d7b86e393d30eef8b24f301c17c894317d,17f3774b9f6abb965823c49af2b56ac4991fecfd3164446867df500b4cb69fd3
120,34,9,0.8904365127329732,2.1670709643686266,-1.2766344516356534,12234256,cc5460a8f7808280bab1c592eadbbb40e93ed0db7a5ff4ad9b12a7772db70cb5,008b834ec4416a9441b19e8bb5a97a97bcd7cef73ccc209bb9fb6f5c701f6778
120,64,0,0.9573201704440983,1.787242092464707,-0.8299219220206087,12264166,fa438778e66eb8f713cd0442bc2c9f7553d2e0f0dc53265fb64f9fac2c85d0c2,55c7b8a8a7c22b642c7e2e3313d1aa6105d541cd5d91ab24b372eabca86214cd
120,64,1,1.0497207297719502,1.8291388515615692,-0.779418121789619,12264166,1329c9454004d85d118772d56f161bb364a9363427b338ba36a0fad6e4da93f0,c2e4928cca5ffb5e643ae08aa82749af6f0e1e833318d901bfdf65cbc2442833
120,64,2,0.9659968277623456,1.8017452077617573,-0.8357483799994117,12264166,8031e3343fc6ef76eee5bf48543aac1277b0915f4574809017a3d4a702e5d77b,a2fda5c4a74549accaecf3b25960cc02df2d0bceea221c23840be2e8ef93229c
120,64,3,0.9073636928283495,1.7106611855051872,-0.8032974926768377,12264166,964675d692b14c415eae3c6d628d5e9496e0dcc6731af0e2f2a94d223dd765ed,1d2d33623da0453363cf1a19a2b7fb604f878a614622797a440f332b7d534132
120,64,4,0.951957253803844,1.8096641766268031,-0.8577069228229591,12264166,cc5a5feb089dc8fbe311d132aa6f91573311f080cd45fd7643bc7997f70fc167,386fc10705854d009c03f36c793ecce3542a771da3c9863a28bd16d61adf5817
120,64,5,0.9422652885321825,1.7601780682045116,-0.8179127796723291,12264166,b6c48452661fcd7d8c508c213855c249e62c879cc2387d196fb779651ae7153b,c52450cfb29e3ea4c8825284015050e25941e77634168b46a3f73b2b3467fcd3
120,64,6,0.8682263553865267,1.748403889780494,-0.8801775343939674,12264166,29e74f6cec58d7e416632ed5438ba9cbb63889de90dabb836eccb2ed77a10c83,eb2353bcaf88421b6d918aaa1bc2426ea68724c8624aa3218e969e87e2b1b6b4
120,64,7,0.9519710509183132,1.799913922903994,-0.8479428719856807,12264166,8c7251019f005a82126d43ba9b6d66d3c09468601dfafef5c9484c734a838c74,cafe9ffae15cfbb82c715eb0f2997f9c4b40ec179cfd10c59d9632cfce9b045f
120,64,8,0.9695349169431325,1.794028948468869,-0.8244940315257364,12264166,9fb8e62d2bf29904d46fa0da7b34e4d7b86e393d30eef8b24f301c17c894317d,102428cc87270cf4e53aa8a4b24fae606971f4e681fdd57bc4e637ca3d256664
120,64,9,0.8904365127329732,1.7413008614353496,-0.8508643487023764,12264166,cc5460a8f7808280bab1c592eadbbb40e93ed0db7a5ff4ad9b12a7772db70cb5,5307f0b93a72b96f91f343b2c13564d185e6529c0675a893a4f972266f4c0ea0
120,11,0,0.9573201704440983,2.388790688143605,-1.4314705176995066,12211325,fa438778e66eb8f713cd0442bc2c9f7553d2e0f0dc53265fb64f9fac2c85d0c2,1b009b066b14c81f0b059eac8d1e165af10fc8c483993ca0a5b8f9271543a667
120,11,1,1.0497207297719502,2.3647570260450586,-1.3150362962731084,12211325,1329c9454004d85d118772d56f161bb364a9363427b338ba36a0fad6e4da93f0,e919e8faf97a57c203c4ef7a96fe68a6f4c3d721963e3424a19ddd45f96112cb
120,11,2,0.9659968277623456,2.386927255555598,-1.4209304277932524,12211325,8031e3343fc6ef76eee5bf48543aac1277b0915f4574809017a3d4a702e5d77b,8bbfd6d69f513400053230bfc874f6401621ebe548b8156749e17017aa3e03f9
120,11,3,0.9073636928283495,2.429851150783735,-1.5224874579553855,12211325,964675d692b14c415eae3c6d628d5e9496e0dcc6731af0e2f2a94d223dd765ed,98123241e3638ac9caeb790ab0cdf6985ea9b6cc364f36f9b93e22b274448a4e
120,11,4,0.951957253803844,2.3591180657037176,-1.4071608118998737,12211325,cc5a5feb089dc8fbe311d132aa6f91573311f080cd45fd7643bc7997f70fc167,7d413a44faa3f5538adc15d3cec79ade49bfb798496ed92a4f27fccdd60770f1
120,11,5,0.9422652885321825,2.3778731710852274,-1.435607882553045,12211325,b6c48452661fcd7d8c508c213855c249e62c879cc2387d196fb779651ae7153b,903dfeee982f53f50643e7b5c55c6dec390f9199d548d7e92714b0c17ebb96c4
120,11,6,0.8682263553865267,2.3754613263155164,-1.5072349709289896,12211325,29e74f6cec58d7e416632ed5438ba9cbb63889de90dabb836eccb2ed77a10c83,4a019d2cadbd71bfde06b91d3790f03835be6a66df3d2ee25001aef77d34a8ae
120,11,7,0.9519710509183132,2.3944080363281346,-1.4424369854098213,12211325,8c7251019f005a82126d43ba9b6d66d3c09468601dfafef5c9484c734a838c74,9699f9ec4d22c4099ff0605b30fe3c4ed03ec1e7facae399fbff8d15fea800b0
120,11,8,0.9695349169431325,2.4306897305256263,-1.4611548135824939,12211325,9fb8e62d2bf29904d46fa0da7b34e4d7b86e393d30eef8b24f301c17c894317d,b668ec08beba102751def8220f154fd4a7b836d959362fbf4cddce13e8385caa
120,11,9,0.8904365127329732,2.3777487424958337,-1.4873122297628605,12211325,cc5460a8f7808280bab1c592eadbbb40e93ed0db7a5ff4ad9b12a7772db70cb5,79228de0133024065c8b834dd9f95b23d5fcfc5e036cfa87de9f86493e1c1f74
120,96,0,0.9573201704440983,2.73607050179893,-1.7787503313548318,12296070,fa438778e66eb8f713cd0442bc2c9f7553d2e0f0dc53265fb64f9fac2c85d0c2,0b050ed2b1bf8ef88670bc743da7bb9868225641563105dfdde1a5ad1ae09e03
120,96,1,1.0497207297719502,2.6252844123136345,-1.5755636825416843,12296070,1329c9454004d85d118772d56f161bb364a9363427b338ba36a0fad6e4da93f0,09d3d8f8ea14287d26b69a31e9e57104a61ff14bc7fe438cc75a2f8b2b479fb4
120,96,2,0.9659968277623456,2.673742584705397,-1.7077457569430512,12296070,8031e3343fc6ef76eee5bf48543aac1277b0915f4574809017a3d4a702e5d77b,1fb97110164ba5b5bc64a2aad72ac3c400159c2bde75e4e65e90714c55b0867a
120,96,3,0.9073636928283495,3.987253338710535,-3.0798896458821856,12296070,964675d692b14c415eae3c6d628d5e9496e0dcc6731af0e2f2a94d223dd765ed,eba7923e5e6c4dafbea42006becb6e7b1f15c3de961552a522585d59e29f2216
120,96,4,0.951957253803844,4.369274039750014,-3.41731678594617,12296070,cc5a5feb089dc8fbe311d132aa6f91573311f080cd45fd7643bc7997f70fc167,a45114bf0d1c13d4c3b13882f926b2a13d6e4859544eac137b90c23a0b9d61f4
120,96,5,0.9422652885321825,3.373081447330394,-2.4308161587982116,12296070,b6c48452661fcd7d8c508c213855c249e62c879cc2387d196fb779651ae7153b,0123cbe900186afd16d7b58681a94ff0b7a450c1c76364d27b183842a1dbb7b4
120,96,6,0.8682263553865267,2.761472048950154,-1.8932456935636273,12296070,29e74f6cec58d7e416632ed5438ba9cbb63889de90dabb836eccb2ed77a10c83,0b4934a5832ac6d39a981b8d4787d4ee218dbb617819d6af4b32a3f9816ddaed
120,96,7,0.9519710509183132,2.780495614930333,-1.8285245640120198,12296070,8c7251019f005a82126d43ba9b6d66d3c09468601dfafef5c9484c734a838c74,016c887160b6a13fa113b68a56092126abbe9be0abed1289cc9c147d7cc245f6
120,96,8,0.9695349169431325,2.5972249232667806,-1.6276900063236481,12296070,9fb8e62d2bf29904d46fa0da7b34e4d7b86e393d30eef8b24f301c17c894317d,545ef6468f61b897506d59e06e57c45b660d6d59600ab0f7d8187a4ab27d7137
120,96,9,0.8904365127329732,2.6372221209881457,-1.7467856082551725,12296070,cc5460a8f7808280bab1c592eadbbb40e93ed0db7a5ff4ad9b12a7772db70cb5,70d228e2db94e1d39fa2092fe9bc155decb7db6b849d6829632c895d4f9ca4d2
120,18,0,0.9573201704440983,1.77873990374146,-0.8214197332973616,12218304,fa438778e66eb8f713cd0442bc2c9f7553d2e0f0dc53265fb64f9fac2c85d0c2,157b8c699ef194dac344238efbd2ddc1b7bd3329217f17123064f6c5fe39d49a
120,18,1,1.0497207297719502,1.7160275651503967,-0.6663068353784465,12218304,1329c9454004d85d118772d56f161bb364a9363427b338ba36a0fad6e4da93f0,4e51906a92fa613b6a7b5d773e296eaf37de9f17f271d29be92aab24b440d1e8
120,18,2,0.9659968277623456,1.796074501545678,-0.8300776737833324,12218304,8031e3343fc6ef76eee5bf48543aac1277b0915f4574809017a3d4a702e5d77b,7b19be6c58cb5989c93b9d0133d046f14751a7e545e47c5308460f5e1b46cb16
120,18,3,0.9073636928283495,1.7715709352825986,-0.8642072424542491,12218304,964675d692b14c415eae3c6d628d5e9496e0dcc6731af0e2f2a94d223dd765ed,d952fab6fe8a00a83e0792837088b6eebc35b3d37c05f8a91ffca932c0c5d9f1
120,18,4,0.951957253803844,1.7016157573577448,-0.7496585035539008,12218304,cc5a5feb089dc8fbe311d132aa6f91573311f080cd45fd7643bc7997f70fc167,3e602aace80451a89f2f9ded25b661b39bd49b4ce0aafd58b319204f2fc5e84c
120,18,5,0.9422652885321825,1.7301382837379464,-0.7878729952057639,12218304,b6c48452661fcd7d8c508c213855c249e62c879cc2387d196fb779651ae7153b,40299e47ea04179b53b1ef4a10fc5d2e9ff68acd904b6d170eb80bf719fe05d8
120,18,6,0.8682263553865267,1.7526586882338295,-0.8844323328473028,12218304,29e74f6cec58d7e416632ed5438ba9cbb63889de90dabb836eccb2ed77a10c83,e3aedd5ea797f1208127c72bf6ddacf7c9bf6043211529057957edb0778cdb5c
120,18,7,0.9519710509183132,1.7215679577364764,-0.7695969068181632,12218304,8c7251019f005a82126d43ba9b6d66d3c09468601dfafef5c9484c734a838c74,8ddbc16b218a8aef26d46f480d29df7129dc0b848ccc51ffca75b3681ed2e402
120,18,8,0.9695349169431325,1.7418594248684363,-0.7723245079253037,12218304,9fb8e62d2bf29904d46fa0da7b34e4d7b86e393d30eef8b24f301c17c894317d,0ce399499e77d5771ffcfbad15c3617d571b1cbbe5982835ad4828c5aaf68dc7
120,18,9,0.8904365127329732,1.7454111240571355,-0.8549746113241623,12218304,cc5460a8f7808280bab1c592eadbbb40e93ed0db7a5ff4ad9b12a7772db70cb5,45ca90503ff4fc407baf0fcf9d9fca3e1edaa5742738b863cb08cba5b4c707a6
120,82,0,0.9573201704440983,2.2942106616782776,-1.3368904912341792,12282112,fa438778e66eb8f713cd0442bc2c9f7553d2e0f0dc53265fb64f9fac2c85d0c2,a0ed2f50fb6cd4c772365a38199cd0fd321aab484fe0228862886b34d9254946
120,82,1,1.0497207297719502,2.3321873056840494,-1.2824665759120992,12282112,1329c9454004d85d118772d56f161bb364a9363427b338ba36a0fad6e4da93f0,d0a6e447bd50721f2bd5eb4979a6596d3c15f85dca2b9b536ac14589c4681b22
120,82,2,0.9659968277623456,2.295035880110576,-1.3290390523482303,12282112,8031e3343fc6ef76eee5bf48543aac1277b0915f4574809017a3d4a702e5d77b,e369e640b2a1776ad6a0d66a926c0b2626861b6ded7db05a804d76a4ad8cf6ac
120,82,3,0.9073636928283495,2.3233565520215937,-1.4159928591932442,12282112,964675d692b14c415eae3c6d628d5e9496e0dcc6731af0e2f2a94d223dd765ed,25ba6837773018b5e4f507dbca74fd43d562b460879db0a371e515e8d691275b
120,82,4,0.951957253803844,2.3144385042826956,-1.3624812504788517,12282112,cc5a5feb089dc8fbe311d132aa6f91573311f080cd45fd7643bc7997f70fc167,3d326da7a297d22e9981b109a727a42ad1ee2fe559ff00eb168c0bd5078f2c46
120,82,5,0.9422652885321825,2.2763496560176693,-1.3340843674854868,12282112,b6c48452661fcd7d8c508c213855c249e62c879cc2387d196fb779651ae7153b,4673e8d691f5b10f65660f082cd7308864dc53b2a78de246ca90da53266c4d66
120,82,6,0.8682263553865267,2.2633075108915226,-1.3950811555049958,12282112,29e74f6cec58d7e416632ed5438ba9cbb63889de90dabb836eccb2ed77a10c83,64903347a8d9d4a8fea8d52817ad87b74b82f606326ce269618ecb85b7b16097
120,82,7,0.9519710509183132,2.1771709513282222,-1.225199900409909,12282112,8c7251019f005a82126d43ba9b6d66d3c09468601dfafef5c9484c734a838c74,cad8139fd1a909693104e1f26af404bfed83571af3c23af1d1ee6d2ebe8de90e
120,82,8,0.9695349169431325,2.2644885839718607,-1.2949536670287283,12282112,9fb8e62d2bf29904d46fa0da7b34e4d7b86e393d30eef8b24f301c17c894317d,54c16ca90966be78dd2408cfb75c73a074507a4e6a8ee0d5b52aa092dade5c4c
120,82,9,0.8904365127329732,2.2270062104021835,-1.3365696976692103,12282112,cc5460a8f7808280bab1c592eadbbb40e93ed0db7a5ff4ad9b12a7772db70cb5,6c90356ec85c055bf9aedf854f5698cfc72e2f98cdee3c91fb1727bf79cb83b5
120,52,0,0.9573201704440983,2.2364200036562734,-1.279099833212175,12252202,fa438778e66eb8f713cd0442bc2c9f7553d2e0f0dc53265fb64f9fac2c85d0c2,ab40dd9af7ba1f7403f4f7cbf80bf5bbad4e03f836c02caadad00949fa671f84
120,52,1,1.0497207297719502,2.15968354417776,-1.1099628144058098,12252202,1329c9454004d85d118772d56f161bb364a9363427b338ba36a0fad6e4da93f0,d575fbea195ad64e7f307b56c8f1f61528deb726147ecdf959269eaa133cb50c
120,52,2,0.9659968277623456,2.1858602096741193,-1.2198633819117737,12252202,8031e3343fc6ef76eee5bf48543aac1277b0915f4574809017a3d4a702e5d77b,cf34bf61a0ac355fd2e5e1641af02111902256a81de4a970175a26ca62cf61da
120,52,3,0.9073636928283495,2.1897773247945107,-1.2824136319661612,12252202,964675d692b14c415eae3c6d628d5e9496e0dcc6731af0e2f2a94d223dd765ed,101da77251d02a4d4e997e6af6702ce25174bc1d346c446af114f28b81a6eb69
120,52,4,0.951957253803844,2.127453434589989,-1.175496180786145,12252202,cc5a5feb089dc8fbe311d132aa6f91573311f080cd45fd7643bc7997f70fc167,2f84b452c44a584fdce89313ea5aaf73d5b5930bfea8e7d2d609fafaf04ddcee
120,52,5,0.9422652885321825,2.2188930298748755,-1.276627741342693,12252202,b6c48452661fcd7d8c508c213855c249e62c879cc2387d196fb779651ae7153b,5ed4b34336ac78e23ecf8636399b781bd1923a7bd94136133a4ce83b55537e5f
120,52,6,0.8682263553865267,2.1464503374229804,-1.2782239820364536,12252202,29e74f6cec58d7e416632ed5438ba9cbb63889de90dabb836eccb2ed77a10c83,a13387d2de0525fc44adbafdaffd1cbfe15672d6444ac7287f5ce2a53a18e7de
120,52,7,0.9519710509183132,2.1413156302219454,-1.1893445793036321,12252202,8c7251019f005a82126d43ba9b6d66d3c09468601dfafef5c9484c734a838c74,fd8319c9ed13b9d22f1fb3b67a5534b9e875b4b6d6f9b1d7f1e0dff0558d747a
120,52,8,0.9695349169431325,2.165268173410268,-1.1957332564671357,12252202,9fb8e62d2bf29904d46fa0da7b34e4d7b86e393d30eef8b24f301c17c894317d,8451e50384646d94c06e65b7b2f38db40b6812a57dbe1e700ce178fd6cdec6ec
120,52,9,0.8904365127329732,2.1807322669150246,-1.2902957541820514,12252202,cc5460a8f7808280bab1c592eadbbb40e93ed0db7a5ff4ad9b12a7772db70cb5,d776e2296c0a626392f2c039cb5921a9ed927e678c8a69264670dfc4d13def8a
120,72,0,0.9573201704440983,4.552090740119645,-3.594770569675547,12272142,fa438778e66eb8f713cd0442bc2c9f7553d2e0f0dc53265fb64f9fac2c85d0c2,03ed64ae5938bc3677947372c9abe6a6faf4726006a3a1442f35d4b3f975ffcc
120,72,1,1.0497207297719502,4.496910145497861,-3.4471894157259104,12272142,1329c9454004d85d118772d56f161bb364a9363427b338ba36a0fad6e4da93f0,e5a82e5bf50fc47d49e767b89aa0ac2043da151da6012e46e717af39ee172f76
120,72,2,0.9659968277623456,4.465330194574204,-3.4993333668118582,12272142,8031e3343fc6ef76eee5bf48543aac1277b0915f4574809017a3d4a702e5d77b,537af66616664f8e3882f3d50da7db185d050ee6870509bb580f2f796bb96f53
120,72,3,0.9073636928283495,4.568408092653818,-3.6610443998254683,12272142,964675d692b14c415eae3c6d628d5e9496e0dcc6731af0e2f2a94d223dd765ed,547543cfb74c0ef9ed94bceb3fd704072702c63ee0cde37a53072aa21eab0f8f
120,72,4,0.951957253803844,4.478159075208253,-3.526201821404409,12272142,cc5a5feb089dc8fbe311d132aa6f91573311f080cd45fd7643bc7997f70fc167,6b06071498f0720cbe246badff872c5dfaf74b546a7bc179b94f186f31fb86bc
120,72,5,0.9422652885321825,4.60805611576413,-3.6657908272319477,12272142,b6c48452661fcd7d8c508c213855c249e62c879cc2387d196fb779651ae7153b,98affa61dfba8ca695d4e8cc07777f0754d3b922a8c3c65ee9ab8477350a4b26
120,72,6,0.8682263553865267,4.616123459726689,-3.747897104340162,12272142,29e74f6cec58d7e416632ed5438ba9cbb63889de90dabb836eccb2ed77a10c83,a1d79b3f05e70e5431441f72601c93c9364fd5e16bcbfd672f4a501a3dd00571
120,72,7,0.9519710509183132,4.608129890758211,-3.6561588398398976,12272142,8c7251019f005a82126d43ba9b6d66d3c09468601dfafef5c9484c734a838c74,1d8d93aff44c72479cbd79917ff32df741794910db41bdd8972ea2da6be92fc3
120,72,8,0.9695349169431325,4.637731787606994,-3.668196870663862,12272142,9fb8e62d2bf29904d46fa0da7b34e4d7b86e393d30eef8b24f301c17c894317d,f63015571c5b374ca3a0e8fe7d015317e32f71c11a88e6d038cd184f8063ab7c
120,72,9,0.8904365127329732,4.5808630688959076,-3.6904265561629344,12272142,cc5460a8f7808280bab1c592eadbbb40e93ed0db7a5ff4ad9b12a7772db70cb5,b7644494fa7c98a095dfc50edaf0c63b31e83247362e374cdc295e23f5582ad9
120,92,0,0.9573201704440983,2.1084829475836684,-1.15116277713957,12292082,fa438778e66eb8f713cd0442bc2c9f7553d2e0f0dc53265fb64f9fac2c85d0c2,c05ec9432140acaca63a63bcbdbc0dda293a60d19548bfb012ac42f396f155c7
120,92,1,1.0497207297719502,2.025102336733638,-0.9753816069616876,12292082,1329c9454004d85d118772d56f161bb364a9363427b338ba36a0fad6e4da93f0,f531251b897b932fe20bf09298edb0aa237e5f352f73f05966f7fc6242309fdc
120,92,2,0.9659968277623456,2.0330535120420077,-1.067056684279662,12292082,8031e3343fc6ef76eee5bf48543aac1277b0915f4574809017a3d4a702e5d77b,a6dc656c33683dbb0839c6793be608831987e8709a203d319d2b7723fe81a1c4
120,92,3,0.9073636928283495,2.0322483449388065,-1.124884652110457,12292082,964675d692b14c415eae3c6d628d5e9496e0dcc6731af0e2f2a94d223dd765ed,6c5f805c3f55e300cc6056ce08ad63248767db47b9e442b638d7b513f7ec522a
120,92,4,0.951957253803844,2.046134096768622,-1.094176842964778,12292082,cc5a5feb089dc8fbe311d132aa6f91573311f080cd45fd7643bc7997f70fc167,5d051a64b0a294360e46eef68cfa6332b2fe7aacaf04c0a3a552c89f881bd437
120,92,5,0.9422652885321825,2.0282364907288137,-1.0859712021966312,12292082,b6c48452661fcd7d8c508c213855c249e62c879cc2387d196fb779651ae7153b,8b67396422f2139c5935fb7125ee02a823e9daa5a4c08db5107394195055f5e4
120,92,6,0.8682263553865267,2.1137140047091183,-1.2454876493225915,12292082,29e74f6cec58d7e416632ed5438ba9cbb63889de90dabb836eccb2ed77a10c83,e6144b75f9d4e9ad97d8a21f5994df58592e950049eaa2ea4aa6088af669b79a
120,92,7,0.9519710509183132,2.0397855658192983,-1.087814514900985,12292082,8c7251019f005a82126d43ba9b6d66d3c09468601dfafef5c9484c734a838c74,a0d5b0b7a8f48d57f9a868602ed73530cbbb66535df4877d8a7a172ab1fc26d7
120,92,8,0.9695349169431325,2.1222690829147353,-1.1527341659716028,12292082,9fb8e62d2bf29904d46fa0da7b34e4d7b86e393d30eef8b24f301c17c894317d,177b5422667cc61848ebd681f238fc94ded58b416614bc6202e7a5b9abb3584f
120,92,9,0.8904365127329732,2.049194532663038,-1.1587580199300649,12292082,cc5460a8f7808280bab1c592eadbbb40e93ed0db7a5ff4ad9b12a7772db70cb5,b0ee7a44038835f974b4bfdec55eda7850df25e06bc5af89d07b4716bef4662a
160,15,0,0.9629131818832642,2.4836532082919565,-1.520740026408692,16215433,02eb397a6b7074789efaf79a955406d55df4044fe8bd62e3ddfedf209b4a3a91,ab9bc4c28cdb9dc5f1f7e026c64d18b3fd6dd3e2c272b8222f530f831439b9dd
160,15,1,0.976393848621876,2.73219056994903,-1.755796721327154,16215433,4332de5e146733092e587081d1749faa5143ebb6d563e221c789f3dcfb0ba550,c4ec4f3dac7ccaf472b94b2e366c3f718cab0b3f30064e58a35a3e847adbe5d9
160,15,2,0.9278174113428835,3.0818298385588143,-2.154012427215931,16215433,9c5bcba3e787e34ebd1e5a4a767b1b2adc437809379a4d1f40883bffc63c3d18,b365e9b2f73e210a2eb75e2889d83dd64a1d34eb4198195902367861e2bcbe7c
160,15,3,1.024731702723162,3.448238378992987,-2.423506676269825,16215433,f5d28148cc008e286bc6fa5e73fe9ef3e0d6d96437db768b294c95300dafc479,622db854753a038b8c4fe02c0013cfb6e6b2567fce1edbebe501a9faa512c575
160,15,4,0.9041554203482607,3.423556909684454,-2.519401489336193,16215433,70ef970bdf454ce1d9fe37d8ea93d003fb362628d3bcf7bbb9d278edd6899e1e,0080b3aa0ec1dfe5cff9210f30a5c69cc015d73b091ba3eaa531f325e286c4ad
160,15,5,0.9696891797548931,2.3520170681615564,-1.3823278884066634,16215433,204e9d1ac0a61d00b187d0048373f6ef68bf0e99530e9b78945bc94bd0fe8914,886c85fda96169ed84da143b4f072bd3f54629214c129439a5f1e13626c3677f
160,15,6,0.9240676723322875,2.521049214970998,-1.5969815426387104,16215433,afc38377de14fb0c6322e24f97ff2506e41d11a23870c3bcc42818e8e13c60d8,f18406de7a22d1b5352fd4c8ff0c49983904e6964f9175f8f79bc21d0a4812fc
160,15,7,0.9714621101587457,2.5036062538589348,-1.532144143700189,16215433,adba029cb3c67eef6400a0a4c47bb5c5037171c25ad0d74890d01387fbed68eb,43e8ce7a4e41838bec6a5631a92b5ebc22b22c74d41bafbd6838cb744242fdca
160,15,8,0.9283355557637794,2.4576814682479027,-1.5293459124841233,16215433,66ff8e738fa640e647576ea1210d0f91fd3407fa92597d1e7668dc33db2f5742,25682216d90c088b98c8fc1aa97ba33f90fad4696282cc0dc431d6a8e9ddc683
160,15,9,1.0179861291627699,2.873232021942163,-1.8552458927793931,16215433,b03ba81bf36e0cfd81b9932c2cd427ffd5f073eb25920e9ed196357b411e7f2a,a87a56db3e79bfee19df55e6d8758989f8a5d5a267802b15f03cb2fbb6c079e5
160,9,0,0.9629131818832642,2.4735534184052277,-1.5106402365219633,16209451,02eb397a6b7074789efaf79a955406d55df4044fe8bd62e3ddfedf209b4a3a91,63ca2bce42acaedb07a95fd8175099a651af059c71fb3b2d24f7b6dfcadfb2b7
160,9,1,0.976393848621876,2.5652445901993186,-1.5888507415774427,16209451,4332de5e146733092e587081d1749faa5143ebb6d563e221c789f3dcfb0ba550,3cf648a0bb4550ae3cc66558682ee2188699ff36895309541c400aad04d24f2e
160,9,2,0.9278174113428835,2.5991452216358297,-1.6713278102929463,16209451,9c5bcba3e787e34ebd1e5a4a767b1b2adc437809379a4d1f40883bffc63c3d18,d7134a4c036533b527f385fbf53c0c1dc1714b5177e77b157fca84d1031194d6
160,9,3,1.024731702723162,2.5446347951789265,-1.5199030924557646,16209451,f5d28148cc008e286bc6fa5e73fe9ef3e0d6d96437db768b294c95300dafc479,ace2ab0a2be009fb1513b1973336cf1c2520249c20adf92bc5b71dde0e6da86a
160,9,4,0.9041554203482607,2.4431148161357643,-1.5389593957875036,16209451,70ef970bdf454ce1d9fe37d8ea93d003fb362628d3bcf7bbb9d278edd6899e1e,5dc05bde966c8dcd02c05a22910835c3bb3c6217846f3f6c5124f1b49828f35c
160,9,5,0.9696891797548931,2.470424135808847,-1.5007349560539538,16209451,204e9d1ac0a61d00b187d0048373f6ef68bf0e99530e9b78945bc94bd0fe8914,238fb901b7e0e146a847ab5246a7166f9b5ad7a081aaf5c696f6a5940d9f8f37
160,9,6,0.9240676723322875,2.4644009970321377,-1.54033332469985,16209451,afc38377de14fb0c6322e24f97ff2506e41d11a23870c3bcc42818e8e13c60d8,b07b7173630ec3b03032e6ea542a5e88309f201abe9640f6b4d083e618f04cc4
160,9,7,0.9714621101587457,2.474864308765179,-1.5034021986064332,16209451,adba029cb3c67eef6400a0a4c47bb5c5037171c25ad0d74890d01387fbed68eb,61def4eb3fa301a1e1582bde7106faa19f9c6895314cbb3c22054f7b67b88861
160,9,8,0.9283355557637794,2.4240414463658704,-1.495705890602091,16209451,66ff8e738fa640e647576ea1210d0f91fd3407fa92597d1e7668dc33db2f5742,0404fc16c038779fc2169c9cd5f13775402062dc61fdb92b5eaf8a1b7f726984
160,9,9,1.0179861291627699,2.4853877443085914,-1.4674016151458216,16209451,b03ba81bf36e0cfd81b9932c2cd427ffd5f073eb25920e9ed196357b411e7f2a,b03353f9f7a0acdbb8c4dce5ec784328fffcc5baf8e6f15e26df08e91ba91045
160,95,0,0.9629131818832642,1.6454724075765041,-0.6825592256932399,16295193,02eb397a6b7074789efaf79a955406d55df4044fe8bd62e3ddfedf209b4a3a91,9f53b3de221ff11251fdfb3c1b3072b685dafa5ba683c7a171476e8b600a83cf
160,95,1,0.976393848621876,1.6260031918292113,-0.6496093432073353,16295193,4332de5e146733092e587081d1749faa5143ebb6d563e221c789f3dcfb0ba550,b66834094c60548989a0ffe939af97f44c37c19188f86885bd9825669f3ad7d6
160,95,2,0.9278174113428835,1.5783265355219522,-0.6505091241790687,16295193,9c5bcba3e787e34ebd1e5a4a767b1b2adc437809379a4d1f40883bffc63c3d18,1e1de9942a4123a71a93c63be222315ec4385d97e23765efe1cdd03ed7582922
160,95,3,1.024731702723162,1.635254824490928,-0.610523121767766,16295193,f5d28148cc008e286bc6fa5e73fe9ef3e0d6d96437db768b294c95300dafc479,350c01586379fc50308fea801061b1723eb4e5b028be416e63db7edfcef940a9
160,95,4,0.9041554203482607,1.5819037595499466,-0.6777483392016859,16295193,70ef970bdf454ce1d9fe37d8ea93d003fb362628d3bcf7bbb9d278edd6899e1e,279a17161c8b357895c4812abd5f0728faa042e9e6ce6bfa7a5a6a4d768c951f
160,95,5,0.9696891797548931,1.5828856088082235,-0.6131964290533304,16295193,204e9d1ac0a61d00b187d0048373f6ef68bf0e99530e9b78945bc94bd0fe8914,1e72641107abdfe81cc8e419998418b0874766046c8fd2fccae653313ad2f2b9
160,95,6,0.9240676723322875,1.654525042978648,-0.7304573706463605,16295193,afc38377de14fb0c6322e24f97ff2506e41d11a23870c3bcc42818e8e13c60d8,225653af9460bc6bab481a264ebc39eb6ca40848370132eef96f55460fdf06e5
160,95,7,0.9714621101587457,1.7286559212024228,-0.7571938110436771,16295193,adba029cb3c67eef6400a0a4c47bb5c5037171c25ad0d74890d01387fbed68eb,03596632090bdd49d744be150d701e77e37d99ad36b9722272039f8830a09661
160,95,8,0.9283355557637794,1.5547094140646127,-0.6263738583008334,16295193,66ff8e738fa640e647576ea1210d0f91fd3407fa92597d1e7668dc33db2f5742,b1b68e4dd3acf17772f86036500dac635ad108e717a61e6e38633410f31188f7
160,95,9,1.0179861291627699,1.5856009655752754,-0.5676148364125055,16295193,b03ba81bf36e0cfd81b9932c2cd427ffd5f073eb25920e9ed196357b411e7f2a,f456a8cc7f06032f38e9752d6941e501f6d279ddb6c58597192ee8348c9dd597
160,71,0,0.9629131818832642,1.9260299248393453,-0.9631167429560811,16271265,02eb397a6b7074789efaf79a955406d55df4044fe8bd62e3ddfedf209b4a3a91,cd4796dbcf5c3b0de34a88a91d8b5f7592325042498bd9cd195014b3c1c0c55f
160,71,1,0.976393848621876,2.0771468577279966,-1.1007530091061206,16271265,4332de5e146733092e587081d1749faa5143ebb6d563e221c789f3dcfb0ba550,bcc752337917819fa55f2c224f05af50010746e20bc4b0e6fdc83a83867ef608
160,71,2,0.9278174113428835,2.1332771399702395,-1.205459728627356,16271265,9c5bcba3e787e34ebd1e5a4a767b1b2adc437809379a4d1f40883bffc63c3d18,4a9623b639a2e2af311d06f61a6c4470602d78592663b1ecefec262747473896
160,71,3,1.024731702723162,2.1332352021207757,-1.1085034993976137,16271265,f5d28148cc008e286bc6fa5e73fe9ef3e0d6d96437db768b294c95300dafc479,cdd693d5e342ef63cf289d18db984280342645a39856bd990aa166ddede89de8
160,71,4,0.9041554203482607,2.0469055715858473,-1.1427501512375866,16271265,70ef970bdf454ce1d9fe37d8ea93d003fb362628d3bcf7bbb9d278edd6899e1e,9dc32dbb0ea49a72344ee794ac14bb8770e80638177411038b3fd4ff7f58eee8
160,71,5,0.9696891797548931,2.0636120821266983,-1.0939229023718053,16271265,204e9d1ac0a61d00b187d0048373f6ef68bf0e99530e9b78945bc94bd0fe8914,8e91bb884118cbd85413c9c077e7a4bfed1203b168e53998c3533aa1816e9042
160,71,6,0.9240676723322875,2.1587293334043913,-1.2346616610721037,16271265,afc38377de14fb0c6322e24f97ff2506e41d11a23870c3bcc42818e8e13c60d8,b814e59602de06d3650973e3b064f93844dde59742096349a6015bb1f17a4189
160,71,7,0.9714621101587457,2.0416227419524704,-1.0701606317937247,16271265,adba029cb3c67eef6400a0a4c47bb5c5037171c25ad0d74890d01387fbed68eb,e0241721b9c3fd94ee445523398e4c0ebb719b3cfc46705ba89baf32c0d11dc3
160,71,8,0.9283355557637794,2.0383378225418713,-1.110002266778092,16271265,66ff8e738fa640e647576ea1210d0f91fd3407fa92597d1e7668dc33db2f5742,9b423a536c23d0911903c31bc439904afe689e99de595f9c2d7b26911b9c7eb3
160,71,9,1.0179861291627699,2.119152090833227,-1.101165961670457,16271265,b03ba81bf36e0cfd81b9932c2cd427ffd5f073eb25920e9ed196357b411e7f2a,2892751d2394633b0adedc295cb07f5971b97c03d74abfaed8ba719f7a12b23b
160,80,0,0.9629131818832642,1.6009976107609862,-0.638084428877722,16280238,02eb397a6b7074789efaf79a955406d55df4044fe8bd62e3ddfedf209b4a3a91,af47cb8f15b37ff3da497a79e0736bed2d9636c9b329c016e0555f468fdbae0a
160,80,1,0.976393848621876,1.5602765880203033,-0.5838827393984274,16280238,4332de5e146733092e587081d1749faa5143ebb6d563e221c789f3dcfb0ba550,2d9b8a7cbbb08538102ca820bb0bbf9fc8686487c45a271a7a7af7aac0f47214
160,80,2,0.9278174113428835,1.6589246105206625,-0.731107199177779,16280238,9c5bcba3e787e34ebd1e5a4a767b1b2adc437809379a4d1f40883bffc63c3d18,9dea621175837910ae5180736ccbbbad92b77dcb27a2226d46eeda65b78ae6b5
160,80,3,1.024731702723162,1.5807825828763165,-0.5560508801531545,16280238,f5d28148cc008e286bc6fa5e73fe9ef3e0d6d96437db768b294c95300dafc479,8082472a66f1dd41c50f6919aca31170f01f10930a9f092b0b3ab47f844ea5a5
160,80,4,0.9041554203482607,1.6708422608702433,-0.7666868405219827,16280238,70ef970bdf454ce1d9fe37d8ea93d003fb362628d3bcf7bbb9d278edd6899e1e,5ecdb993e906238a9e8dee59eae2eb1e1b5be8d17dfab9493870595ffd9e9f33
160,80,5,0.9696891797548931,1.5637383564064582,-0.5940491766515651,16280238,204e9d1ac0a61d00b187d0048373f6ef68bf0e99530e9b78945bc94bd0fe8914,84827f665e5fbdcea9c08d58e7b5493e3d4e175e8072fef87477e4d3194c72b5
160,80,6,0.9240676723322875,1.6557667336965718,-0.7316990613642843,16280238,afc38377de14fb0c6322e24f97ff2506e41d11a23870c3bcc42818e8e13c60d8,fa29638acf32ebf238d2a5f4ea500cca8b144d78529a270805b41ed50d618137
160,80,7,0.9714621101587457,1.4895310013486374,-0.5180688911898916,16280238,adba029cb3c67eef6400a0a4c47bb5c5037171c25ad0d74890d01387fbed68eb,7ce342fb8efcdbc0ee91b691cb2a5929b6b36ac4f673514554a91040d0ef8a7e
160,80,8,0.9283355557637794,1.7507752615934171,-0.8224397058296378,16280238,66ff8e738fa640e647576ea1210d0f91fd3407fa92597d1e7668dc33db2f5742,2af32059886d97472570300ed7b1d2c837a954382c60f19506187b192a2424d1
160,80,9,1.0179861291627699,1.5947007318167263,-0.5767146026539565,16280238,b03ba81bf36e0cfd81b9932c2cd427ffd5f073eb25920e9ed196357b411e7f2a,3bdf509a52e33b66b0696c6405aa12f5df650a6bf2d41d7c2df402c17223caf4
160,49,0,0.9629131818832642,2.6274503676678695,-1.6645371857846052,16249331,02eb397a6b7074789efaf79a955406d55df4044fe8bd62e3ddfedf209b4a3a91,128426a70bb5eb2cff2237f47871be865ea5d6127cb2d05ef1eb8a0f089c398e
160,49,1,0.976393848621876,2.704705072953699,-1.7283112243318233,16249331,4332de5e146733092e587081d1749faa5143ebb6d563e221c789f3dcfb0ba550,f3e66c7bb0061fa574779364e1a756c0eb9c2ac85e2f74ccca1f6abd21eb3121
160,49,2,0.9278174113428835,2.651976405642149,-1.7241589942992657,16249331,9c5bcba3e787e34ebd1e5a4a767b1b2adc437809379a4d1f40883bffc63c3d18,01f13b44ca784ce59a2339ed66c0eb47944a6a58c2b5e6ed407197fe6239ec14
160,49,3,1.024731702723162,2.6754895436598742,-1.6507578409367123,16249331,f5d28148cc008e286bc6fa5e73fe9ef3e0d6d96437db768b294c95300dafc479,02405fc8e16b2d5d019a957c73b359a347c970e2b3949bd5b772c119d79a5471
160,49,4,0.9041554203482607,2.674905426801178,-1.7707500064529171,16249331,70ef970bdf454ce1d9fe37d8ea93d003fb362628d3bcf7bbb9d278edd6899e1e,1c158ac8432e703c354b67292090c186edbfcff7738642c9920970e286a9f06f
160,49,5,0.9696891797548931,2.676738002378388,-1.707048822623495,16249331,204e9d1ac0a61d00b187d0048373f6ef68bf0e99530e9b78945bc94bd0fe8914,e1604f09759706a85de9c4b3031d9622a2be1ffba4d49b7ac1ea84fe18854c36
160,49,6,0.9240676723322875,2.62176826828784,-1.6977005959555522,16249331,afc38377de14fb0c6322e24f97ff2506e41d11a23870c3bcc42818e8e13c60d8,53d21e8e09ba345cab73f78bab03aac30fc73e53b6a34a2a6776897e85698438
160,49,7,0.9714621101587457,2.659594759440298,-1.6881326492815523,16249331,adba029cb3c67eef6400a0a4c47bb5c5037171c25ad0d74890d01387fbed68eb,fb59af9aede1ef114c77c0f697778f88113d9e2d7146dcaef7bc12e7ef02acde
160,49,8,0.9283355557637794,2.681896540711892,-1.7535609849481129,16249331,66ff8e738fa640e647576ea1210d0f91fd3407fa92597d1e7668dc33db2f5742,63cd0cb7223159102feb540fbc3f730da018d289f2d04fedffbabcde0bc386db
160,49,9,1.0179861291627699,2.9074988785901907,-1.8895127494274209,16249331,b03ba81bf36e0cfd81b9932c2cd427ffd5f073eb25920e9ed196357b411e7f2a,e56f2b27c220a11e2e60200f58f6f6e0dcd5e8f2c703cc681746791ff5fab367
160,39,0,0.9629131818832642,3.892936479942378,-2.9300232980591137,16239361,02eb397a6b7074789efaf79a955406d55df4044fe8bd62e3ddfedf209b4a3a91,b67b0fad8ee727e7b755d179bc9005410b94b19c6151492a7666d0e224879f35
160,39,1,0.976393848621876,3.4430845739176834,-2.4666907252958072,16239361,4332de5e146733092e587081d1749faa5143ebb6d563e221c789f3dcfb0ba550,d797984b6d532b7c5c50c97c16abe37228e5dc4fad8f9c867402efacc5e9e808
160,39,2,0.9278174113428835,4.8602016653249684,-3.932384253982085,16239361,9c5bcba3e787e34ebd1e5a4a767b1b2adc437809379a4d1f40883bffc63c3d18,477365cbef8fbc8a92314f01ae86f3381229d5cce48babe96b3f1f30c54004b6
160,39,3,1.024731702723162,7.778728665376034,-6.753996962652872,16239361,f5d28148cc008e286bc6fa5e73fe9ef3e0d6d96437db768b294c95300dafc479,09c420b9cb90599c3ead05ac3720a02ee0de82f825c98e717050722100a57d1a
160,39,4,0.9041554203482607,4.25852078815784,-3.3543653678095797,16239361,70ef970bdf454ce1d9fe37d8ea93d003fb362628d3bcf7bbb9d278edd6899e1e,2f8077293d52dc7c3497efd355fbb74b6665ff6dd58f3638e984ca1f08c86197
160,39,5,0.9696891797548931,7.41585245111698,-6.446163271362087,16239361,204e9d1ac0a61d00b187d0048373f6ef68bf0e99530e9b78945bc94bd0fe8914,115af798942a33379ab799138e14dea40e6843e4b518d1ca7af1d7ee9225606a
160,39,6,0.9240676723322875,3.669487954563043,-2.7454202822307554,16239361,afc38377de14fb0c6322e24f97ff2506e41d11a23870c3bcc42818e8e13c60d8,ff8b4d58a75873120c45bea4414ebe0cbb3af319caff65f3dcf84acc17721983
160,39,7,0.9714621101587457,4.186988092551128,-3.215525982392382,16239361,adba029cb3c67eef6400a0a4c47bb5c5037171c25ad0d74890d01387fbed68eb,81906e7793ad63f001c11684966e840e52ed1b9077a4f82dbd0005a66f043020
160,39,8,0.9283355557637794,3.8845667955984626,-2.9562312398346835,16239361,66ff8e738fa640e647576ea1210d0f91fd3407fa92597d1e7668dc33db2f5742,c9e4e7269c09e7b6a59a94d87793543d8bd2d395ff1479fdb7f0b6ec88111a17
160,39,9,1.0179861291627699,3.613722586838934,-2.595736457676164,16239361,b03ba81bf36e0cfd81b9932c2cd427ffd5f073eb25920e9ed196357b411e7f2a,9ae7a85045622429cf13569f15633d2fe3e6d84a6261b94e8409f9f6bbf2b9ac
160,81,0,0.9629131818832642,2.3771704632088215,-1.4142572813255572,16281235,02eb397a6b7074789efaf79a955406d55df4044fe8bd62e3ddfedf209b4a3a91,5870e6e1b76f77148fe16fe1f92004b1bd4a39dd22c09c952502fd5aa9fc4846
160,81,1,0.976393848621876,2.4021779234573777,-1.4257840748355017,16281235,4332de5e146733092e587081d1749faa5143ebb6d563e221c789f3dcfb0ba550,364f50aee114058fd68f3bb1ff3cbdb292f0b9dace9a82ac0d4a7b267b1534f0
160,81,2,0.9278174113428835,2.40404516668504,-1.4762277553421566,16281235,9c5bcba3e787e34ebd1e5a4a767b1b2adc437809379a4d1f40883bffc63c3d18,d5b36cdcc0d2a89197235a0da81346e0ba1eedce047acee7968718b13d302676
160,81,3,1.024731702723162,2.4156969909098436,-1.3909652881866816,16281235,f5d28148cc008e286bc6fa5e73fe9ef3e0d6d96437db768b294c95300dafc479,732529b0c5945ad16f2716ae8c104911bdd5041b2a383081e4981065910d10be
160,81,4,0.9041554203482607,2.40635563422129,-1.5022002138730295,16281235,70ef970bdf454ce1d9fe37d8ea93d003fb362628d3bcf7bbb9d278edd6899e1e,e9a53f0ba3e2ced83ed363c2eee9d69eeea0188ffeff18de800737312ad4d165
160,81,5,0.9696891797548931,2.382225354587967,-1.412536174833074,16281235,204e9d1ac0a61d00b187d0048373f6ef68bf0e99530e9b78945bc94bd0fe8914,62310df995e0315de6e2ec478ac199117a53268cd3210906aaac10c101fa1d4b
160,81,6,0.9240676723322875,2.437285721617113,-1.5132180492848253,16281235,afc38377de14fb0c6322e24f97ff2506e41d11a23870c3bcc42818e8e13c60d8,676fc81715d0bd1a722f285d953d7fd103872a21083df066f795f411cd4864b0
160,81,7,0.9714621101587457,2.3966168747403285,-1.4251547645815827,16281235,adba029cb3c67eef6400a0a4c47bb5c5037171c25ad0d74890d01387fbed68eb,c4948c507e2c2e6d3ca02c1d65b844394c6568373b0b3102afd074ffc8ad252d
160,81,8,0.9283355557637794,2.387519949557906,-1.4591843937941265,16281235,66ff8e738fa640e647576ea1210d0f91fd3407fa92597d1e7668dc33db2f5742,064f3d87c25e5a10b14d167fd7f1e82bf1b5fb7bae3bd24bcb49504f60f0ed36
160,81,9,1.0179861291627699,2.4436980720355166,-1.4257119428727467,16281235,b03ba81bf36e0cfd81b9932c2cd427ffd5f073eb25920e9ed196357b411e7f2a,750ae7497fbd3bc493e84a5db7dd66c966790453ef77871f204548ca7722b98a
160,30,0,0.9629131818832642,2.307424026743334,-1.3445108448600696,16230388,02eb397a6b7074789efaf79a955406d55df4044fe8bd62e3ddfedf209b4a3a91,dd3308fa8a8daf854de552819f333c25c3fc67d79d97249a6840fb24455ad99e
160,30,1,0.976393848621876,2.2729689861866387,-1.2965751375647627,16230388,4332de5e146733092e587081d1749faa5143ebb6d563e221c789f3dcfb0ba550,5c1dadce5fd4c91fe624096c5caf4487fa8ed50ac44820c8c4bcc397578cf7e1
160,30,2,0.9278174113428835,2.2808118957171573,-1.3529944843742738,16230388,9c5bcba3e787e34ebd1e5a4a767b1b2adc437809379a4d1f40883bffc63c3d18,9cad01cc4853570af4fe9877abcb504e24c0aecbe9f4bdfbc4a7b4bbf42226c5
160,30,3,1.024731702723162,2.4182905145305953,-1.3935588118074334,16230388,f5d28148cc008e286bc6fa5e73fe9ef3e0d6d96437db768b294c95300dafc479,74a2ff4e292aa11f19ff250f5db5838a573c00aaa145d0d91c3724f7f5aef18a
160,30,4,0.9041554203482607,2.2309985418605573,-1.3268431215122967,16230388,70ef970bdf454ce1d9fe37d8ea93d003fb362628d3bcf7bbb9d278edd6899e1e,925a93947cafb811d98334d0598b59deeb3c1a4509dbb9c7b2b3a6a2f0e08e7b
160,30,5,0.9696891797548931,2.291970972530158,-1.3222817927752648,16230388,204e9d1ac0a61d00b187d0048373f6ef68bf0e99530e9b78945bc94bd0fe8914,ebece42527f518bac13aaae80327d736a0fc0a5bf471700f640cf7d5f0e454f2
160,30,6,0.9240676723322875,2.252254701621421,-1.3281870292891336,16230388,afc38377de14fb0c6322e24f97ff2506e41d11a23870c3bcc42818e8e13c60d8,96378590e20709138a3bf1023c41a4eb5e11ec3f77b39720136f641ce048b993
160,30,7,0.9714621101587457,2.326714853200023,-1.3552527430412773,16230388,adba029cb3c67eef6400a0a4c47bb5c5037171c25ad0d74890d01387fbed68eb,4a108c92b23c90cd46b91b88201c5c667072ac748ed1b52d1aa4bb6bc1239b29
160,30,8,0.9283355557637794,2.3581172544074565,-1.429781698643677,16230388,66ff8e738fa640e647576ea1210d0f91fd3407fa92597d1e7668dc33db2f5742,b59958d0235db8ad90eb43b4f77bbbdd08e80f829f3fb9e7de370da739748326
160,30,9,1.0179861291627699,2.244468746450776,-1.2264826172880063,16230388,b03ba81bf36e0cfd81b9932c2cd427ffd5f073eb25920e9ed196357b411e7f2a,f192dede5ec39b95fe725f5dea41c9c9dd58feb623234a7d4d20c650a3548647
160,8,0,0.9629131818832642,2.6844712863153375,-1.7215581044320731,16208454,02eb397a6b7074789efaf79a955406d55df4044fe8bd62e3ddfedf209b4a3a91,13375b019d39cfb80e823fa4275b50a6d70dfbdd1d80318d24970cce79380e14
160,8,1,0.976393848621876,2.697072448382359,-1.7206785997604832,16208454,4332de5e146733092e587081d1749faa5143ebb6d563e221c789f3dcfb0ba550,889e9e88f96c02d91200d35b869cad9874632257c4b40cb423925ede67d9404c
160,8,2,0.9278174113428835,2.5701074315253822,-1.6422900201824988,16208454,9c5bcba3e787e34ebd1e5a4a767b1b2adc437809379a4d1f40883bffc63c3d18,733af98e03a7271461e4e31614910b4706994e96de0510d232136fa23bc5da57
160,8,3,1.024731702723162,2.689591177450466,-1.664859474727304,16208454,f5d28148cc008e286bc6fa5e73fe9ef3e0d6d96437db768b294c95300dafc479,6e40e489a6388780a9bda3fcc5718e1e2cc8815b23d74f78170be60d193f3406
160,8,4,0.9041554203482607,2.7596010054209774,-1.8554455850727167,16208454,70ef970bdf454ce1d9fe37d8ea93d003fb362628d3bcf7bbb9d278edd6899e1e,ff9b9e18672ff1776ef9fb7193368a5eac4221190be5abb57b4d355d52317586
160,8,5,0.9696891797548931,2.5803978607256632,-1.6107086809707702,16208454,204e9d1ac0a61d00b187d0048373f6ef68bf0e99530e9b78945bc94bd0fe8914,67e6bdf0fdeaf06569163a3aac5ee581ac48b7b3eaf174677f0a15ee6e2cee74
160,8,6,0.9240676723322875,2.314158657952503,-1.3900909856202155,16208454,afc38377de14fb0c6322e24f97ff2506e41d11a23870c3bcc42818e8e13c60d8,663b23b199effe8f9bb7b3bc6c578708b206a028006383e2e89d09dabab5dd58
160,8,7,0.9714621101587457,2.5603893129496154,-1.5889272027908696,16208454,adba029cb3c67eef6400a0a4c47bb5c5037171c25ad0d74890d01387fbed68eb,28ef725454a6532efb9a37761256a31f84a94b9f5e9538727952ba2e62aeedea
160,8,8,0.9283355557637794,2.544335057052913,-1.6159995012891335,16208454,66ff8e738fa640e647576ea1210d0f91fd3407fa92597d1e7668dc33db2f5742,43d6088165af7722defed44462edb615f9f53c36645838cef2b71af03663631e
160,8,9,1.0179861291627699,2.5730359741334006,-1.5550498449706307,16208454,b03ba81bf36e0cfd81b9932c2cd427ffd5f073eb25920e9ed196357b411e7f2a,7c13ea61bff37ecb309aee3e4f1f0512e51ff79d06dc5dff073a97de074b21e7
