candidate,round,source_replicates,heldout_replicate,single_Q_int_pearson,averaged_Q_int_pearson,delta_Q_int_pearson,single_Q_int_spearman,averaged_Q_int_spearman,delta_Q_int_spearman,single_functional_percentile,averaged_functional_percentile,delta_functional_percentile,single_heldout_optimal_overlap,averaged_heldout_optimal_overlap,delta_heldout_optimal_overlap,single_exact_heldout_fraction,averaged_exact_heldout,source_single_pair_overlap,averaged_to_source_overlap,single_margin_per_K,averaged_margin_per_K,delta_margin_per_K,single_margin_relative_Q_std,averaged_margin_relative_Q_std,delta_margin_relative_Q_std,single_G_vs_baseline,averaged_G_vs_baseline,single_G_quality_percentile,averaged_G_quality_percentile,single_A_vs_baseline,averaged_A_vs_baseline,single_A_quality_percentile,averaged_A_quality_percentile,single_adapted_loss_vs_baseline,averaged_adapted_loss_vs_baseline,single_adapted_loss_quality_percentile,averaged_adapted_loss_quality_percentile
Full,1,"[1, 2]",0,0.3964945957130585,0.5033328574530176,0.10683826173995908,0.47318331833183314,0.6025802580258025,0.12939693969396937,66.05,84.8,18.75,0.25,0.0,-0.25,0.0,False,0.1,0.44999999999999996,0.017074950642563057,0.008749453417446063,-0.008325497225116994,0.058265280966650804,0.03030367602776967,-0.027961604938881134,0.00859191417694094,0.019680953025817904,76.35,89.8,-0.02363684177398684,0.00097758769989012,60.900000000000006,82.3,0.023636841773986728,-0.0009775876998903144,60.900000000000006,82.3
G,1,"[1, 2]",0,0.5001089222481119,0.6037586516214865,0.10364972937337458,0.4999399939993999,0.6215061506150614,0.1215661566156615,67.78333333333333,75.6,7.816666666666663,0.2,0.2,0.0,0.0,False,0.1,0.35,0.007087013214906434,0.0014458811303247553,-0.0056411320845816786,0.07087013214916016,0.014458811303275546,-0.05641132084588461,0.011199057102203383,0.025617432594299328,80.94999999999999,91.6,-0.025964784622192386,-0.021103501319885254,61.2,67.6,0.025964784622192427,0.021103501319885254,61.2,67.6
Full,1,"[0, 2]",1,0.3546544164238208,0.43946497869344825,0.08481056226962747,0.4615361536153615,0.4761356135613561,0.014599459945994597,80.31666666666666,75.89999999999999,-4.416666666666671,0.3,0.2,-0.09999999999999998,0.0,False,0.0,0.25,0.015130058976684246,0.0021345218776028575,-0.012995537099081389,0.05144335328402244,0.007015173845970137,-0.0444281794380523,0.0801850616931915,0.07634397745132443,87.45,93.3,0.04508837461471554,0.032290244102477994,76.75,67.2,-0.04508837461471571,-0.03229024410247794,76.75,67.2
G,1,"[0, 2]",1,0.5216365095760043,0.6371974224613698,0.11556091288536552,0.551005100510051,0.6464446444644464,0.09543954395439536,82.51666666666667,74.76666666666667,-7.75,0.2,0.2,0.0,0.0,False,0.1,0.4,0.003333183403423723,0.0001579020286591959,-0.003175281374764527,0.03333183403428527,0.0015790202865943622,-0.03175281374769091,0.08855381608009338,0.07627166509628297,90.65,93.3,0.04906048774719235,0.029723572731018055,78.44999999999999,65.5,-0.049060487747192294,-0.02972357273101789,78.44999999999999,65.5
Full,1,"[0, 1]",2,0.25277012481738914,0.2754413598505682,0.022671235033179082,0.36028202820282024,0.3025862586258625,-0.05769576957695771,64.2,74.43333333333332,10.23333333333332,0.05,0.1,0.05,0.0,False,0.5,0.6000000000000001,0.0022423009734254596,0.004298887868969992,0.002056586895544532,0.007779600273845972,0.014122505467407594,0.006342905193561622,-0.005144184827804543,-0.00038973093032834694,93.8,95.1,-0.06739227771759035,-0.05434834957122803,49.4,64.1,0.06739227771759038,0.05434834957122803,49.4,64.1
G,1,"[0, 1]",2,0.3995890945466387,0.44362731992891075,0.044038225382272034,0.4422202220222022,0.43150315031503145,-0.010717071707170733,70.31666666666666,66.0,-4.316666666666663,0.1,0.1,0.0,0.0,False,0.3,0.6000000000000001,0.0037763959799688163,0.002492997397345187,-0.0012833985826236293,0.03776395979973614,0.024929973973484128,-0.01283398582625201,0.006113854050636303,-0.008221554756164484,96.44999999999999,93.2,-0.06003892123699189,-0.06438399553298951,57.25,52.4,0.06003892123699184,0.06438399553298968,57.25,52.4
Full,5,"[1, 2]",0,0.6412186074728086,0.709034608550781,0.06781600107797248,0.5863846384638463,0.6256465646564656,0.03926192619261937,80.96666666666667,98.53333333333335,17.566666666666677,0.4,0.3,-0.10000000000000003,0.0,False,0.2,0.55,0.0036739075828068125,0.0045447010948283404,0.000870793512021528,0.011919661794923422,0.014739892173552236,0.002820230378628814,11.985871845483782,14.661420905590063,80.9,98.6,12.060784596204758,14.702570974826813,81.0,98.5,-12.060784596204755,-14.702570974826813,81.0,98.5
G,5,"[1, 2]",0,0.6661917068318381,0.7298680030908408,0.06367629625900262,0.6164776477647764,0.653045304530453,0.036567656765676526,84.71666666666667,99.8,15.083333333333329,0.39999999999999997,0.6,0.2,0.0,False,0.2,0.55,0.0018647172150189073,0.0008106221344401643,-0.001054095080578743,0.018647172150189427,0.008106221344401804,-0.010540950805787623,12.555962121486669,17.32672164440155,84.55,99.8,12.659687566757203,17.387516379356384,84.8,99.8,-12.6596875667572,-17.387516379356384,84.8,99.8
Full,5,"[0, 2]",1,0.6320105450788869,0.6943433478568604,0.062332802777973484,0.6235703570357035,0.7011941194119411,0.07762376237623758,98.86666666666667,98.90000000000002,0.03333333333334565,0.25,0.4,0.15000000000000002,0.0,False,0.5,0.7,0.007288429569748355,0.009979338674391335,0.00269090910464298,0.023799749054503175,0.03250880892325435,0.008709059868751173,10.656429535150526,10.632600796222686,99.0,98.9,10.662167048454286,10.593406331539157,98.8,98.9,-10.662167048454284,-10.593406331539153,98.8,98.9
G,5,"[0, 2]",1,0.6614641224685263,0.7218497253590129,0.06038560289048667,0.6565976597659765,0.7344854485448544,0.07788778877887792,98.98333333333335,98.90000000000002,-0.0833333333333286,0.15000000000000002,0.1,-0.05000000000000002,0.0,False,0.7,0.85,0.0018885336538196017,0.00030140370929823137,-0.0015871299445213705,0.018885336538196365,0.003014037092982369,-0.015871299445213996,10.895351767539976,10.781163763999938,99.05000000000001,98.9,10.920702862739564,10.832698023319246,98.95,98.9,-10.920702862739562,-10.832698023319242,98.95,98.9
Full,5,"[0, 1]",2,0.6500417282047914,0.7214729361138181,0.07143120790902668,0.5562376237623763,0.6148934893489347,0.05865586558655844,90.65,100.0,9.349999999999994,0.35,0.5,0.15000000000000002,0.0,False,0.3,0.35,0.006726301775711629,0.0029679163253719665,-0.0037583854503396626,0.02198966815766837,0.009684907011631841,-0.012304761146036527,10.801928155124184,17.0487835586071,90.55000000000001,100.0,10.879458306729791,17.050830096006393,90.7,100.0,-10.879458306729791,-17.050830096006393,90.7,100.0
G,5,"[0, 1]",2,0.6735339423032907,0.7404408717872445,0.06690692948395383,0.577029702970297,0.6362316231623162,0.0592019201920192,87.13333333333333,99.90000000000002,12.766666666666694,0.44999999999999996,0.3,-0.14999999999999997,0.0,False,0.1,0.3,0.000535004543974682,0.0003296964194431151,-0.00020530812453156688,0.005350045439746919,0.003296964194431215,-0.002053081245315704,10.623660965263841,15.224535107612606,87.0,99.9,10.752304919064043,15.270064043998715,87.2,99.9,-10.752304919064043,-15.270064043998715,87.2,99.9
Full,10,"[1, 2]",0,0.44963905055944386,0.6027466843334283,0.1531076337739844,0.41935793579357933,0.5803060306030602,0.16094809480948086,98.63333333333333,99.90000000000002,1.2666666666666941,0.15000000000000002,0.2,0.04999999999999999,0.0,False,0.1,0.5,0.008996188229789048,0.010766528516816365,0.0017703402870273173,0.028828772443220442,0.034493961469685114,0.005665189026464672,15.382323479652406,17.731493878364567,98.6,99.9,15.43426434993744,17.748735713958744,98.65,99.9,-15.43426434993744,-17.748735713958737,98.65,99.9
G,10,"[1, 2]",0,0.4487434252923583,0.596067370557269,0.14732394526491072,0.41800780078007793,0.5755775577557756,0.15756975697569764,97.63333333333333,100.0,2.3666666666666742,0.15000000000000002,0.2,0.04999999999999999,0.0,False,0.1,0.4,0.007164205103922949,0.002550268231944752,-0.004613936871978197,0.07164205103923049,0.025502682319447974,-0.04613936871978252,14.286953961849214,20.355403709411622,97.5,100.0,14.365444254875186,20.40432624816895,97.7,100.0,-14.365444254875186,-20.404326248168942,97.7,100.0
Full,10,"[0, 2]",1,0.3293497127664754,0.324450510350874,-0.004899202415601378,0.34312631263126314,0.43069906990699064,0.0875727572757275,93.4,96.2,2.799999999999997,0.15000000000000002,0.3,0.14999999999999997,0.0,False,0.1,0.35,0.012651498127894456,0.02966068800702857,0.017009189879134114,0.04099515644107543,0.09511646663394065,0.054121310192865216,16.272652155160905,18.05510083436966,93.3,96.2,16.283230471611027,18.035692930221558,93.45,96.2,-16.28323047161102,-18.035692930221558,93.45,96.2
G,10,"[0, 2]",1,0.3325941836151451,0.3313544797035377,-0.0012397039116073816,0.34535853585358534,0.43260726072607253,0.0872487248724872,93.26666666666668,95.66666666666667,2.3999999999999915,0.15000000000000002,0.0,-0.15000000000000002,0.0,False,0.1,0.25,0.0040832891297652545,0.002769814566138873,-0.0013134745636263815,0.04083289129765312,0.027698145661389284,-0.013134745636263837,16.125948965549473,17.529456686973575,93.19999999999999,95.6,16.125049519538884,17.522728776931764,93.30000000000001,95.7,-16.125049519538877,-17.522728776931764,93.30000000000001,95.7
Full,10,"[0, 1]",2,0.1285417085351215,0.12885967912364435,0.0003179705885228423,0.20146414641464144,0.23066306630663064,0.029198919891989195,77.33333333333334,97.2,19.86666666666666,0.1,0.2,0.1,0.0,False,0.2,0.45,0.008454905340835418,0.005442388388717845,-0.003012516952117573,0.027865699614808434,0.017887539984204514,-0.00997815963060392,22.907930642366416,34.31202533245087,77.1,97.2,22.953043222427368,34.28748478889465,77.45,97.2,-22.953043222427368,-34.28748478889465,77.45,97.2
G,10,"[0, 1]",2,0.13300619312801876,0.13250506320412292,-0.0005011299238958378,0.20937893789378936,0.2443444344434443,0.034965496549654945,71.63333333333334,90.03333333333335,18.400000000000006,0.1,0.1,0.0,0.0,False,0.2,0.55,0.0033783975708419514,0.002259316489669505,-0.0011190810811724464,0.033783975708420004,0.022593164896695456,-0.011190810811724548,21.021093529462824,28.35696721076966,71.4,89.9,21.079960441589357,28.356978559494017,71.75,90.1,-21.079960441589357,-28.356978559494017,71.75,90.1
Full,20,"[1, 2]",0,0.5542628350617198,0.6675607782242446,0.11329794316252484,0.5461506150615061,0.6725112511251126,0.12636063606360648,99.85000000000001,100.0,0.14999999999999147,0.25,0.3,0.04999999999999999,0.0,False,0.3,0.6499999999999999,0.009053315144007267,0.020370009321025506,0.011316694177018239,0.030061142001636804,0.06778184584980952,0.03772070384817272,20.05312044620514,23.666275572776797,99.85,100.0,20.03390927314758,23.719505596160886,99.85,100.0,-20.033909273147582,-23.719505596160886,99.85,100.0
G,20,"[1, 2]",0,0.590465088939595,0.7012121384671196,0.11074704952752457,0.5851125112511251,0.7132913291329133,0.1281788178817882,99.26666666666668,100.0,0.7333333333333201,0.2,0.2,0.0,0.0,False,0.2,0.55,0.004540469709652584,0.004763324641098521,0.00022285493144593663,0.04540469709652656,0.04763324641098627,0.0022285493144597116,19.944145214557647,22.879452645778656,99.3,100.0,19.94396395683288,22.854976272583002,99.25,100.0,-19.943963956832885,-22.85497627258301,99.25,100.0
Full,20,"[0, 2]",1,0.35005748267312514,0.37775003554481784,0.0276925528716927,0.4017281728172817,0.45148514851485144,0.04975697569756976,98.60000000000001,95.59999999999998,-3.0000000000000284,0.25,0.4,0.15000000000000002,0.0,False,0.3,0.55,0.0018740171352741087,0.024935138855120796,0.023061121719846686,0.006339294005465522,0.08375472036656519,0.07741542636109966,17.45872719287872,12.527209520339966,98.6,95.6,17.4945915222168,12.557407951354989,98.6,95.6,-17.494591522216794,-12.557407951354975,98.6,95.6
G,20,"[0, 2]",1,0.3964033141830654,0.4251431446043693,0.028739830421303902,0.45501350135013496,0.5079267926792678,0.052913291329132806,93.30000000000001,96.13333333333333,2.8333333333333144,0.2,0.4,0.2,0.0,False,0.2,0.5,0.003420800509377386,0.00434428434698475,0.0009234838376073642,0.03420800509377454,0.043442843469848565,0.009234838376074021,11.82375028729438,13.4837000131607,93.2,96.0,11.87782907485962,13.556683540344238,93.35,96.2,-11.87782907485962,-13.556683540344238,93.35,96.2
Full,20,"[0, 1]",2,0.5273436644249409,0.6313821830157543,0.10403851859081348,0.535037503750375,0.6653105310531051,0.13027302730273016,98.21666666666667,99.5,1.2833333333333314,0.3,0.4,0.10000000000000003,0.0,False,0.2,0.5,0.007207555779758667,0.02506377211358295,0.017856216333824282,0.023814959854835713,0.08297591259065427,0.05916095273581856,15.270662641525263,17.38270478248596,98.25,99.5,15.20894632339477,17.333328247070312,98.2,99.5,-15.208946323394777,-17.333328247070312,98.2,99.5
G,20,"[0, 1]",2,0.5571878649499976,0.6535146990076898,0.09632683405769216,0.5614581458145814,0.6824722472247224,0.12101410141014102,99.51666666666667,99.83333333333333,0.3166666666666629,0.2,0.2,0.0,0.0,False,0.2,0.6,0.00717928468992568,0.01573565948150275,0.00855637479157707,0.07179284689925802,0.15735659481503048,0.08556374791577245,18.35615795254707,20.435057640075676,99.55000000000001,99.9,18.321503543853755,20.403151702880855,99.5,99.8,-18.321503543853762,-20.403151702880862,99.5,99.8
Full,40,"[1, 2]",0,0.5311703269485775,0.6233513707477453,0.0921810437991678,0.5468346834683468,0.614161416141614,0.06732673267326716,77.48333333333335,98.5,21.01666666666665,0.25,0.3,0.04999999999999999,0.0,False,0.4,0.5,0.00936039442117309,0.012426383226453019,0.003065988805279928,0.03139417750994282,0.04182339838910523,0.010429220879162412,18.35199941992758,26.355518245697,77.45,98.5,18.354050254821786,26.37121887207033,77.5,98.5,-18.354050254821786,-26.37121887207033,77.5,98.5
G,40,"[1, 2]",0,0.5279617959144474,0.6125467705212173,0.08458497460676995,0.5469666966696669,0.6062886288628863,0.05932193219321935,75.16666666666669,99.90000000000002,24.733333333333334,0.35,0.5,0.15000000000000002,0.0,False,0.2,0.4,0.0023412597591471185,0.0012886246775766885,-0.00105263508157043,0.023412597591471344,0.012886246775766965,-0.01052635081570438,17.175170058012,33.805311965942366,75.2,99.9,17.20203819274903,33.81597595214845,75.15,99.9,-17.20203819274903,-33.81597595214845,75.15,99.9
Full,40,"[0, 2]",1,0.6255128523767528,0.7527217610355332,0.12720890865878043,0.606078607860786,0.6835043504350434,0.07742574257425738,99.55,99.7,0.15000000000000568,0.35,0.4,0.050000000000000044,0.0,False,0.2,0.6,0.011749738523306387,0.022202383954005356,0.01045264543069897,0.03930040130226137,0.07466513010516236,0.035364728802900994,60.83127621412278,62.27482246160508,99.55,99.7,60.80591678619386,62.22756156921389,99.55,99.7,-60.80591678619385,-62.22756156921386,99.55,99.7
G,40,"[0, 2]",1,0.6268597659964965,0.7520122925725657,0.12515252657606923,0.6188058805880587,0.6816801680168016,0.0628742874287429,99.67499999999998,99.59999999999998,-0.07500000000000284,0.30000000000000004,0.4,0.09999999999999998,0.0,False,0.3,0.65,0.0020525917937863182,0.004395263609601718,0.0023426718158153998,0.020525917937863326,0.043952636096017475,0.02342671815815415,61.413723886013045,59.59224207401277,99.675,99.6,61.40658130645754,59.54971427917482,99.675,99.6,-61.406581306457525,-59.54971427917482,99.675,99.6
Full,40,"[0, 1]",2,0.4805190955809893,0.5312664780228967,0.05074738244190741,0.4527032703270326,0.4605100510051005,0.007806780678067893,87.38333333333334,62.03333333333333,-25.35000000000001,0.30000000000000004,0.2,-0.10000000000000003,0.0,False,0.3,0.6,0.01409748582946908,0.0016962690890961695,-0.01240121674037291,0.04698160575026786,0.005665124365010663,-0.041316481385257196,20.207592260837544,7.009520888328552,87.55000000000001,62.3,20.16669273376465,6.934389686584467,87.30000000000001,61.9,-20.16669273376465,-6.934389686584467,87.30000000000001,61.9
G,40,"[0, 1]",2,0.4966001884717963,0.5513210007516409,0.0547208122798446,0.4966096609660965,0.5078427842784278,0.011233123312331283,89.66666666666669,93.3,3.6333333333333115,0.25,0.2,-0.04999999999999999,0.0,False,0.4,0.65,0.0012177183649068057,0.0011271782007233,-9.054016418350583e-05,0.012177183649068115,0.01127178200723306,-0.000905401641835054,24.274414801597587,20.8215195417404,89.7,93.3,24.237986183166505,20.815168190002453,89.65,93.3,-24.237986183166512,-20.815168190002453,89.65,93.3
