round,client_id,task_id,global_loss,reset_loss,adapted_loss,G,A,D,C,gradient_norm,delta_norm,alignment_valid,probe_seed,support_hash,query_hash,task_hash
1,80,0,3.106905460357666,3.0760581493377686,3.1431756019592285,-0.06711745262145996,-0.0362701416015625,0.0362701416015625,0.002205686680493693,3.186175971502148,15.431840963869103,True,479761,861c9947801c9772b536e56a66dbd092fa4e006a5bb424e5be819d94dfce378d,4719b46364da14e1d70736be0b9b9feaa37af45c99e41ef07a4b706e522c271b,5819d85e27ce2802c70d1dc05aae1e784069455873808840b7a934502697bbfb
1,80,1,3.106905460357666,3.1060054302215576,3.3899526596069336,-0.283947229385376,-0.2830471992492676,0.2830471992492676,0.002861656938818481,2.5788033677178657,15.485883121904656,True,479761,861c9947801c9772b536e56a66dbd092fa4e006a5bb424e5be819d94dfce378d,4719b46364da14e1d70736be0b9b9feaa37af45c99e41ef07a4b706e522c271b,b6d52bd716389341b3d3a9928d0df713465678fdd6d1a08766a188c1144849ce
1,80,2,3.106905460357666,2.9108352661132812,3.1882951259613037,-0.27745985984802246,-0.0813896656036377,0.0813896656036377,-0.00033947759866154766,3.491661733292551,15.447643380784278,True,479761,861c9947801c9772b536e56a66dbd092fa4e006a5bb424e5be819d94dfce378d,4719b46364da14e1d70736be0b9b9feaa37af45c99e41ef07a4b706e522c271b,9cff9fd285f061891d5b1cb6616ad7826bbefde42baabf0c7cea16f3ef9bac60
1,80,3,3.106905460357666,3.191737174987793,3.2889468669891357,-0.09720969200134277,-0.18204140663146973,0.18204140663146973,0.0023237265330908878,3.839275977668962,15.50540600059142,True,479761,861c9947801c9772b536e56a66dbd092fa4e006a5bb424e5be819d94dfce378d,4719b46364da14e1d70736be0b9b9feaa37af45c99e41ef07a4b706e522c271b,089d03cd634d83644fbb15b717e244be71cf87b754c4de7d6efb3d86eaa7634e
1,80,4,3.106905460357666,3.103957414627075,3.2598633766174316,-0.15590596199035645,-0.15295791625976562,0.15295791625976562,0.0006292091890834881,3.3646963253867384,15.497548981500348,True,479761,861c9947801c9772b536e56a66dbd092fa4e006a5bb424e5be819d94dfce378d,4719b46364da14e1d70736be0b9b9feaa37af45c99e41ef07a4b706e522c271b,a0f3f6b183a723a18a280e0ad66a0d239e142f34450cde1a5afd4a76d43af12a
1,80,5,3.106905460357666,3.293125629425049,3.237119197845459,0.056006431579589844,-0.13021373748779297,0.13021373748779297,0.0018804965976081587,3.8657403318992216,15.499367001430587,True,479761,861c9947801c9772b536e56a66dbd092fa4e006a5bb424e5be819d94dfce378d,4719b46364da14e1d70736be0b9b9feaa37af45c99e41ef07a4b706e522c271b,dfea0a90d0d7a2ac0b82246d18940c994176c77080ac06044f8dca5edc07d60d
1,80,6,3.106905460357666,2.9689555168151855,3.4894673824310303,-0.5205118656158447,-0.38256192207336426,0.38256192207336426,0.0016674519426270991,2.907328485683939,15.498380570393822,True,479761,861c9947801c9772b536e56a66dbd092fa4e006a5bb424e5be819d94dfce378d,4719b46364da14e1d70736be0b9b9feaa37af45c99e41ef07a4b706e522c271b,12058dcc015cf096a0022f54a0dc66f1418a485962094c544a80b65e1cdd5086
1,80,7,3.106905460357666,3.0835633277893066,3.0926804542541504,-0.00911712646484375,0.014225006103515625,0.0,0.0031897520307921164,3.1547230317787456,15.484318718719047,True,479761,861c9947801c9772b536e56a66dbd092fa4e006a5bb424e5be819d94dfce378d,4719b46364da14e1d70736be0b9b9feaa37af45c99e41ef07a4b706e522c271b,b41cbc62c853919fde9a0a7a37bd397e259e2d4c7266da47a3e935ca6566f707
1,80,8,3.106905460357666,3.418020248413086,2.911351203918457,0.5066690444946289,0.19555425643920898,0.0,0.007450517747444503,3.6594060159517063,15.486274941177498,True,479761,861c9947801c9772b536e56a66dbd092fa4e006a5bb424e5be819d94dfce378d,4719b46364da14e1d70736be0b9b9feaa37af45c99e41ef07a4b706e522c271b,a530b357ad08f0fa98a8d1a2afa85495c38feccdc2619abb6c26829b78a9a9ec
1,80,9,3.106905460357666,3.210404872894287,3.350564479827881,-0.14015960693359375,-0.24365901947021484,0.24365901947021484,0.005659133843187354,4.162793364176188,15.453828986564561,True,479761,861c9947801c9772b536e56a66dbd092fa4e006a5bb424e5be819d94dfce378d,4719b46364da14e1d70736be0b9b9feaa37af45c99e41ef07a4b706e522c271b,06d7f844f996f0066d7cbc9ea324dc63d62782c0ec201c6fcc11ccb60879a6f9
1,84,0,2.5970804691314697,2.642426013946533,1.6371595859527588,1.0052664279937744,0.9599208831787109,0.0,0.005260686195405507,1.7282732002944527,15.431840963869103,True,483749,67f1af47db74edf3e96a01993c07d32d9ce91b2c61b825d3cce364fe36f886c1,b8bfa13fa0c04797fe298808f6c3a26365acbe10b76becd8752524af78080e68,5819d85e27ce2802c70d1dc05aae1e784069455873808840b7a934502697bbfb
1,84,1,2.5970804691314697,2.647189140319824,1.668445348739624,0.9787437915802002,0.9286351203918457,0.0,0.00392984406541812,1.7384490205857908,15.485883121904656,True,483749,67f1af47db74edf3e96a01993c07d32d9ce91b2c61b825d3cce364fe36f886c1,b8bfa13fa0c04797fe298808f6c3a26365acbe10b76becd8752524af78080e68,b6d52bd716389341b3d3a9928d0df713465678fdd6d1a08766a188c1144849ce
1,84,2,2.5970804691314697,2.6058969497680664,1.6069042682647705,0.9989926815032959,0.9901762008666992,0.0,0.00238434637179498,2.534547503274396,15.447643380784278,True,483749,67f1af47db74edf3e96a01993c07d32d9ce91b2c61b825d3cce364fe36f886c1,b8bfa13fa0c04797fe298808f6c3a26365acbe10b76becd8752524af78080e68,9cff9fd285f061891d5b1cb6616ad7826bbefde42baabf0c7cea16f3ef9bac60
1,84,3,2.5970804691314697,2.674534797668457,1.6685333251953125,1.0060014724731445,0.9285471439361572,0.0,0.0028785926198499445,2.3451196448426783,15.50540600059142,True,483749,67f1af47db74edf3e96a01993c07d32d9ce91b2c61b825d3cce364fe36f886c1,b8bfa13fa0c04797fe298808f6c3a26365acbe10b76becd8752524af78080e68,089d03cd634d83644fbb15b717e244be71cf87b754c4de7d6efb3d86eaa7634e
1,84,4,2.5970804691314697,2.600982189178467,1.5026631355285645,1.0983190536499023,1.0944173336029053,0.0,0.0035717655011821255,2.0073820041741066,15.497548981500348,True,483749,67f1af47db74edf3e96a01993c07d32d9ce91b2c61b825d3cce364fe36f886c1,b8bfa13fa0c04797fe298808f6c3a26365acbe10b76becd8752524af78080e68,a0f3f6b183a723a18a280e0ad66a0d239e142f34450cde1a5afd4a76d43af12a
1,84,5,2.5970804691314697,2.5864500999450684,1.493949055671692,1.0925010442733765,1.1031314134597778,0.0,0.0002529940766630905,2.4316698530624645,15.499367001430587,True,483749,67f1af47db74edf3e96a01993c07d32d9ce91b2c61b825d3cce364fe36f886c1,b8bfa13fa0c04797fe298808f6c3a26365acbe10b76becd8752524af78080e68,dfea0a90d0d7a2ac0b82246d18940c994176c77080ac06044f8dca5edc07d60d
1,84,6,2.5970804691314697,2.5246033668518066,1.699118733406067,0.8254846334457397,0.8979617357254028,0.0,0.004309131726213693,1.3531162104972603,15.498380570393822,True,483749,67f1af47db74edf3e96a01993c07d32d9ce91b2c61b825d3cce364fe36f886c1,b8bfa13fa0c04797fe298808f6c3a26365acbe10b76becd8752524af78080e68,12058dcc015cf096a0022f54a0dc66f1418a485962094c544a80b65e1cdd5086
1,84,7,2.5970804691314697,2.6976470947265625,1.574876070022583,1.1227710247039795,1.0222043991088867,0.0,0.00681793040800899,2.176515890056493,15.484318718719047,True,483749,67f1af47db74edf3e96a01993c07d32d9ce91b2c61b825d3cce364fe36f886c1,b8bfa13fa0c04797fe298808f6c3a26365acbe10b76becd8752524af78080e68,b41cbc62c853919fde9a0a7a37bd397e259e2d4c7266da47a3e935ca6566f707
1,84,8,2.5970804691314697,2.751335620880127,1.621662974357605,1.129672646522522,0.9754174947738647,0.0,0.010411337968840301,2.3198529618234756,15.486274941177498,True,483749,67f1af47db74edf3e96a01993c07d32d9ce91b2c61b825d3cce364fe36f886c1,b8bfa13fa0c04797fe298808f6c3a26365acbe10b76becd8752524af78080e68,a530b357ad08f0fa98a8d1a2afa85495c38feccdc2619abb6c26829b78a9a9ec
1,84,9,2.5970804691314697,2.690441608428955,1.7289936542510986,0.9614479541778564,0.8680868148803711,0.0,0.005253222788344863,2.964384720811021,15.453828986564561,True,483749,67f1af47db74edf3e96a01993c07d32d9ce91b2c61b825d3cce364fe36f886c1,b8bfa13fa0c04797fe298808f6c3a26365acbe10b76becd8752524af78080e68,06d7f844f996f0066d7cbc9ea324dc63d62782c0ec201c6fcc11ccb60879a6f9
1,33,0,2.632310390472412,2.6540603637695312,1.259905219078064,1.3941551446914673,1.3724051713943481,0.0,0.0011244165871192966,2.3885131269363167,15.431840963869103,True,432902,3632127460c607da6e6f72374966278e2e1ce115f73ff5269a96ce01a8db800c,2d9b5d19ef21bf04eb900dfcf42daeef41bd556aab6bebef9806affae02dcc7f,5819d85e27ce2802c70d1dc05aae1e784069455873808840b7a934502697bbfb
1,33,1,2.632310390472412,2.6234993934631348,1.32879638671875,1.2947030067443848,1.303514003753662,0.0,-0.00024968387641931283,2.263308995736779,15.485883121904656,True,432902,3632127460c607da6e6f72374966278e2e1ce115f73ff5269a96ce01a8db800c,2d9b5d19ef21bf04eb900dfcf42daeef41bd556aab6bebef9806affae02dcc7f,b6d52bd716389341b3d3a9928d0df713465678fdd6d1a08766a188c1144849ce
1,33,2,2.632310390472412,2.6570749282836914,1.2080247402191162,1.4490501880645752,1.424285650253296,0.0,0.0030220239482944495,2.6906973707127824,15.447643380784278,True,432902,3632127460c607da6e6f72374966278e2e1ce115f73ff5269a96ce01a8db800c,2d9b5d19ef21bf04eb900dfcf42daeef41bd556aab6bebef9806affae02dcc7f,9cff9fd285f061891d5b1cb6616ad7826bbefde42baabf0c7cea16f3ef9bac60
1,33,3,2.632310390472412,2.651191234588623,1.3173514604568481,1.333839774131775,1.314958930015564,0.0,0.0017269325136880077,2.029682497498456,15.50540600059142,True,432902,3632127460c607da6e6f72374966278e2e1ce115f73ff5269a96ce01a8db800c,2d9b5d19ef21bf04eb900dfcf42daeef41bd556aab6bebef9806affae02dcc7f,089d03cd634d83644fbb15b717e244be71cf87b754c4de7d6efb3d86eaa7634e
1,33,4,2.632310390472412,2.723017692565918,1.319390892982483,1.403626799583435,1.3129194974899292,0.0,0.006572768966923612,2.0230469604512615,15.497548981500348,True,432902,3632127460c607da6e6f72374966278e2e1ce115f73ff5269a96ce01a8db800c,2d9b5d19ef21bf04eb900dfcf42daeef41bd556aab6bebef9806affae02dcc7f,a0f3f6b183a723a18a280e0ad66a0d239e142f34450cde1a5afd4a76d43af12a
1,33,5,2.632310390472412,2.7762291431427,1.312960147857666,1.4632689952850342,1.319350242614746,0.0,0.003802062864686937,2.148834492791731,15.499367001430587,True,432902,3632127460c607da6e6f72374966278e2e1ce115f73ff5269a96ce01a8db800c,2d9b5d19ef21bf04eb900dfcf42daeef41bd556aab6bebef9806affae02dcc7f,dfea0a90d0d7a2ac0b82246d18940c994176c77080ac06044f8dca5edc07d60d
1,33,6,2.632310390472412,2.7136638164520264,1.2580244541168213,1.455639362335205,1.3742859363555908,0.0,0.004600329873524127,1.6916381458051823,15.498380570393822,True,432902,3632127460c607da6e6f72374966278e2e1ce115f73ff5269a96ce01a8db800c,2d9b5d19ef21bf04eb900dfcf42daeef41bd556aab6bebef9806affae02dcc7f,12058dcc015cf096a0022f54a0dc66f1418a485962094c544a80b65e1cdd5086
1,33,7,2.632310390472412,2.6578617095947266,1.331187129020691,1.3266745805740356,1.3011232614517212,0.0,0.0028896484198574213,2.805675607243196,15.484318718719047,True,432902,3632127460c607da6e6f72374966278e2e1ce115f73ff5269a96ce01a8db800c,2d9b5d19ef21bf04eb900dfcf42daeef41bd556aab6bebef9806affae02dcc7f,b41cbc62c853919fde9a0a7a37bd397e259e2d4c7266da47a3e935ca6566f707
1,33,8,2.632310390472412,2.844179630279541,1.351675033569336,1.492504596710205,1.2806353569030762,0.0,0.006614065590792618,2.9612324360460733,15.486274941177498,True,432902,3632127460c607da6e6f72374966278e2e1ce115f73ff5269a96ce01a8db800c,2d9b5d19ef21bf04eb900dfcf42daeef41bd556aab6bebef9806affae02dcc7f,a530b357ad08f0fa98a8d1a2afa85495c38feccdc2619abb6c26829b78a9a9ec
1,33,9,2.632310390472412,2.6433615684509277,1.3759410381317139,1.2674205303192139,1.2563693523406982,0.0,0.004905690406496906,2.5171491806746444,15.453828986564561,True,432902,3632127460c607da6e6f72374966278e2e1ce115f73ff5269a96ce01a8db800c,2d9b5d19ef21bf04eb900dfcf42daeef41bd556aab6bebef9806affae02dcc7f,06d7f844f996f0066d7cbc9ea324dc63d62782c0ec201c6fcc11ccb60879a6f9
1,81,0,2.5435831546783447,2.522017478942871,2.222564697265625,0.2994527816772461,0.3210184574127197,0.0,2.3926174827064664e-05,2.266153590762135,15.431840963869103,True,480758,2e7cb2a6b5ea261a32c8cd3f5d5656654ae357fd4143176f61f78e9a9b1d8e7d,80998d439c44813e51c71d629c0cf52105f07c1cf0d589c9edf0a4f990a8a178,5819d85e27ce2802c70d1dc05aae1e784069455873808840b7a934502697bbfb
1,81,1,2.5435831546783447,2.5608010292053223,2.3355417251586914,0.22525930404663086,0.20804142951965332,0.0,0.0006443270367194729,2.1712646220705447,15.485883121904656,True,480758,2e7cb2a6b5ea261a32c8cd3f5d5656654ae357fd4143176f61f78e9a9b1d8e7d,80998d439c44813e51c71d629c0cf52105f07c1cf0d589c9edf0a4f990a8a178,b6d52bd716389341b3d3a9928d0df713465678fdd6d1a08766a188c1144849ce
1,81,2,2.5435831546783447,2.444624423980713,2.183866024017334,0.2607583999633789,0.35971713066101074,0.0,-0.0008823162639532709,2.2394889262028994,15.447643380784278,True,480758,2e7cb2a6b5ea261a32c8cd3f5d5656654ae357fd4143176f61f78e9a9b1d8e7d,80998d439c44813e51c71d629c0cf52105f07c1cf0d589c9edf0a4f990a8a178,9cff9fd285f061891d5b1cb6616ad7826bbefde42baabf0c7cea16f3ef9bac60
1,81,3,2.5435831546783447,2.565951347351074,2.291029214859009,0.27492213249206543,0.25255393981933594,0.0,0.0014176696785342259,2.414971350039279,15.50540600059142,True,480758,2e7cb2a6b5ea261a32c8cd3f5d5656654ae357fd4143176f61f78e9a9b1d8e7d,80998d439c44813e51c71d629c0cf52105f07c1cf0d589c9edf0a4f990a8a178,089d03cd634d83644fbb15b717e244be71cf87b754c4de7d6efb3d86eaa7634e
1,81,4,2.5435831546783447,2.492093086242676,2.2040815353393555,0.2880115509033203,0.33950161933898926,0.0,0.0019825577084035487,2.2089812867788217,15.497548981500348,True,480758,2e7cb2a6b5ea261a32c8cd3f5d5656654ae357fd4143176f61f78e9a9b1d8e7d,80998d439c44813e51c71d629c0cf52105f07c1cf0d589c9edf0a4f990a8a178,a0f3f6b183a723a18a280e0ad66a0d239e142f34450cde1a5afd4a76d43af12a
1,81,5,2.5435831546783447,2.6308887004852295,2.2368011474609375,0.394087553024292,0.3067820072174072,0.0,0.004714190704400164,2.3920553692812563,15.499367001430587,True,480758,2e7cb2a6b5ea261a32c8cd3f5d5656654ae357fd4143176f61f78e9a9b1d8e7d,80998d439c44813e51c71d629c0cf52105f07c1cf0d589c9edf0a4f990a8a178,dfea0a90d0d7a2ac0b82246d18940c994176c77080ac06044f8dca5edc07d60d
1,81,6,2.5435831546783447,2.5762948989868164,2.198484182357788,0.3778107166290283,0.34509897232055664,0.0,0.005109002371420381,2.1942320469128895,15.498380570393822,True,480758,2e7cb2a6b5ea261a32c8cd3f5d5656654ae357fd4143176f61f78e9a9b1d8e7d,80998d439c44813e51c71d629c0cf52105f07c1cf0d589c9edf0a4f990a8a178,12058dcc015cf096a0022f54a0dc66f1418a485962094c544a80b65e1cdd5086
1,81,7,2.5435831546783447,2.47285532951355,2.1640303134918213,0.3088250160217285,0.37955284118652344,0.0,0.0010038992019310545,2.294776696520279,15.484318718719047,True,480758,2e7cb2a6b5ea261a32c8cd3f5d5656654ae357fd4143176f61f78e9a9b1d8e7d,80998d439c44813e51c71d629c0cf52105f07c1cf0d589c9edf0a4f990a8a178,b41cbc62c853919fde9a0a7a37bd397e259e2d4c7266da47a3e935ca6566f707
1,81,8,2.5435831546783447,2.5336036682128906,2.1965296268463135,0.33707404136657715,0.34705352783203125,0.0,0.0069377175370306165,2.191440929318903,15.486274941177498,True,480758,2e7cb2a6b5ea261a32c8cd3f5d5656654ae357fd4143176f61f78e9a9b1d8e7d,80998d439c44813e51c71d629c0cf52105f07c1cf0d589c9edf0a4f990a8a178,a530b357ad08f0fa98a8d1a2afa85495c38feccdc2619abb6c26829b78a9a9ec
1,81,9,2.5435831546783447,2.495731830596924,2.4633073806762695,0.0324244499206543,0.0802757740020752,0.0,-0.0004673673893509411,2.5043429862713293,15.453828986564561,True,480758,2e7cb2a6b5ea261a32c8cd3f5d5656654ae357fd4143176f61f78e9a9b1d8e7d,80998d439c44813e51c71d629c0cf52105f07c1cf0d589c9edf0a4f990a8a178,06d7f844f996f0066d7cbc9ea324dc63d62782c0ec201c6fcc11ccb60879a6f9
1,93,0,2.702329158782959,2.6766223907470703,2.243424892425537,0.4331974983215332,0.4589042663574219,0.0,0.00024036950034413344,2.540494341103152,15.431840963869103,True,492722,7845ab5381f3ff09aa3f167fa9783cf70e31c80f66417e4de82bf555b15caba4,cb509a9737560435ec504cea7214123579ac7945d41ced57136b2eb2a336ac1a,5819d85e27ce2802c70d1dc05aae1e784069455873808840b7a934502697bbfb
1,93,1,2.702329158782959,2.698040246963501,2.4210543632507324,0.27698588371276855,0.28127479553222656,0.0,-0.0009406090581666578,2.3045625845678392,15.485883121904656,True,492722,7845ab5381f3ff09aa3f167fa9783cf70e31c80f66417e4de82bf555b15caba4,cb509a9737560435ec504cea7214123579ac7945d41ced57136b2eb2a336ac1a,b6d52bd716389341b3d3a9928d0df713465678fdd6d1a08766a188c1144849ce
1,93,2,2.702329158782959,2.59120512008667,2.2690072059631348,0.32219791412353516,0.4333219528198242,0.0,0.00035988851727052377,2.5768390753864336,15.447643380784278,True,492722,7845ab5381f3ff09aa3f167fa9783cf70e31c80f66417e4de82bf555b15caba4,cb509a9737560435ec504cea7214123579ac7945d41ced57136b2eb2a336ac1a,9cff9fd285f061891d5b1cb6616ad7826bbefde42baabf0c7cea16f3ef9bac60
1,93,3,2.702329158782959,2.717878580093384,2.2723608016967773,0.44551777839660645,0.42996835708618164,0.0,0.0014265004398895287,2.0989971631882267,15.50540600059142,True,492722,7845ab5381f3ff09aa3f167fa9783cf70e31c80f66417e4de82bf555b15caba4,cb509a9737560435ec504cea7214123579ac7945d41ced57136b2eb2a336ac1a,089d03cd634d83644fbb15b717e244be71cf87b754c4de7d6efb3d86eaa7634e
1,93,4,2.702329158782959,2.686586380004883,2.145812511444092,0.540773868560791,0.5565166473388672,0.0,0.00495009884710569,2.152875148710004,15.497548981500348,True,492722,7845ab5381f3ff09aa3f167fa9783cf70e31c80f66417e4de82bf555b15caba4,cb509a9737560435ec504cea7214123579ac7945d41ced57136b2eb2a336ac1a,a0f3f6b183a723a18a280e0ad66a0d239e142f34450cde1a5afd4a76d43af12a
1,93,5,2.702329158782959,2.794428825378418,2.2986831665039062,0.4957456588745117,0.40364599227905273,0.0,0.004748366232307731,2.4407938776777716,15.499367001430587,True,492722,7845ab5381f3ff09aa3f167fa9783cf70e31c80f66417e4de82bf555b15caba4,cb509a9737560435ec504cea7214123579ac7945d41ced57136b2eb2a336ac1a,dfea0a90d0d7a2ac0b82246d18940c994176c77080ac06044f8dca5edc07d60d
1,93,6,2.702329158782959,2.726562023162842,2.191188335418701,0.5353736877441406,0.5111408233642578,0.0,0.004922480813896726,2.244411141804141,15.498380570393822,True,492722,7845ab5381f3ff09aa3f167fa9783cf70e31c80f66417e4de82bf555b15caba4,cb509a9737560435ec504cea7214123579ac7945d41ced57136b2eb2a336ac1a,12058dcc015cf096a0022f54a0dc66f1418a485962094c544a80b65e1cdd5086
1,93,7,2.702329158782959,2.6343860626220703,2.2984986305236816,0.33588743209838867,0.40383052825927734,0.0,0.002321783990007973,2.018934469213475,15.484318718719047,True,492722,7845ab5381f3ff09aa3f167fa9783cf70e31c80f66417e4de82bf555b15caba4,cb509a9737560435ec504cea7214123579ac7945d41ced57136b2eb2a336ac1a,b41cbc62c853919fde9a0a7a37bd397e259e2d4c7266da47a3e935ca6566f707
1,93,8,2.702329158782959,2.7402873039245605,2.2323498725891113,0.5079374313354492,0.46997928619384766,0.0,0.007311714601202013,2.307528189765037,15.486274941177498,True,492722,7845ab5381f3ff09aa3f167fa9783cf70e31c80f66417e4de82bf555b15caba4,cb509a9737560435ec504cea7214123579ac7945d41ced57136b2eb2a336ac1a,a530b357ad08f0fa98a8d1a2afa85495c38feccdc2619abb6c26829b78a9a9ec
1,93,9,2.702329158782959,2.6545395851135254,2.461763620376587,0.19277596473693848,0.24056553840637207,0.0,0.0024999271453455276,2.488854160350825,15.453828986564561,True,492722,7845ab5381f3ff09aa3f167fa9783cf70e31c80f66417e4de82bf555b15caba4,cb509a9737560435ec504cea7214123579ac7945d41ced57136b2eb2a336ac1a,06d7f844f996f0066d7cbc9ea324dc63d62782c0ec201c6fcc11ccb60879a6f9
1,17,0,1.7962355613708496,1.788405418395996,4.531737327575684,-2.7433319091796875,-2.735501766204834,2.735501766204834,-0.0025068043523708305,2.015425179012339,15.431840963869103,True,416950,9669216c7dc70922e788747d4bb188e1e4051ecd23bf9a0c0be0a5177df2d387,7d11fde3aaaa63a6a1ec25fbd768e1df3a8b1e5e7dfa5a657e219c6cbba33815,5819d85e27ce2802c70d1dc05aae1e784069455873808840b7a934502697bbfb
1,17,1,1.7962355613708496,1.787923812866211,5.238463878631592,-3.450540065765381,-3.442228317260742,3.442228317260742,0.0007092327358218775,1.7628509762480278,15.485883121904656,True,416950,9669216c7dc70922e788747d4bb188e1e4051ecd23bf9a0c0be0a5177df2d387,7d11fde3aaaa63a6a1ec25fbd768e1df3a8b1e5e7dfa5a657e219c6cbba33815,b6d52bd716389341b3d3a9928d0df713465678fdd6d1a08766a188c1144849ce
1,17,2,1.7962355613708496,1.9137377738952637,4.466882705688477,-2.553144931793213,-2.670647144317627,2.670647144317627,0.0011285024484807263,2.845709240856232,15.447643380784278,True,416950,9669216c7dc70922e788747d4bb188e1e4051ecd23bf9a0c0be0a5177df2d387,7d11fde3aaaa63a6a1ec25fbd768e1df3a8b1e5e7dfa5a657e219c6cbba33815,9cff9fd285f061891d5b1cb6616ad7826bbefde42baabf0c7cea16f3ef9bac60
1,17,3,1.7962355613708496,1.8055431842803955,5.057285308837891,-3.251742124557495,-3.261049747467041,3.261049747467041,-0.0007216628954596223,2.18400227440157,15.50540600059142,True,416950,9669216c7dc70922e788747d4bb188e1e4051ecd23bf9a0c0be0a5177df2d387,7d11fde3aaaa63a6a1ec25fbd768e1df3a8b1e5e7dfa5a657e219c6cbba33815,089d03cd634d83644fbb15b717e244be71cf87b754c4de7d6efb3d86eaa7634e
1,17,4,1.7962355613708496,1.8198808431625366,4.510058403015137,-2.6901775598526,-2.713822841644287,2.713822841644287,-0.0016063630658688488,2.3653427325034535,15.497548981500348,True,416950,9669216c7dc70922e788747d4bb188e1e4051ecd23bf9a0c0be0a5177df2d387,7d11fde3aaaa63a6a1ec25fbd768e1df3a8b1e5e7dfa5a657e219c6cbba33815,a0f3f6b183a723a18a280e0ad66a0d239e142f34450cde1a5afd4a76d43af12a
1,17,5,1.7962355613708496,1.8129055500030518,4.513266086578369,-2.7003605365753174,-2.7170305252075195,2.7170305252075195,-0.0023475378913282493,2.0446891599379837,15.499367001430587,True,416950,9669216c7dc70922e788747d4bb188e1e4051ecd23bf9a0c0be0a5177df2d387,7d11fde3aaaa63a6a1ec25fbd768e1df3a8b1e5e7dfa5a657e219c6cbba33815,dfea0a90d0d7a2ac0b82246d18940c994176c77080ac06044f8dca5edc07d60d
1,17,6,1.7962355613708496,1.8610854148864746,4.47962760925293,-2.618542194366455,-2.68339204788208,2.68339204788208,-0.00368856572495426,2.013933114169743,15.498380570393822,True,416950,9669216c7dc70922e788747d4bb188e1e4051ecd23bf9a0c0be0a5177df2d387,7d11fde3aaaa63a6a1ec25fbd768e1df3a8b1e5e7dfa5a657e219c6cbba33815,12058dcc015cf096a0022f54a0dc66f1418a485962094c544a80b65e1cdd5086
1,17,7,1.7962355613708496,1.8425352573394775,5.166944980621338,-3.3244097232818604,-3.3707094192504883,3.3707094192504883,-0.0038927340727225117,2.044668355431835,15.484318718719047,True,416950,9669216c7dc70922e788747d4bb188e1e4051ecd23bf9a0c0be0a5177df2d387,7d11fde3aaaa63a6a1ec25fbd768e1df3a8b1e5e7dfa5a657e219c6cbba33815,b41cbc62c853919fde9a0a7a37bd397e259e2d4c7266da47a3e935ca6566f707
1,17,8,1.7962355613708496,1.8150274753570557,4.707372188568115,-2.8923447132110596,-2.9111366271972656,2.9111366271972656,-0.004962172636947717,2.2234906054660235,15.486274941177498,True,416950,9669216c7dc70922e788747d4bb188e1e4051ecd23bf9a0c0be0a5177df2d387,7d11fde3aaaa63a6a1ec25fbd768e1df3a8b1e5e7dfa5a657e219c6cbba33815,a530b357ad08f0fa98a8d1a2afa85495c38feccdc2619abb6c26829b78a9a9ec
1,17,9,1.7962355613708496,1.7454893589019775,5.392417907714844,-3.646928548812866,-3.596182346343994,3.596182346343994,-0.0037562478090768675,2.4925780868739538,15.453828986564561,True,416950,9669216c7dc70922e788747d4bb188e1e4051ecd23bf9a0c0be0a5177df2d387,7d11fde3aaaa63a6a1ec25fbd768e1df3a8b1e5e7dfa5a657e219c6cbba33815,06d7f844f996f0066d7cbc9ea324dc63d62782c0ec201c6fcc11ccb60879a6f9
1,36,0,2.5401244163513184,2.540224075317383,2.053023338317871,0.4872007369995117,0.48710107803344727,0.0,0.00018276084468229968,2.751424971643147,15.431840963869103,True,435893,816980dac4d179db07669e38e414c37eb35f1b4481130f701d68350c5dcfc630,2cb175139d76c23b2540bd4c0e021074f4799e95b1b8d9e13c1c560d313da911,5819d85e27ce2802c70d1dc05aae1e784069455873808840b7a934502697bbfb
1,36,1,2.5401244163513184,2.503750801086426,2.1413440704345703,0.36240673065185547,0.39878034591674805,0.0,0.00010547266138581604,2.1848578533395635,15.485883121904656,True,435893,816980dac4d179db07669e38e414c37eb35f1b4481130f701d68350c5dcfc630,2cb175139d76c23b2540bd4c0e021074f4799e95b1b8d9e13c1c560d313da911,b6d52bd716389341b3d3a9928d0df713465678fdd6d1a08766a188c1144849ce
1,36,2,2.5401244163513184,2.4616880416870117,2.0736281871795654,0.3880598545074463,0.46649622917175293,0.0,0.0006371518708230405,2.7402882275752236,15.447643380784278,True,435893,816980dac4d179db07669e38e414c37eb35f1b4481130f701d68350c5dcfc630,2cb175139d76c23b2540bd4c0e021074f4799e95b1b8d9e13c1c560d313da911,9cff9fd285f061891d5b1cb6616ad7826bbefde42baabf0c7cea16f3ef9bac60
1,36,3,2.5401244163513184,2.5898311138153076,2.106052875518799,0.4837782382965088,0.43407154083251953,0.0,0.0008567076168155047,2.5020571988889757,15.50540600059142,True,435893,816980dac4d179db07669e38e414c37eb35f1b4481130f701d68350c5dcfc630,2cb175139d76c23b2540bd4c0e021074f4799e95b1b8d9e13c1c560d313da911,089d03cd634d83644fbb15b717e244be71cf87b754c4de7d6efb3d86eaa7634e
1,36,4,2.5401244163513184,2.524681568145752,1.9814114570617676,0.5432701110839844,0.5587129592895508,0.0,0.003661020751474174,2.2749377165451237,15.497548981500348,True,435893,816980dac4d179db07669e38e414c37eb35f1b4481130f701d68350c5dcfc630,2cb175139d76c23b2540bd4c0e021074f4799e95b1b8d9e13c1c560d313da911,a0f3f6b183a723a18a280e0ad66a0d239e142f34450cde1a5afd4a76d43af12a
1,36,5,2.5401244163513184,2.6534390449523926,2.108492851257324,0.5449461936950684,0.43163156509399414,0.0,0.004477979478526601,2.2133519534360584,15.499367001430587,True,435893,816980dac4d179db07669e38e414c37eb35f1b4481130f701d68350c5dcfc630,2cb175139d76c23b2540bd4c0e021074f4799e95b1b8d9e13c1c560d313da911,dfea0a90d0d7a2ac0b82246d18940c994176c77080ac06044f8dca5edc07d60d
1,36,6,2.5401244163513184,2.5793886184692383,2.0155186653137207,0.5638699531555176,0.5246057510375977,0.0,0.004236416567144977,2.5574320731478335,15.498380570393822,True,435893,816980dac4d179db07669e38e414c37eb35f1b4481130f701d68350c5dcfc630,2cb175139d76c23b2540bd4c0e021074f4799e95b1b8d9e13c1c560d313da911,12058dcc015cf096a0022f54a0dc66f1418a485962094c544a80b65e1cdd5086
1,36,7,2.5401244163513184,2.4888358116149902,2.0141584873199463,0.47467732429504395,0.5259659290313721,0.0,0.0030077060817782927,1.9659093586151772,15.484318718719047,True,435893,816980dac4d179db07669e38e414c37eb35f1b4481130f701d68350c5dcfc630,2cb175139d76c23b2540bd4c0e021074f4799e95b1b8d9e13c1c560d313da911,b41cbc62c853919fde9a0a7a37bd397e259e2d4c7266da47a3e935ca6566f707
1,36,8,2.5401244163513184,2.5846502780914307,1.999263882637024,0.5853863954544067,0.5408605337142944,0.0,0.0064465430893182905,2.187588538550934,15.486274941177498,True,435893,816980dac4d179db07669e38e414c37eb35f1b4481130f701d68350c5dcfc630,2cb175139d76c23b2540bd4c0e021074f4799e95b1b8d9e13c1c560d313da911,a530b357ad08f0fa98a8d1a2afa85495c38feccdc2619abb6c26829b78a9a9ec
1,36,9,2.5401244163513184,2.5179450511932373,2.3238306045532227,0.19411444664001465,0.2162938117980957,0.0,0.0017716592183346796,2.840024033715259,15.453828986564561,True,435893,816980dac4d179db07669e38e414c37eb35f1b4481130f701d68350c5dcfc630,2cb175139d76c23b2540bd4c0e021074f4799e95b1b8d9e13c1c560d313da911,06d7f844f996f0066d7cbc9ea324dc63d62782c0ec201c6fcc11ccb60879a6f9
1,82,0,2.4472227096557617,2.4835357666015625,2.2333483695983887,0.25018739700317383,0.21387434005737305,0.0,0.0007503794643939515,1.8845547840863912,15.431840963869103,True,481755,e2d5397b31a0fb0a397e032a37ed822ee7292b25f89b09d2a915f5d4cacb2592,9f7f1ba5d55059b15de276632a8eddbe8b159d1cc6e6a8a92ef757ff70b146cf,5819d85e27ce2802c70d1dc05aae1e784069455873808840b7a934502697bbfb
1,82,1,2.4472227096557617,2.496257781982422,2.372718334197998,0.12353944778442383,0.07450437545776367,0.0,0.001343576562413008,1.4907578343940238,15.485883121904656,True,481755,e2d5397b31a0fb0a397e032a37ed822ee7292b25f89b09d2a915f5d4cacb2592,9f7f1ba5d55059b15de276632a8eddbe8b159d1cc6e6a8a92ef757ff70b146cf,b6d52bd716389341b3d3a9928d0df713465678fdd6d1a08766a188c1144849ce
1,82,2,2.4472227096557617,2.4962735176086426,2.028482437133789,0.4677910804748535,0.41874027252197266,0.0,0.003257792247865826,1.9075273005782836,15.447643380784278,True,481755,e2d5397b31a0fb0a397e032a37ed822ee7292b25f89b09d2a915f5d4cacb2592,9f7f1ba5d55059b15de276632a8eddbe8b159d1cc6e6a8a92ef757ff70b146cf,9cff9fd285f061891d5b1cb6616ad7826bbefde42baabf0c7cea16f3ef9bac60
1,82,3,2.4472227096557617,2.426337718963623,2.503075361251831,-0.07673764228820801,-0.055852651596069336,0.055852651596069336,0.0014433164722683384,1.6049255343779747,15.50540600059142,True,481755,e2d5397b31a0fb0a397e032a37ed822ee7292b25f89b09d2a915f5d4cacb2592,9f7f1ba5d55059b15de276632a8eddbe8b159d1cc6e6a8a92ef757ff70b146cf,089d03cd634d83644fbb15b717e244be71cf87b754c4de7d6efb3d86eaa7634e
1,82,4,2.4472227096557617,2.5220069885253906,2.168710470199585,0.35329651832580566,0.27851223945617676,0.0,0.005161117215189076,1.6658467007170183,15.497548981500348,True,481755,e2d5397b31a0fb0a397e032a37ed822ee7292b25f89b09d2a915f5d4cacb2592,9f7f1ba5d55059b15de276632a8eddbe8b159d1cc6e6a8a92ef757ff70b146cf,a0f3f6b183a723a18a280e0ad66a0d239e142f34450cde1a5afd4a76d43af12a
1,82,5,2.4472227096557617,2.4703240394592285,2.6029138565063477,-0.13258981704711914,-0.15569114685058594,0.15569114685058594,0.0056012094716572135,1.811830294061957,15.499367001430587,True,481755,e2d5397b31a0fb0a397e032a37ed822ee7292b25f89b09d2a915f5d4cacb2592,9f7f1ba5d55059b15de276632a8eddbe8b159d1cc6e6a8a92ef757ff70b146cf,dfea0a90d0d7a2ac0b82246d18940c994176c77080ac06044f8dca5edc07d60d
1,82,6,2.4472227096557617,2.5376949310302734,2.0293283462524414,0.508366584777832,0.4178943634033203,0.0,0.003932006950291035,1.4196873227373048,15.498380570393822,True,481755,e2d5397b31a0fb0a397e032a37ed822ee7292b25f89b09d2a915f5d4cacb2592,9f7f1ba5d55059b15de276632a8eddbe8b159d1cc6e6a8a92ef757ff70b146cf,12058dcc015cf096a0022f54a0dc66f1418a485962094c544a80b65e1cdd5086
1,82,7,2.4472227096557617,2.3822388648986816,2.6356983184814453,-0.25345945358276367,-0.1884756088256836,0.1884756088256836,-0.0008816914226909422,1.7101131172825166,15.484318718719047,True,481755,e2d5397b31a0fb0a397e032a37ed822ee7292b25f89b09d2a915f5d4cacb2592,9f7f1ba5d55059b15de276632a8eddbe8b159d1cc6e6a8a92ef757ff70b146cf,b41cbc62c853919fde9a0a7a37bd397e259e2d4c7266da47a3e935ca6566f707
1,82,8,2.4472227096557617,2.536463499069214,2.486621856689453,0.04984164237976074,-0.039399147033691406,0.039399147033691406,0.006569434696157791,1.571919503920946,15.486274941177498,True,481755,e2d5397b31a0fb0a397e032a37ed822ee7292b25f89b09d2a915f5d4cacb2592,9f7f1ba5d55059b15de276632a8eddbe8b159d1cc6e6a8a92ef757ff70b146cf,a530b357ad08f0fa98a8d1a2afa85495c38feccdc2619abb6c26829b78a9a9ec
1,82,9,2.4472227096557617,2.44589900970459,2.790694236755371,-0.34479522705078125,-0.3434715270996094,0.3434715270996094,0.003946840686720335,2.0735453170357205,15.453828986564561,True,481755,e2d5397b31a0fb0a397e032a37ed822ee7292b25f89b09d2a915f5d4cacb2592,9f7f1ba5d55059b15de276632a8eddbe8b159d1cc6e6a8a92ef757ff70b146cf,06d7f844f996f0066d7cbc9ea324dc63d62782c0ec201c6fcc11ccb60879a6f9
1,69,0,2.891421318054199,2.8726954460144043,2.490560531616211,0.38213491439819336,0.4008607864379883,0.0,0.0002479494196029335,2.4627520403480343,15.431840963869103,True,468794,acb3fb2693df602b454c2f216f90302cf657f379e806b76f9bdc195179a7f56d,7dd96c95ea2867ea84a004fb43c42c1bf26e0259bca94f7ccd8f3e9683844b8c,5819d85e27ce2802c70d1dc05aae1e784069455873808840b7a934502697bbfb
1,69,1,2.891421318054199,2.8409476280212402,2.5959348678588867,0.24501276016235352,0.2954864501953125,0.0,0.0012312962428186807,2.083918524479676,15.485883121904656,True,468794,acb3fb2693df602b454c2f216f90302cf657f379e806b76f9bdc195179a7f56d,7dd96c95ea2867ea84a004fb43c42c1bf26e0259bca94f7ccd8f3e9683844b8c,b6d52bd716389341b3d3a9928d0df713465678fdd6d1a08766a188c1144849ce
1,69,2,2.891421318054199,2.758211612701416,2.4552230834960938,0.30298852920532227,0.43619823455810547,0.0,-0.0009278121801296344,3.2448092359753424,15.447643380784278,True,468794,acb3fb2693df602b454c2f216f90302cf657f379e806b76f9bdc195179a7f56d,7dd96c95ea2867ea84a004fb43c42c1bf26e0259bca94f7ccd8f3e9683844b8c,9cff9fd285f061891d5b1cb6616ad7826bbefde42baabf0c7cea16f3ef9bac60
1,69,3,2.891421318054199,2.915904998779297,2.6083250045776367,0.30757999420166016,0.2830963134765625,0.0,0.001759663850149969,2.995127542596954,15.50540600059142,True,468794,acb3fb2693df602b454c2f216f90302cf657f379e806b76f9bdc195179a7f56d,7dd96c95ea2867ea84a004fb43c42c1bf26e0259bca94f7ccd8f3e9683844b8c,089d03cd634d83644fbb15b717e244be71cf87b754c4de7d6efb3d86eaa7634e
1,69,4,2.891421318054199,2.980940341949463,2.444448471069336,0.536491870880127,0.4469728469848633,0.0,0.007898786339789497,2.3812929043909468,15.497548981500348,True,468794,acb3fb2693df602b454c2f216f90302cf657f379e806b76f9bdc195179a7f56d,7dd96c95ea2867ea84a004fb43c42c1bf26e0259bca94f7ccd8f3e9683844b8c,a0f3f6b183a723a18a280e0ad66a0d239e142f34450cde1a5afd4a76d43af12a
1,69,5,2.891421318054199,2.9485371112823486,2.4613232612609863,0.4872138500213623,0.4300980567932129,0.0,0.0009720287450506747,2.508537793637485,15.499367001430587,True,468794,acb3fb2693df602b454c2f216f90302cf657f379e806b76f9bdc195179a7f56d,7dd96c95ea2867ea84a004fb43c42c1bf26e0259bca94f7ccd8f3e9683844b8c,dfea0a90d0d7a2ac0b82246d18940c994176c77080ac06044f8dca5edc07d60d
1,69,6,2.891421318054199,2.779386520385742,2.586721420288086,0.19266510009765625,0.3046998977661133,0.0,0.004956032870362312,1.8910437372040532,15.498380570393822,True,468794,acb3fb2693df602b454c2f216f90302cf657f379e806b76f9bdc195179a7f56d,7dd96c95ea2867ea84a004fb43c42c1bf26e0259bca94f7ccd8f3e9683844b8c,12058dcc015cf096a0022f54a0dc66f1418a485962094c544a80b65e1cdd5086
1,69,7,2.891421318054199,2.9638566970825195,2.3946406841278076,0.5692160129547119,0.4967806339263916,0.0,0.007107347320375438,2.5747952246905528,15.484318718719047,True,468794,acb3fb2693df602b454c2f216f90302cf657f379e806b76f9bdc195179a7f56d,7dd96c95ea2867ea84a004fb43c42c1bf26e0259bca94f7ccd8f3e9683844b8c,b41cbc62c853919fde9a0a7a37bd397e259e2d4c7266da47a3e935ca6566f707
1,69,8,2.891421318054199,3.1638238430023193,2.342726230621338,0.8210976123809814,0.5486950874328613,0.0,0.00848007995732778,3.8600255674211943,15.486274941177498,True,468794,acb3fb2693df602b454c2f216f90302cf657f379e806b76f9bdc195179a7f56d,7dd96c95ea2867ea84a004fb43c42c1bf26e0259bca94f7ccd8f3e9683844b8c,a530b357ad08f0fa98a8d1a2afa85495c38feccdc2619abb6c26829b78a9a9ec
1,69,9,2.891421318054199,3.059027671813965,2.517300605773926,0.5417270660400391,0.37412071228027344,0.0,0.008721635496409528,3.4400828199118374,15.453828986564561,True,468794,acb3fb2693df602b454c2f216f90302cf657f379e806b76f9bdc195179a7f56d,7dd96c95ea2867ea84a004fb43c42c1bf26e0259bca94f7ccd8f3e9683844b8c,06d7f844f996f0066d7cbc9ea324dc63d62782c0ec201c6fcc11ccb60879a6f9
1,65,0,3.018801689147949,3.034355640411377,2.070925712585449,0.9634299278259277,0.9478759765625,0.0,0.0014054306095779502,2.5080209636639115,15.431840963869103,True,464806,52133a661108db36fed37023c5660460344caf449a7039d95665bad873a7906c,4cd0a56eee55638153813fe170fa9cbf982f18a9045ec6d0db3a2c840d113995,5819d85e27ce2802c70d1dc05aae1e784069455873808840b7a934502697bbfb
1,65,1,3.018801689147949,3.0133726596832275,2.1178503036499023,0.8955223560333252,0.9009513854980469,0.0,0.001536701667370757,1.66315567430104,15.485883121904656,True,464806,52133a661108db36fed37023c5660460344caf449a7039d95665bad873a7906c,4cd0a56eee55638153813fe170fa9cbf982f18a9045ec6d0db3a2c840d113995,b6d52bd716389341b3d3a9928d0df713465678fdd6d1a08766a188c1144849ce
1,65,2,3.018801689147949,2.915823459625244,1.9976425170898438,0.9181809425354004,1.0211591720581055,0.0,0.002735639026529067,2.568236107739283,15.447643380784278,True,464806,52133a661108db36fed37023c5660460344caf449a7039d95665bad873a7906c,4cd0a56eee55638153813fe170fa9cbf982f18a9045ec6d0db3a2c840d113995,9cff9fd285f061891d5b1cb6616ad7826bbefde42baabf0c7cea16f3ef9bac60
1,65,3,3.018801689147949,2.99993896484375,2.0959362983703613,0.9040026664733887,0.9228653907775879,0.0,0.0007797593782969319,1.9446042651232047,15.50540600059142,True,464806,52133a661108db36fed37023c5660460344caf449a7039d95665bad873a7906c,4cd0a56eee55638153813fe170fa9cbf982f18a9045ec6d0db3a2c840d113995,089d03cd634d83644fbb15b717e244be71cf87b754c4de7d6efb3d86eaa7634e
1,65,4,3.018801689147949,3.133878707885742,1.9615870714187622,1.17229163646698,1.057214617729187,0.0,0.009800982315641455,1.8015640667764354,15.497548981500348,True,464806,52133a661108db36fed37023c5660460344caf449a7039d95665bad873a7906c,4cd0a56eee55638153813fe170fa9cbf982f18a9045ec6d0db3a2c840d113995,a0f3f6b183a723a18a280e0ad66a0d239e142f34450cde1a5afd4a76d43af12a
1,65,5,3.018801689147949,3.071995735168457,2.076796293258667,0.99519944190979,0.9420053958892822,0.0,0.005248374845164068,2.3369551994007978,15.499367001430587,True,464806,52133a661108db36fed37023c5660460344caf449a7039d95665bad873a7906c,4cd0a56eee55638153813fe170fa9cbf982f18a9045ec6d0db3a2c840d113995,dfea0a90d0d7a2ac0b82246d18940c994176c77080ac06044f8dca5edc07d60d
1,65,6,3.018801689147949,3.0190165042877197,2.111046314239502,0.9079701900482178,0.9077553749084473,0.0,0.007046325230553718,1.5913310427544485,15.498380570393822,True,464806,52133a661108db36fed37023c5660460344caf449a7039d95665bad873a7906c,4cd0a56eee55638153813fe170fa9cbf982f18a9045ec6d0db3a2c840d113995,12058dcc015cf096a0022f54a0dc66f1418a485962094c544a80b65e1cdd5086
1,65,7,3.018801689147949,3.005361795425415,2.120466709136963,0.8848950862884521,0.8983349800109863,0.0,0.004627872556027332,2.3457106518732993,15.484318718719047,True,464806,52133a661108db36fed37023c5660460344caf449a7039d95665bad873a7906c,4cd0a56eee55638153813fe170fa9cbf982f18a9045ec6d0db3a2c840d113995,b41cbc62c853919fde9a0a7a37bd397e259e2d4c7266da47a3e935ca6566f707
1,65,8,3.018801689147949,3.2287516593933105,1.9999548196792603,1.2287968397140503,1.018846869468689,0.0,0.00802061841661854,2.920714834164675,15.486274941177498,True,464806,52133a661108db36fed37023c5660460344caf449a7039d95665bad873a7906c,4cd0a56eee55638153813fe170fa9cbf982f18a9045ec6d0db3a2c840d113995,a530b357ad08f0fa98a8d1a2afa85495c38feccdc2619abb6c26829b78a9a9ec
1,65,9,3.018801689147949,3.076592445373535,2.1558303833007812,0.9207620620727539,0.862971305847168,0.0,0.009278280001683804,2.3644974763855493,15.453828986564561,True,464806,52133a661108db36fed37023c5660460344caf449a7039d95665bad873a7906c,4cd0a56eee55638153813fe170fa9cbf982f18a9045ec6d0db3a2c840d113995,06d7f844f996f0066d7cbc9ea324dc63d62782c0ec201c6fcc11ccb60879a6f9
2,44,0,1.6196650266647339,1.661159873008728,1.5059340000152588,0.15522587299346924,0.1137310266494751,0.0,0.00924424325420662,1.122291734901939,15.323601028195444,True,543872,c625b7af1732e8634f5e5f2f01d86641552584ebd9b9a790eaaacb9bbb8548cf,0d7f98ef14c8f75ba6d4b7e93f0fff69c6abe27bb59cf97dbcbc1cf5ebbf818f,bba6db59a22ad0b53fde50b10ea55f41c948a081a094ddb918df50350db1fedf
2,44,1,1.6196650266647339,1.6069533824920654,1.4800431728363037,0.12691020965576172,0.13962185382843018,0.0,0.004492491578568308,1.0161999127896264,15.227702856392272,True,543872,c625b7af1732e8634f5e5f2f01d86641552584ebd9b9a790eaaacb9bbb8548cf,0d7f98ef14c8f75ba6d4b7e93f0fff69c6abe27bb59cf97dbcbc1cf5ebbf818f,59f5532f195831df0a0f91e551c8aedc326e722ca27881d13ec43cf23e81f442
2,44,2,1.6196650266647339,1.6215729713439941,1.486549973487854,0.13502299785614014,0.13311505317687988,0.0,0.005775907179539181,0.7119536557886986,15.331590441833157,True,543872,c625b7af1732e8634f5e5f2f01d86641552584ebd9b9a790eaaacb9bbb8548cf,0d7f98ef14c8f75ba6d4b7e93f0fff69c6abe27bb59cf97dbcbc1cf5ebbf818f,83c56b7ed086a0517c1334e2d62f40f8b9cd0388f6895c405604dab4cf2bd80a
2,44,3,1.6196650266647339,1.6676421165466309,1.4676024913787842,0.20003962516784668,0.1520625352859497,0.0,0.0030053209164858804,0.7973526535517916,15.333600810981311,True,543872,c625b7af1732e8634f5e5f2f01d86641552584ebd9b9a790eaaacb9bbb8548cf,0d7f98ef14c8f75ba6d4b7e93f0fff69c6abe27bb59cf97dbcbc1cf5ebbf818f,e23dcc23b893a65622a2dc3098804710f7414df469442146964145007f9eecbe
2,44,4,1.6196650266647339,1.581848382949829,1.5279476642608643,0.053900718688964844,0.09171736240386963,0.0,0.005001529955116501,0.8830308644931018,15.304108539300245,True,543872,c625b7af1732e8634f5e5f2f01d86641552584ebd9b9a790eaaacb9bbb8548cf,0d7f98ef14c8f75ba6d4b7e93f0fff69c6abe27bb59cf97dbcbc1cf5ebbf818f,412e6e3b303151ac469d0e0497ee1ff9b8e20c06fc1b880243fbbf8b209a6fd3
2,44,5,1.6196650266647339,1.6099106073379517,1.529786229133606,0.0801243782043457,0.08987879753112793,0.0,0.008953420911945347,1.0652041522293652,15.28904148374179,True,543872,c625b7af1732e8634f5e5f2f01d86641552584ebd9b9a790eaaacb9bbb8548cf,0d7f98ef14c8f75ba6d4b7e93f0fff69c6abe27bb59cf97dbcbc1cf5ebbf818f,2b0b90f16e9c83c7d40d6b97da65de3f99a8283fdd6bebe9829961006e7a4047
2,44,6,1.6196650266647339,1.6337227821350098,1.5007541179656982,0.13296866416931152,0.11891090869903564,0.0,0.0034317201145963702,0.6944512413295729,15.269030713101202,True,543872,c625b7af1732e8634f5e5f2f01d86641552584ebd9b9a790eaaacb9bbb8548cf,0d7f98ef14c8f75ba6d4b7e93f0fff69c6abe27bb59cf97dbcbc1cf5ebbf818f,8567eac7cc86a04e8130e9336dee2ff4160fbd7e5a6933d81270f86ae0675a4f
2,44,7,1.6196650266647339,1.6085269451141357,1.5795843601226807,0.028942584991455078,0.04008066654205322,0.0,0.005479280276162048,1.047489031083758,15.255578275540762,True,543872,c625b7af1732e8634f5e5f2f01d86641552584ebd9b9a790eaaacb9bbb8548cf,0d7f98ef14c8f75ba6d4b7e93f0fff69c6abe27bb59cf97dbcbc1cf5ebbf818f,430f9d4d92611c07140c7e361a8cafb1fbe9f9964946ae46b1991904fc0ebc89
2,44,8,1.6196650266647339,1.603600025177002,1.490356683731079,0.11324334144592285,0.12930834293365479,0.0,-0.0013568987372012257,0.8256278069780519,15.317692400866283,True,543872,c625b7af1732e8634f5e5f2f01d86641552584ebd9b9a790eaaacb9bbb8548cf,0d7f98ef14c8f75ba6d4b7e93f0fff69c6abe27bb59cf97dbcbc1cf5ebbf818f,b500cc638c4b945d5b13ad21376bea4681045cd90017f4db4727f710e7886f1b
2,44,9,1.6196650266647339,1.5868861675262451,1.525667428970337,0.0612187385559082,0.09399759769439697,0.0,-0.0005938571353994062,0.9001241809841181,15.2730275405546,True,543872,c625b7af1732e8634f5e5f2f01d86641552584ebd9b9a790eaaacb9bbb8548cf,0d7f98ef14c8f75ba6d4b7e93f0fff69c6abe27bb59cf97dbcbc1cf5ebbf818f,86822cbd94f7929c5a5e53c40f3b6fe6c841986e0ac1c11248471b4c7a659aa5
2,96,0,2.5867667198181152,2.65855073928833,1.5323846340179443,1.1261661052703857,1.054382085800171,0.0,0.004856505405415143,1.7455836290950903,15.323601028195444,True,595716,020ad01e4c1ef2ca1715e2500002fe4dd5bc09e8d22485bd10857e7d1674b057,843f26b7adc62725026b4cf03be74fb3e49496778bbdc8c8e789e066f89fa8ef,bba6db59a22ad0b53fde50b10ea55f41c948a081a094ddb918df50350db1fedf
2,96,1,2.5867667198181152,2.6232757568359375,1.5168416500091553,1.1064341068267822,1.06992506980896,0.0,0.001266289179180533,1.9874887069626155,15.227702856392272,True,595716,020ad01e4c1ef2ca1715e2500002fe4dd5bc09e8d22485bd10857e7d1674b057,843f26b7adc62725026b4cf03be74fb3e49496778bbdc8c8e789e066f89fa8ef,59f5532f195831df0a0f91e551c8aedc326e722ca27881d13ec43cf23e81f442
2,96,2,2.5867667198181152,2.5363950729370117,1.5243864059448242,1.0120086669921875,1.062380313873291,0.0,-0.0028374130003802085,1.6263531084165408,15.331590441833157,True,595716,020ad01e4c1ef2ca1715e2500002fe4dd5bc09e8d22485bd10857e7d1674b057,843f26b7adc62725026b4cf03be74fb3e49496778bbdc8c8e789e066f89fa8ef,83c56b7ed086a0517c1334e2d62f40f8b9cd0388f6895c405604dab4cf2bd80a
2,96,3,2.5867667198181152,2.5575332641601562,1.533714771270752,1.0238184928894043,1.0530519485473633,0.0,0.0023700988839177374,1.9696103345400793,15.333600810981311,True,595716,020ad01e4c1ef2ca1715e2500002fe4dd5bc09e8d22485bd10857e7d1674b057,843f26b7adc62725026b4cf03be74fb3e49496778bbdc8c8e789e066f89fa8ef,e23dcc23b893a65622a2dc3098804710f7414df469442146964145007f9eecbe
2,96,4,2.5867667198181152,2.6251235008239746,1.5088375806808472,1.1162859201431274,1.077929139137268,0.0,0.0007453841020218491,1.9424097228606818,15.304108539300245,True,595716,020ad01e4c1ef2ca1715e2500002fe4dd5bc09e8d22485bd10857e7d1674b057,843f26b7adc62725026b4cf03be74fb3e49496778bbdc8c8e789e066f89fa8ef,412e6e3b303151ac469d0e0497ee1ff9b8e20c06fc1b880243fbbf8b209a6fd3
2,96,5,2.5867667198181152,2.5987560749053955,1.5011775493621826,1.097578525543213,1.0855891704559326,0.0,0.0048947981780883415,1.748737111369701,15.28904148374179,True,595716,020ad01e4c1ef2ca1715e2500002fe4dd5bc09e8d22485bd10857e7d1674b057,843f26b7adc62725026b4cf03be74fb3e49496778bbdc8c8e789e066f89fa8ef,2b0b90f16e9c83c7d40d6b97da65de3f99a8283fdd6bebe9829961006e7a4047
2,96,6,2.5867667198181152,2.6338071823120117,1.570587396621704,1.0632197856903076,1.0161793231964111,0.0,0.00537647155084715,1.3961402750215521,15.269030713101202,True,595716,020ad01e4c1ef2ca1715e2500002fe4dd5bc09e8d22485bd10857e7d1674b057,843f26b7adc62725026b4cf03be74fb3e49496778bbdc8c8e789e066f89fa8ef,8567eac7cc86a04e8130e9336dee2ff4160fbd7e5a6933d81270f86ae0675a4f
2,96,7,2.5867667198181152,2.74430513381958,1.5635838508605957,1.1807212829589844,1.0231828689575195,0.0,0.00499444069191996,1.6960012274844747,15.255578275540762,True,595716,020ad01e4c1ef2ca1715e2500002fe4dd5bc09e8d22485bd10857e7d1674b057,843f26b7adc62725026b4cf03be74fb3e49496778bbdc8c8e789e066f89fa8ef,430f9d4d92611c07140c7e361a8cafb1fbe9f9964946ae46b1991904fc0ebc89
2,96,8,2.5867667198181152,2.64693284034729,1.4908359050750732,1.1560969352722168,1.095930814743042,0.0,0.0019476766524843512,2.0073760408707604,15.317692400866283,True,595716,020ad01e4c1ef2ca1715e2500002fe4dd5bc09e8d22485bd10857e7d1674b057,843f26b7adc62725026b4cf03be74fb3e49496778bbdc8c8e789e066f89fa8ef,b500cc638c4b945d5b13ad21376bea4681045cd90017f4db4727f710e7886f1b
2,96,9,2.5867667198181152,2.630302906036377,1.513519048690796,1.116783857345581,1.0732476711273193,0.0,0.002931381143907135,1.7491629395030563,15.2730275405546,True,595716,020ad01e4c1ef2ca1715e2500002fe4dd5bc09e8d22485bd10857e7d1674b057,843f26b7adc62725026b4cf03be74fb3e49496778bbdc8c8e789e066f89fa8ef,86822cbd94f7929c5a5e53c40f3b6fe6c841986e0ac1c11248471b4c7a659aa5
2,1,0,3.221137046813965,3.1463980674743652,2.0290684700012207,1.1173295974731445,1.1920685768127441,0.0,4.34501934547986e-05,1.8318700693051277,15.323601028195444,True,501001,b4184b2c86c650723dd950af7491ef6092e2f62691d7e1303008bcfc9715f316,03f99bc49cf9bd8ec4f5a59f622e05718dec58e0f37df14470985edbeb4fdf5c,bba6db59a22ad0b53fde50b10ea55f41c948a081a094ddb918df50350db1fedf
2,1,1,3.221137046813965,3.2176010608673096,2.0275802612304688,1.1900207996368408,1.193556785583496,0.0,0.004996060117564104,1.6513690891654897,15.227702856392272,True,501001,b4184b2c86c650723dd950af7491ef6092e2f62691d7e1303008bcfc9715f316,03f99bc49cf9bd8ec4f5a59f622e05718dec58e0f37df14470985edbeb4fdf5c,59f5532f195831df0a0f91e551c8aedc326e722ca27881d13ec43cf23e81f442
2,1,2,3.221137046813965,3.167309522628784,2.0143892765045166,1.1529202461242676,1.2067477703094482,0.0,6.795261502989847e-05,1.517577095317391,15.331590441833157,True,501001,b4184b2c86c650723dd950af7491ef6092e2f62691d7e1303008bcfc9715f316,03f99bc49cf9bd8ec4f5a59f622e05718dec58e0f37df14470985edbeb4fdf5c,83c56b7ed086a0517c1334e2d62f40f8b9cd0388f6895c405604dab4cf2bd80a
2,1,3,3.221137046813965,3.2414357662200928,1.9986296892166138,1.242806077003479,1.222507357597351,0.0,0.0025768541031620847,1.934396634996344,15.333600810981311,True,501001,b4184b2c86c650723dd950af7491ef6092e2f62691d7e1303008bcfc9715f316,03f99bc49cf9bd8ec4f5a59f622e05718dec58e0f37df14470985edbeb4fdf5c,e23dcc23b893a65622a2dc3098804710f7414df469442146964145007f9eecbe
2,1,4,3.221137046813965,3.273530960083008,1.98653244972229,1.2869985103607178,1.2346045970916748,0.0,0.003183376582394761,2.0503412921536817,15.304108539300245,True,501001,b4184b2c86c650723dd950af7491ef6092e2f62691d7e1303008bcfc9715f316,03f99bc49cf9bd8ec4f5a59f622e05718dec58e0f37df14470985edbeb4fdf5c,412e6e3b303151ac469d0e0497ee1ff9b8e20c06fc1b880243fbbf8b209a6fd3
2,1,5,3.221137046813965,3.162834644317627,1.900239109992981,1.262595534324646,1.3208979368209839,0.0,0.004482333825949927,2.327792475738749,15.28904148374179,True,501001,b4184b2c86c650723dd950af7491ef6092e2f62691d7e1303008bcfc9715f316,03f99bc49cf9bd8ec4f5a59f622e05718dec58e0f37df14470985edbeb4fdf5c,2b0b90f16e9c83c7d40d6b97da65de3f99a8283fdd6bebe9829961006e7a4047
2,1,6,3.221137046813965,3.2672629356384277,2.09289813041687,1.1743648052215576,1.1282389163970947,0.0,0.005353635976760294,1.6144021407212057,15.269030713101202,True,501001,b4184b2c86c650723dd950af7491ef6092e2f62691d7e1303008bcfc9715f316,03f99bc49cf9bd8ec4f5a59f622e05718dec58e0f37df14470985edbeb4fdf5c,8567eac7cc86a04e8130e9336dee2ff4160fbd7e5a6933d81270f86ae0675a4f
2,1,7,3.221137046813965,3.3257787227630615,1.972811222076416,1.3529675006866455,1.2483258247375488,0.0,0.006312645332177781,1.9326775357805959,15.255578275540762,True,501001,b4184b2c86c650723dd950af7491ef6092e2f62691d7e1303008bcfc9715f316,03f99bc49cf9bd8ec4f5a59f622e05718dec58e0f37df14470985edbeb4fdf5c,430f9d4d92611c07140c7e361a8cafb1fbe9f9964946ae46b1991904fc0ebc89
2,1,8,3.221137046813965,3.1996383666992188,2.055290699005127,1.1443476676940918,1.165846347808838,0.0,-0.0037555185991651773,2.2978269890672682,15.317692400866283,True,501001,b4184b2c86c650723dd950af7491ef6092e2f62691d7e1303008bcfc9715f316,03f99bc49cf9bd8ec4f5a59f622e05718dec58e0f37df14470985edbeb4fdf5c,b500cc638c4b945d5b13ad21376bea4681045cd90017f4db4727f710e7886f1b
2,1,9,3.221137046813965,3.238478660583496,2.227907657623291,1.010571002960205,0.9932293891906738,0.0,-0.0013402402219386841,2.0562033257466306,15.2730275405546,True,501001,b4184b2c86c650723dd950af7491ef6092e2f62691d7e1303008bcfc9715f316,03f99bc49cf9bd8ec4f5a59f622e05718dec58e0f37df14470985edbeb4fdf5c,86822cbd94f7929c5a5e53c40f3b6fe6c841986e0ac1c11248471b4c7a659aa5
2,35,0,2.2748007774353027,2.2260866165161133,0.6493555307388306,1.5767310857772827,1.6254452466964722,0.0,-0.007516207363880736,2.7293941129660255,15.323601028195444,True,534899,8e532fbb5384ce52ff3176161939deca9384844d235c71a6439b407aceb925a9,e2bd38e81a0bee6e0f6b15cacce5734744161c4588bb65cdfa61a6ef64fe91ce,bba6db59a22ad0b53fde50b10ea55f41c948a081a094ddb918df50350db1fedf
2,35,1,2.2748007774353027,2.239109516143799,0.623627781867981,1.6154817342758179,1.6511729955673218,0.0,-0.0023298249519475038,2.4309855134209277,15.227702856392272,True,534899,8e532fbb5384ce52ff3176161939deca9384844d235c71a6439b407aceb925a9,e2bd38e81a0bee6e0f6b15cacce5734744161c4588bb65cdfa61a6ef64fe91ce,59f5532f195831df0a0f91e551c8aedc326e722ca27881d13ec43cf23e81f442
2,35,2,2.2748007774353027,2.2088985443115234,0.6874680519104004,1.521430492401123,1.5873327255249023,0.0,-0.004239629768833774,2.163190060766261,15.331590441833157,True,534899,8e532fbb5384ce52ff3176161939deca9384844d235c71a6439b407aceb925a9,e2bd38e81a0bee6e0f6b15cacce5734744161c4588bb65cdfa61a6ef64fe91ce,83c56b7ed086a0517c1334e2d62f40f8b9cd0388f6895c405604dab4cf2bd80a
2,35,3,2.2748007774353027,2.243126153945923,0.6965523958206177,1.5465737581253052,1.578248381614685,0.0,-0.009283414231726267,2.526186174654177,15.333600810981311,True,534899,8e532fbb5384ce52ff3176161939deca9384844d235c71a6439b407aceb925a9,e2bd38e81a0bee6e0f6b15cacce5734744161c4588bb65cdfa61a6ef64fe91ce,e23dcc23b893a65622a2dc3098804710f7414df469442146964145007f9eecbe
2,35,4,2.2748007774353027,2.229109287261963,0.5647141337394714,1.6643951535224915,1.7100866436958313,0.0,-0.0047303189114662305,2.7335585030432568,15.304108539300245,True,534899,8e532fbb5384ce52ff3176161939deca9384844d235c71a6439b407aceb925a9,e2bd38e81a0bee6e0f6b15cacce5734744161c4588bb65cdfa61a6ef64fe91ce,412e6e3b303151ac469d0e0497ee1ff9b8e20c06fc1b880243fbbf8b209a6fd3
2,35,5,2.2748007774353027,2.124195098876953,0.9360799193382263,1.1881151795387268,1.3387208580970764,0.0,-0.005534774712295607,2.844482931769556,15.28904148374179,True,534899,8e532fbb5384ce52ff3176161939deca9384844d235c71a6439b407aceb925a9,e2bd38e81a0bee6e0f6b15cacce5734744161c4588bb65cdfa61a6ef64fe91ce,2b0b90f16e9c83c7d40d6b97da65de3f99a8283fdd6bebe9829961006e7a4047
2,35,6,2.2748007774353027,2.4578075408935547,0.5310366153717041,1.9267709255218506,1.7437641620635986,0.0,0.0018928235189917758,2.1351031442669046,15.269030713101202,True,534899,8e532fbb5384ce52ff3176161939deca9384844d235c71a6439b407aceb925a9,e2bd38e81a0bee6e0f6b15cacce5734744161c4588bb65cdfa61a6ef64fe91ce,8567eac7cc86a04e8130e9336dee2ff4160fbd7e5a6933d81270f86ae0675a4f
2,35,7,2.2748007774353027,2.1728599071502686,1.1253936290740967,1.0474662780761719,1.149407148361206,0.0,-0.011068233138533612,3.468883202603804,15.255578275540762,True,534899,8e532fbb5384ce52ff3176161939deca9384844d235c71a6439b407aceb925a9,e2bd38e81a0bee6e0f6b15cacce5734744161c4588bb65cdfa61a6ef64fe91ce,430f9d4d92611c07140c7e361a8cafb1fbe9f9964946ae46b1991904fc0ebc89
2,35,8,2.2748007774353027,2.233133316040039,0.6324580907821655,1.6006752252578735,1.6423426866531372,0.0,-0.004614739813965399,2.5364523125103515,15.317692400866283,True,534899,8e532fbb5384ce52ff3176161939deca9384844d235c71a6439b407aceb925a9,e2bd38e81a0bee6e0f6b15cacce5734744161c4588bb65cdfa61a6ef64fe91ce,b500cc638c4b945d5b13ad21376bea4681045cd90017f4db4727f710e7886f1b
2,35,9,2.2748007774353027,2.242593765258789,0.6625567078590393,1.5800370573997498,1.6122440695762634,0.0,-0.0024582945605617257,2.536818067145671,15.2730275405546,True,534899,8e532fbb5384ce52ff3176161939deca9384844d235c71a6439b407aceb925a9,e2bd38e81a0bee6e0f6b15cacce5734744161c4588bb65cdfa61a6ef64fe91ce,86822cbd94f7929c5a5e53c40f3b6fe6c841986e0ac1c11248471b4c7a659aa5
2,26,0,2.121718406677246,2.0591466426849365,1.9723124504089355,0.08683419227600098,0.14940595626831055,0.0,-0.005098100503330591,1.7908510729280087,15.323601028195444,True,525926,9338cdce4086145353c3d0420d3ecd9fb9b0e202e984ef98be0603324f864e02,52d0270e7fb3540f66c2370ba2386604dfef407af560f699006002e16b40d7b9,bba6db59a22ad0b53fde50b10ea55f41c948a081a094ddb918df50350db1fedf
2,26,1,2.121718406677246,2.09852933883667,1.8490021228790283,0.2495272159576416,0.2727162837982178,0.0,-0.0027657378709649454,1.695777449205998,15.227702856392272,True,525926,9338cdce4086145353c3d0420d3ecd9fb9b0e202e984ef98be0603324f864e02,52d0270e7fb3540f66c2370ba2386604dfef407af560f699006002e16b40d7b9,59f5532f195831df0a0f91e551c8aedc326e722ca27881d13ec43cf23e81f442
2,26,2,2.121718406677246,2.072413444519043,2.2990734577178955,-0.22666001319885254,-0.17735505104064941,0.17735505104064941,-0.00971539365998307,1.3205249163503265,15.331590441833157,True,525926,9338cdce4086145353c3d0420d3ecd9fb9b0e202e984ef98be0603324f864e02,52d0270e7fb3540f66c2370ba2386604dfef407af560f699006002e16b40d7b9,83c56b7ed086a0517c1334e2d62f40f8b9cd0388f6895c405604dab4cf2bd80a
2,26,3,2.121718406677246,2.0128655433654785,2.162693738937378,-0.14982819557189941,-0.040975332260131836,0.040975332260131836,-0.0036994918444303755,1.799393224903069,15.333600810981311,True,525926,9338cdce4086145353c3d0420d3ecd9fb9b0e202e984ef98be0603324f864e02,52d0270e7fb3540f66c2370ba2386604dfef407af560f699006002e16b40d7b9,e23dcc23b893a65622a2dc3098804710f7414df469442146964145007f9eecbe
2,26,4,2.121718406677246,2.111701011657715,1.7453155517578125,0.36638545989990234,0.3764028549194336,0.0,-0.002379848809579462,1.8240969554225848,15.304108539300245,True,525926,9338cdce4086145353c3d0420d3ecd9fb9b0e202e984ef98be0603324f864e02,52d0270e7fb3540f66c2370ba2386604dfef407af560f699006002e16b40d7b9,412e6e3b303151ac469d0e0497ee1ff9b8e20c06fc1b880243fbbf8b209a6fd3
2,26,5,2.121718406677246,1.9975559711456299,3.2085633277893066,-1.2110073566436768,-1.0868449211120605,1.0868449211120605,-0.013288601619738629,2.645496484304053,15.28904148374179,True,525926,9338cdce4086145353c3d0420d3ecd9fb9b0e202e984ef98be0603324f864e02,52d0270e7fb3540f66c2370ba2386604dfef407af560f699006002e16b40d7b9,2b0b90f16e9c83c7d40d6b97da65de3f99a8283fdd6bebe9829961006e7a4047
2,26,6,2.121718406677246,2.170283317565918,1.564884066581726,0.6053992509841919,0.55683434009552,0.0,0.002442164209702093,1.4485552166270477,15.269030713101202,True,525926,9338cdce4086145353c3d0420d3ecd9fb9b0e202e984ef98be0603324f864e02,52d0270e7fb3540f66c2370ba2386604dfef407af560f699006002e16b40d7b9,8567eac7cc86a04e8130e9336dee2ff4160fbd7e5a6933d81270f86ae0675a4f
2,26,7,2.121718406677246,2.045029640197754,3.278092861175537,-1.2330632209777832,-1.156374454498291,1.156374454498291,-0.009899909657668729,2.8531232582027433,15.255578275540762,True,525926,9338cdce4086145353c3d0420d3ecd9fb9b0e202e984ef98be0603324f864e02,52d0270e7fb3540f66c2370ba2386604dfef407af560f699006002e16b40d7b9,430f9d4d92611c07140c7e361a8cafb1fbe9f9964946ae46b1991904fc0ebc89
2,26,8,2.121718406677246,2.0794105529785156,1.980078935623169,0.09933161735534668,0.14163947105407715,0.0,-0.003307325887962091,1.7542431141840045,15.317692400866283,True,525926,9338cdce4086145353c3d0420d3ecd9fb9b0e202e984ef98be0603324f864e02,52d0270e7fb3540f66c2370ba2386604dfef407af560f699006002e16b40d7b9,b500cc638c4b945d5b13ad21376bea4681045cd90017f4db4727f710e7886f1b
2,26,9,2.121718406677246,1.9973061084747314,2.4616451263427734,-0.464339017868042,-0.33992671966552734,0.33992671966552734,-0.009894335829288168,1.917374616485479,15.2730275405546,True,525926,9338cdce4086145353c3d0420d3ecd9fb9b0e202e984ef98be0603324f864e02,52d0270e7fb3540f66c2370ba2386604dfef407af560f699006002e16b40d7b9,86822cbd94f7929c5a5e53c40f3b6fe6c841986e0ac1c11248471b4c7a659aa5
2,11,0,2.9566283226013184,2.8387107849121094,1.4645283222198486,1.3741824626922607,1.4921000003814697,0.0,-0.0010964480687443618,1.7460044194072037,15.323601028195444,True,510971,7c863aa645a11f6080c64a21de426ccbdd43ad531037aabf6bc8a850e96fc644,f4edcd35faa3a2ed86886e9bca6dd632e3e8299832a159d9e59f55ba31a72ca0,bba6db59a22ad0b53fde50b10ea55f41c948a081a094ddb918df50350db1fedf
2,11,1,2.9566283226013184,2.9598536491394043,1.5616216659545898,1.3982319831848145,1.3950066566467285,0.0,0.005755869535647623,1.6288509383033438,15.227702856392272,True,510971,7c863aa645a11f6080c64a21de426ccbdd43ad531037aabf6bc8a850e96fc644,f4edcd35faa3a2ed86886e9bca6dd632e3e8299832a159d9e59f55ba31a72ca0,59f5532f195831df0a0f91e551c8aedc326e722ca27881d13ec43cf23e81f442
2,11,2,2.9566283226013184,2.9000580310821533,1.5612297058105469,1.3388283252716064,1.3953986167907715,0.0,0.0026851566602688398,1.6025471988918558,15.331590441833157,True,510971,7c863aa645a11f6080c64a21de426ccbdd43ad531037aabf6bc8a850e96fc644,f4edcd35faa3a2ed86886e9bca6dd632e3e8299832a159d9e59f55ba31a72ca0,83c56b7ed086a0517c1334e2d62f40f8b9cd0388f6895c405604dab4cf2bd80a
2,11,3,2.9566283226013184,2.9330477714538574,1.6055786609649658,1.3274691104888916,1.3510496616363525,0.0,0.00639617751151352,1.8180911054090412,15.333600810981311,True,510971,7c863aa645a11f6080c64a21de426ccbdd43ad531037aabf6bc8a850e96fc644,f4edcd35faa3a2ed86886e9bca6dd632e3e8299832a159d9e59f55ba31a72ca0,e23dcc23b893a65622a2dc3098804710f7414df469442146964145007f9eecbe
2,11,4,2.9566283226013184,2.983856201171875,1.5848758220672607,1.3989803791046143,1.3717525005340576,0.0,0.004018139060327326,2.078933708947754,15.304108539300245,True,510971,7c863aa645a11f6080c64a21de426ccbdd43ad531037aabf6bc8a850e96fc644,f4edcd35faa3a2ed86886e9bca6dd632e3e8299832a159d9e59f55ba31a72ca0,412e6e3b303151ac469d0e0497ee1ff9b8e20c06fc1b880243fbbf8b209a6fd3
2,11,5,2.9566283226013184,2.943129301071167,1.4504673480987549,1.492661952972412,1.5061609745025635,0.0,0.007638628714593735,2.191372827748677,15.28904148374179,True,510971,7c863aa645a11f6080c64a21de426ccbdd43ad531037aabf6bc8a850e96fc644,f4edcd35faa3a2ed86886e9bca6dd632e3e8299832a159d9e59f55ba31a72ca0,2b0b90f16e9c83c7d40d6b97da65de3f99a8283fdd6bebe9829961006e7a4047
2,11,6,2.9566283226013184,3.032280445098877,1.6433846950531006,1.3888957500457764,1.3132436275482178,0.0,0.0035160798638431477,1.637678176738812,15.269030713101202,True,510971,7c863aa645a11f6080c64a21de426ccbdd43ad531037aabf6bc8a850e96fc644,f4edcd35faa3a2ed86886e9bca6dd632e3e8299832a159d9e59f55ba31a72ca0,8567eac7cc86a04e8130e9336dee2ff4160fbd7e5a6933d81270f86ae0675a4f
2,11,7,2.9566283226013184,3.1145853996276855,1.6365265846252441,1.4780588150024414,1.3201017379760742,0.0,0.007474933716813305,2.288038056676508,15.255578275540762,True,510971,7c863aa645a11f6080c64a21de426ccbdd43ad531037aabf6bc8a850e96fc644,f4edcd35faa3a2ed86886e9bca6dd632e3e8299832a159d9e59f55ba31a72ca0,430f9d4d92611c07140c7e361a8cafb1fbe9f9964946ae46b1991904fc0ebc89
2,11,8,2.9566283226013184,2.9597158432006836,1.5941509008407593,1.3655649423599243,1.362477421760559,0.0,0.00034198772930889526,2.2761146094139204,15.317692400866283,True,510971,7c863aa645a11f6080c64a21de426ccbdd43ad531037aabf6bc8a850e96fc644,f4edcd35faa3a2ed86886e9bca6dd632e3e8299832a159d9e59f55ba31a72ca0,b500cc638c4b945d5b13ad21376bea4681045cd90017f4db4727f710e7886f1b
2,11,9,2.9566283226013184,3.0045433044433594,1.5200445652008057,1.4844987392425537,1.4365837574005127,0.0,0.0005429611623768354,2.0133738079953662,15.2730275405546,True,510971,7c863aa645a11f6080c64a21de426ccbdd43ad531037aabf6bc8a850e96fc644,f4edcd35faa3a2ed86886e9bca6dd632e3e8299832a159d9e59f55ba31a72ca0,86822cbd94f7929c5a5e53c40f3b6fe6c841986e0ac1c11248471b4c7a659aa5
2,38,0,2.1797852516174316,2.1261909008026123,1.5942267179489136,0.5319641828536987,0.5855585336685181,0.0,-0.005637749030522856,1.722732843520066,15.323601028195444,True,537890,c789228a3598b04a4024de4ed77f82991e341a0b3d5da0ee70ca85ba1fc906bf,563151b9ae904666023b8bbc56d2a6c6c76158d7bd5388b97a5872ea6638d8af,bba6db59a22ad0b53fde50b10ea55f41c948a081a094ddb918df50350db1fedf
2,38,1,2.1797852516174316,2.1905832290649414,1.5835515260696411,0.6070317029953003,0.5962337255477905,0.0,-0.005243055193549865,1.4944596208112155,15.227702856392272,True,537890,c789228a3598b04a4024de4ed77f82991e341a0b3d5da0ee70ca85ba1fc906bf,563151b9ae904666023b8bbc56d2a6c6c76158d7bd5388b97a5872ea6638d8af,59f5532f195831df0a0f91e551c8aedc326e722ca27881d13ec43cf23e81f442
2,38,2,2.1797852516174316,2.174050807952881,1.5490660667419434,0.6249847412109375,0.6307191848754883,0.0,-0.0050763439858268426,1.2969090199458244,15.331590441833157,True,537890,c789228a3598b04a4024de4ed77f82991e341a0b3d5da0ee70ca85ba1fc906bf,563151b9ae904666023b8bbc56d2a6c6c76158d7bd5388b97a5872ea6638d8af,83c56b7ed086a0517c1334e2d62f40f8b9cd0388f6895c405604dab4cf2bd80a
2,38,3,2.1797852516174316,2.169576406478882,1.5662124156951904,0.6033639907836914,0.6135728359222412,0.0,-0.009272536554072256,1.6335013386556652,15.333600810981311,True,537890,c789228a3598b04a4024de4ed77f82991e341a0b3d5da0ee70ca85ba1fc906bf,563151b9ae904666023b8bbc56d2a6c6c76158d7bd5388b97a5872ea6638d8af,e23dcc23b893a65622a2dc3098804710f7414df469442146964145007f9eecbe
2,38,4,2.1797852516174316,2.203306198120117,1.5938987731933594,0.6094074249267578,0.5858864784240723,0.0,-0.008495553073954429,1.4680843514203143,15.304108539300245,True,537890,c789228a3598b04a4024de4ed77f82991e341a0b3d5da0ee70ca85ba1fc906bf,563151b9ae904666023b8bbc56d2a6c6c76158d7bd5388b97a5872ea6638d8af,412e6e3b303151ac469d0e0497ee1ff9b8e20c06fc1b880243fbbf8b209a6fd3
2,38,5,2.1797852516174316,2.0508952140808105,1.661137580871582,0.3897576332092285,0.5186476707458496,0.0,-0.010213101938172995,1.6456337000804968,15.28904148374179,True,537890,c789228a3598b04a4024de4ed77f82991e341a0b3d5da0ee70ca85ba1fc906bf,563151b9ae904666023b8bbc56d2a6c6c76158d7bd5388b97a5872ea6638d8af,2b0b90f16e9c83c7d40d6b97da65de3f99a8283fdd6bebe9829961006e7a4047
2,38,6,2.1797852516174316,2.304506778717041,1.5527725219726562,0.7517342567443848,0.6270127296447754,0.0,0.006104212658137344,1.3595625879021818,15.269030713101202,True,537890,c789228a3598b04a4024de4ed77f82991e341a0b3d5da0ee70ca85ba1fc906bf,563151b9ae904666023b8bbc56d2a6c6c76158d7bd5388b97a5872ea6638d8af,8567eac7cc86a04e8130e9336dee2ff4160fbd7e5a6933d81270f86ae0675a4f
2,38,7,2.1797852516174316,2.137784004211426,1.8953841924667358,0.24239981174468994,0.2844010591506958,0.0,-0.012732003033116456,2.2763296619536435,15.255578275540762,True,537890,c789228a3598b04a4024de4ed77f82991e341a0b3d5da0ee70ca85ba1fc906bf,563151b9ae904666023b8bbc56d2a6c6c76158d7bd5388b97a5872ea6638d8af,430f9d4d92611c07140c7e361a8cafb1fbe9f9964946ae46b1991904fc0ebc89
2,38,8,2.1797852516174316,2.1324009895324707,1.5793126821517944,0.5530883073806763,0.6004725694656372,0.0,-0.00814357541089654,1.6193321273174413,15.317692400866283,True,537890,c789228a3598b04a4024de4ed77f82991e341a0b3d5da0ee70ca85ba1fc906bf,563151b9ae904666023b8bbc56d2a6c6c76158d7bd5388b97a5872ea6638d8af,b500cc638c4b945d5b13ad21376bea4681045cd90017f4db4727f710e7886f1b
2,38,9,2.1797852516174316,2.1272311210632324,1.5237479209899902,0.6034832000732422,0.6560373306274414,0.0,-0.007422451554070023,1.7215039238391903,15.2730275405546,True,537890,c789228a3598b04a4024de4ed77f82991e341a0b3d5da0ee70ca85ba1fc906bf,563151b9ae904666023b8bbc56d2a6c6c76158d7bd5388b97a5872ea6638d8af,86822cbd94f7929c5a5e53c40f3b6fe6c841986e0ac1c11248471b4c7a659aa5
2,82,0,2.940528631210327,2.894717216491699,2.5218393802642822,0.372877836227417,0.4186892509460449,0.0,-0.004545211945104038,1.8603007853570332,15.323601028195444,True,581758,b581b89ed074b3acc5219a393b8261c46ed902702efe0af482635c9550bc9885,72cae7893430d52aeabc663a485446e7f14df7d9470db4713016e4c8936aa7f0,bba6db59a22ad0b53fde50b10ea55f41c948a081a094ddb918df50350db1fedf
2,82,1,2.940528631210327,2.831068515777588,2.1609416007995605,0.6701269149780273,0.7795870304107666,0.0,-0.0036419462555818335,2.076301257925483,15.227702856392272,True,581758,b581b89ed074b3acc5219a393b8261c46ed902702efe0af482635c9550bc9885,72cae7893430d52aeabc663a485446e7f14df7d9470db4713016e4c8936aa7f0,59f5532f195831df0a0f91e551c8aedc326e722ca27881d13ec43cf23e81f442
2,82,2,2.940528631210327,3.0135879516601562,2.163637161254883,0.8499507904052734,0.7768914699554443,0.0,-0.0024750250159094288,1.692081155257539,15.331590441833157,True,581758,b581b89ed074b3acc5219a393b8261c46ed902702efe0af482635c9550bc9885,72cae7893430d52aeabc663a485446e7f14df7d9470db4713016e4c8936aa7f0,83c56b7ed086a0517c1334e2d62f40f8b9cd0388f6895c405604dab4cf2bd80a
2,82,3,2.940528631210327,2.8089871406555176,2.3287181854248047,0.4802689552307129,0.6118104457855225,0.0,-0.005226211407399596,2.634646761625367,15.333600810981311,True,581758,b581b89ed074b3acc5219a393b8261c46ed902702efe0af482635c9550bc9885,72cae7893430d52aeabc663a485446e7f14df7d9470db4713016e4c8936aa7f0,e23dcc23b893a65622a2dc3098804710f7414df469442146964145007f9eecbe
2,82,4,2.940528631210327,2.9320740699768066,2.0687570571899414,0.8633170127868652,0.8717715740203857,0.0,0.0015515608128592975,1.7291001555269117,15.304108539300245,True,581758,b581b89ed074b3acc5219a393b8261c46ed902702efe0af482635c9550bc9885,72cae7893430d52aeabc663a485446e7f14df7d9470db4713016e4c8936aa7f0,412e6e3b303151ac469d0e0497ee1ff9b8e20c06fc1b880243fbbf8b209a6fd3
2,82,5,2.940528631210327,2.9587960243225098,2.2544994354248047,0.7042965888977051,0.6860291957855225,0.0,-0.0022431839410444105,2.1458203315884954,15.28904148374179,True,581758,b581b89ed074b3acc5219a393b8261c46ed902702efe0af482635c9550bc9885,72cae7893430d52aeabc663a485446e7f14df7d9470db4713016e4c8936aa7f0,2b0b90f16e9c83c7d40d6b97da65de3f99a8283fdd6bebe9829961006e7a4047
2,82,6,2.940528631210327,2.8856184482574463,1.995293378829956,0.8903250694274902,0.9452352523803711,0.0,-0.001279197392505185,1.8147186213957462,15.269030713101202,True,581758,b581b89ed074b3acc5219a393b8261c46ed902702efe0af482635c9550bc9885,72cae7893430d52aeabc663a485446e7f14df7d9470db4713016e4c8936aa7f0,8567eac7cc86a04e8130e9336dee2ff4160fbd7e5a6933d81270f86ae0675a4f
2,82,7,2.940528631210327,2.9130706787109375,2.0427403450012207,0.8703303337097168,0.8977882862091064,0.0,-0.00509869212116706,1.7960841248262256,15.255578275540762,True,581758,b581b89ed074b3acc5219a393b8261c46ed902702efe0af482635c9550bc9885,72cae7893430d52aeabc663a485446e7f14df7d9470db4713016e4c8936aa7f0,430f9d4d92611c07140c7e361a8cafb1fbe9f9964946ae46b1991904fc0ebc89
2,82,8,2.940528631210327,3.0149247646331787,2.4332380294799805,0.5816867351531982,0.5072906017303467,0.0,-0.0014737544175896153,2.5660178733986836,15.317692400866283,True,581758,b581b89ed074b3acc5219a393b8261c46ed902702efe0af482635c9550bc9885,72cae7893430d52aeabc663a485446e7f14df7d9470db4713016e4c8936aa7f0,b500cc638c4b945d5b13ad21376bea4681045cd90017f4db4727f710e7886f1b
2,82,9,2.940528631210327,2.89717435836792,2.5862393379211426,0.31093502044677734,0.35428929328918457,0.0,-0.0040206311739766475,2.2716707683047117,15.2730275405546,True,581758,b581b89ed074b3acc5219a393b8261c46ed902702efe0af482635c9550bc9885,72cae7893430d52aeabc663a485446e7f14df7d9470db4713016e4c8936aa7f0,86822cbd94f7929c5a5e53c40f3b6fe6c841986e0ac1c11248471b4c7a659aa5
2,87,0,1.9939018487930298,2.0619232654571533,1.6976044178009033,0.36431884765625,0.29629743099212646,0.0,0.003377862683448339,1.4010854892336202,15.323601028195444,True,586743,7763db32536ffb7ad797b84f386656d78e03d1c8b9efb756b9667af1ee19e636,e25cb8929e913825f76be83f10e5dcf66118e9922a992bc91f98f3169e87c660,bba6db59a22ad0b53fde50b10ea55f41c948a081a094ddb918df50350db1fedf
2,87,1,1.9939018487930298,2.0054831504821777,1.649656057357788,0.35582709312438965,0.3442457914352417,0.0,0.006393222522173647,1.2390499705019453,15.227702856392272,True,586743,7763db32536ffb7ad797b84f386656d78e03d1c8b9efb756b9667af1ee19e636,e25cb8929e913825f76be83f10e5dcf66118e9922a992bc91f98f3169e87c660,59f5532f195831df0a0f91e551c8aedc326e722ca27881d13ec43cf23e81f442
2,87,2,1.9939018487930298,1.9424879550933838,1.6111347675323486,0.33135318756103516,0.38276708126068115,0.0,-6.559652932407407e-05,0.9898180772842698,15.331590441833157,True,586743,7763db32536ffb7ad797b84f386656d78e03d1c8b9efb756b9667af1ee19e636,e25cb8929e913825f76be83f10e5dcf66118e9922a992bc91f98f3169e87c660,83c56b7ed086a0517c1334e2d62f40f8b9cd0388f6895c405604dab4cf2bd80a
2,87,3,1.9939018487930298,1.9547423124313354,1.6021463871002197,0.3525959253311157,0.39175546169281006,0.0,0.002557717001870094,1.1992282391518991,15.333600810981311,True,586743,7763db32536ffb7ad797b84f386656d78e03d1c8b9efb756b9667af1ee19e636,e25cb8929e913825f76be83f10e5dcf66118e9922a992bc91f98f3169e87c660,e23dcc23b893a65622a2dc3098804710f7414df469442146964145007f9eecbe
2,87,4,1.9939018487930298,2.0207719802856445,1.6620837450027466,0.35868823528289795,0.3318181037902832,0.0,0.004789167816027137,1.3443707338688262,15.304108539300245,True,586743,7763db32536ffb7ad797b84f386656d78e03d1c8b9efb756b9667af1ee19e636,e25cb8929e913825f76be83f10e5dcf66118e9922a992bc91f98f3169e87c660,412e6e3b303151ac469d0e0497ee1ff9b8e20c06fc1b880243fbbf8b209a6fd3
2,87,5,1.9939018487930298,1.9818276166915894,1.6542785167694092,0.3275490999221802,0.3396233320236206,0.0,0.0012028810046572542,1.0575981206023333,15.28904148374179,True,586743,7763db32536ffb7ad797b84f386656d78e03d1c8b9efb756b9667af1ee19e636,e25cb8929e913825f76be83f10e5dcf66118e9922a992bc91f98f3169e87c660,2b0b90f16e9c83c7d40d6b97da65de3f99a8283fdd6bebe9829961006e7a4047
2,87,6,1.9939018487930298,2.0679280757904053,1.6629936695098877,0.4049344062805176,0.3309081792831421,0.0,0.008933377346232086,0.9231787221778895,15.269030713101202,True,586743,7763db32536ffb7ad797b84f386656d78e03d1c8b9efb756b9667af1ee19e636,e25cb8929e913825f76be83f10e5dcf66118e9922a992bc91f98f3169e87c660,8567eac7cc86a04e8130e9336dee2ff4160fbd7e5a6933d81270f86ae0675a4f
2,87,7,1.9939018487930298,2.047966241836548,1.6540842056274414,0.39388203620910645,0.3398176431655884,0.0,0.0029804134515619175,1.560333021424924,15.255578275540762,True,586743,7763db32536ffb7ad797b84f386656d78e03d1c8b9efb756b9667af1ee19e636,e25cb8929e913825f76be83f10e5dcf66118e9922a992bc91f98f3169e87c660,430f9d4d92611c07140c7e361a8cafb1fbe9f9964946ae46b1991904fc0ebc89
2,87,8,1.9939018487930298,1.9974628686904907,1.6912586688995361,0.3062041997909546,0.30264317989349365,0.0,0.0003166383159197287,1.3332105232914095,15.317692400866283,True,586743,7763db32536ffb7ad797b84f386656d78e03d1c8b9efb756b9667af1ee19e636,e25cb8929e913825f76be83f10e5dcf66118e9922a992bc91f98f3169e87c660,b500cc638c4b945d5b13ad21376bea4681045cd90017f4db4727f710e7886f1b
2,87,9,1.9939018487930298,2.067504405975342,1.6721906661987305,0.39531373977661133,0.3217111825942993,0.0,0.0038767866613761055,1.270833748668131,15.2730275405546,True,586743,7763db32536ffb7ad797b84f386656d78e03d1c8b9efb756b9667af1ee19e636,e25cb8929e913825f76be83f10e5dcf66118e9922a992bc91f98f3169e87c660,86822cbd94f7929c5a5e53c40f3b6fe6c841986e0ac1c11248471b4c7a659aa5
2,3,0,2.9520764350891113,2.9336018562316895,1.1877731084823608,1.7458287477493286,1.7643033266067505,0.0,0.0020752425766712487,2.0748194100270982,15.323601028195444,True,502995,f1b168617e580b5c44507b9899fe12ea086c82b3d3f1765554ec726b26a4b5bd,6c6428db6261d477927e4b01d25e8f1ce1ab1825019d509ef570d49a43b8073d,bba6db59a22ad0b53fde50b10ea55f41c948a081a094ddb918df50350db1fedf
2,3,1,2.9520764350891113,2.9608540534973145,1.0852625370025635,1.875591516494751,1.8668138980865479,0.0,0.0013116090614926428,1.7861983109734745,15.227702856392272,True,502995,f1b168617e580b5c44507b9899fe12ea086c82b3d3f1765554ec726b26a4b5bd,6c6428db6261d477927e4b01d25e8f1ce1ab1825019d509ef570d49a43b8073d,59f5532f195831df0a0f91e551c8aedc326e722ca27881d13ec43cf23e81f442
2,3,2,2.9520764350891113,2.899163246154785,1.1347074508666992,1.764455795288086,1.817368984222412,0.0,-0.0016009785863295835,2.014693362442603,15.331590441833157,True,502995,f1b168617e580b5c44507b9899fe12ea086c82b3d3f1765554ec726b26a4b5bd,6c6428db6261d477927e4b01d25e8f1ce1ab1825019d509ef570d49a43b8073d,83c56b7ed086a0517c1334e2d62f40f8b9cd0388f6895c405604dab4cf2bd80a
2,3,3,2.9520764350891113,2.9206247329711914,1.1431207656860352,1.7775039672851562,1.8089556694030762,0.0,0.007825583767906657,1.7676744960179833,15.333600810981311,True,502995,f1b168617e580b5c44507b9899fe12ea086c82b3d3f1765554ec726b26a4b5bd,6c6428db6261d477927e4b01d25e8f1ce1ab1825019d509ef570d49a43b8073d,e23dcc23b893a65622a2dc3098804710f7414df469442146964145007f9eecbe
2,3,4,2.9520764350891113,2.951582431793213,1.1567513942718506,1.7948310375213623,1.7953250408172607,0.0,-0.0009922440049445589,2.6029527261521297,15.304108539300245,True,502995,f1b168617e580b5c44507b9899fe12ea086c82b3d3f1765554ec726b26a4b5bd,6c6428db6261d477927e4b01d25e8f1ce1ab1825019d509ef570d49a43b8073d,412e6e3b303151ac469d0e0497ee1ff9b8e20c06fc1b880243fbbf8b209a6fd3
2,3,5,2.9520764350891113,2.912400722503662,1.155944585800171,1.7564561367034912,1.7961318492889404,0.0,-0.005981690288442245,2.2677575124773974,15.28904148374179,True,502995,f1b168617e580b5c44507b9899fe12ea086c82b3d3f1765554ec726b26a4b5bd,6c6428db6261d477927e4b01d25e8f1ce1ab1825019d509ef570d49a43b8073d,2b0b90f16e9c83c7d40d6b97da65de3f99a8283fdd6bebe9829961006e7a4047
2,3,6,2.9520764350891113,2.9655308723449707,1.227398157119751,1.7381327152252197,1.7246782779693604,0.0,-0.002585602113445407,1.7258610654886812,15.269030713101202,True,502995,f1b168617e580b5c44507b9899fe12ea086c82b3d3f1765554ec726b26a4b5bd,6c6428db6261d477927e4b01d25e8f1ce1ab1825019d509ef570d49a43b8073d,8567eac7cc86a04e8130e9336dee2ff4160fbd7e5a6933d81270f86ae0675a4f
2,3,7,2.9520764350891113,3.0392847061157227,1.150761604309082,1.8885231018066406,1.8013148307800293,0.0,-0.00018274819390965585,2.049720327701273,15.255578275540762,True,502995,f1b168617e580b5c44507b9899fe12ea086c82b3d3f1765554ec726b26a4b5bd,6c6428db6261d477927e4b01d25e8f1ce1ab1825019d509ef570d49a43b8073d,430f9d4d92611c07140c7e361a8cafb1fbe9f9964946ae46b1991904fc0ebc89
2,3,8,2.9520764350891113,3.0034327507019043,1.1172301769256592,1.8862025737762451,1.8348462581634521,0.0,-0.003291265632360245,2.0443871936563736,15.317692400866283,True,502995,f1b168617e580b5c44507b9899fe12ea086c82b3d3f1765554ec726b26a4b5bd,6c6428db6261d477927e4b01d25e8f1ce1ab1825019d509ef570d49a43b8073d,b500cc638c4b945d5b13ad21376bea4681045cd90017f4db4727f710e7886f1b
2,3,9,2.9520764350891113,2.9057998657226562,1.1569726467132568,1.7488272190093994,1.7951037883758545,0.0,-0.006017814532111822,2.305857323818767,15.2730275405546,True,502995,f1b168617e580b5c44507b9899fe12ea086c82b3d3f1765554ec726b26a4b5bd,6c6428db6261d477927e4b01d25e8f1ce1ab1825019d509ef570d49a43b8073d,86822cbd94f7929c5a5e53c40f3b6fe6c841986e0ac1c11248471b4c7a659aa5
