round,accuracy,G_mean,A_mean,D_positive_ratio,D_mean_positive,C_mean,alignment_valid_ratio,Gamma,hungarian_score,baseline_score,changed_pairs,Q_vs_Qint_assignment_equal,G_A_raw_pearson,G_A_interaction_pearson,G_A_within_row_spearman_mean,G_A_within_row_spearman_std,random_score_mean,random_score_std,random_score_p90,random_score_p95,random_score_p99,null_gamma_mean,null_gamma_std,null_gamma_p90,null_gamma_p95,null_gamma_p99,mean_reset_delta_norm,mean_active_reset_kernels,probe_seconds,reliability_probe_seconds,formal_training_seconds,matching_seconds,peak_gpu_memory_bytes,G_overall_std,G_mean_row_std,G_mean_col_std,G_interaction_std,G_interaction_overall_ratio,A_overall_std,A_mean_row_std,A_mean_col_std,A_interaction_std,A_interaction_overall_ratio,D_overall_std,D_mean_row_std,D_mean_col_std,D_interaction_std,D_interaction_overall_ratio,C_overall_std,C_mean_row_std,C_mean_col_std,C_interaction_std,C_interaction_overall_ratio,Q_overall_std,Q_mean_row_std,Q_mean_col_std,Q_interaction_std,Q_interaction_overall_ratio,without_G_overlap,without_A_overlap,without_D_overlap,without_C_overlap
1,10.13,0.1987515652179718,0.1747517204284668,0.23,1.4076839944590693,0.0028172042807967923,1.0,0.4622159903021862,4.622159903021862,1.6308066287192675,9,True,0.9975468723290224,0.9368889894136182,0.72,0.18153108646602475,0.06737256848078449,1.3778941407650491,1.89825637307413,2.2680445345925926,2.9147923085773875,0.6297759783644119,0.03178480983020163,0.6697558881800354,0.6822924002566092,0.7002445797611192,15.479049266693531,75.0,53.774870699999155,99.56181549999746,33.66849579999689,0.0006301999965216964,403261440,1.1621841659658527,0.16915278725495864,1.153530573326396,0.1616241736828641,0.13906933033160335,1.1519853253906887,0.1290354302163926,1.1448141858636656,0.12600483877854274,0.1093805936597404,0.9048893010536204,0.05773091297607991,0.8979767437779012,0.11241443133524297,0.12423003698281289,0.0031638618503498197,0.0024943440859379615,0.002503057757347846,0.0019254459602015854,0.608574600053632,3.105542648646888,0.4380937803184569,3.0796263038031095,0.40677586622225814,0.13098382867145422,1.0,0.7,1.0,0.6
2,17.44,0.8513761192560196,0.8583276218175888,0.05,0.560295295715332,-0.00047978256139696943,1.0,0.7758631707374806,7.758631707374805,4.933655765061492,8,True,0.9954941720405284,0.972523796228074,0.6278787878787878,0.38992076141654053,-0.13656098398375616,4.760092359614015,4.444967049005921,4.908704170893736,5.7098410566167495,0.875426497190103,0.03901504086858444,0.9210069551949516,0.93224047518162,0.944454638962418,15.292497409050707,75.0,45.45961140000145,0.0,37.31564179999987,0.0003521000035107136,403261440,0.6574606236378759,0.15021138852907873,0.6429177674007307,0.20122077228077323,0.30605752655934576,0.6437847036128311,0.12874452051406515,0.6321909918399211,0.1834565150613298,0.28496563219318055,0.16089235605488358,0.043385374059554886,0.0840442943572998,0.13015612217866468,0.8089639891547479,0.00531165353864952,0.003316652528184556,0.0048246788245054194,0.003004848458533509,0.5657086699403755,2.717863181776682,0.7832270857378798,2.4366036029550733,1.3972044538444663,0.5140819682214858,0.8,1.0,1.0,0.2
3,21.09,-0.08686759412288665,-0.08914135754108429,0.32,2.215743914246559,-0.0015803873944158977,1.0,1.124482084080656,11.24482084080656,3.38409491329101,10,True,0.9983067692672385,0.9954434047135191,0.7793939393939395,0.2928621309282989,0.09685797982764642,4.571401000223995,5.090091464219122,5.878667938312448,7.297658862915011,1.1315820786798072,0.0238582961732465,1.1607037620221743,1.1687357924918311,1.184512214166029,15.069225420708785,75.0,44.43537730000389,0.0,35.47165160000441,0.0005597999988822266,403261440,1.8448839802369972,0.6520795589425245,1.6507140213422076,0.8071245226637429,0.4374933769873476,1.8234622877014501,0.6134432188083975,1.638267871735523,0.7860732974247542,0.4310883217747443,1.4708977135056573,0.46232288111652586,1.2336616858453415,0.7786375190902984,0.5293621112745741,0.0076646904323909235,0.0036388947891662312,0.007314137202404242,0.003418238258854102,0.44597212229324396,3.112489885383643,1.0591057009872282,2.7540233469103863,1.4038533423343487,0.4510386841502333,0.8,1.0,1.0,0.8
4,17.95,-0.4267493391036987,-0.46487297654151916,0.47,1.7454575604580818,0.003649549915807707,1.0,1.2052086083227063,12.052086083227064,2.017211635237345,9,True,0.9968646338104423,0.9901740468070476,0.7818181818181816,0.21513017393089515,0.23196850603337726,4.269294982310276,5.783346635717311,7.162575376889785,9.296004245682647,1.2061575033131324,0.023108227404329548,1.2301269798375154,1.233818899781837,1.2422198416107124,14.839136043902124,75.0,44.14756149999448,0.0,34.69303639999998,0.000563900000997819,403261440,1.9024412950310512,0.5858890408922078,1.7554800096205798,0.7889021615573987,0.41467884639484887,1.8767344757683084,0.5902615585427216,1.7337945813059563,0.8143885068891888,0.4339391200003345,1.6488338713810013,0.4814445501578632,1.4824399998179771,0.743745561943261,0.45107367992163316,0.00906439987799371,0.004749545217654703,0.008342211801885671,0.004124413525660526,0.45501230982468666,3.051123450917462,0.9068382053138023,2.7871949463100893,1.2704712665765754,0.4163945795751231,1.0,1.0,1.0,0.3
5,24.2,-49.53519311070442,-49.47694102883339,0.93,53.22336700398435,-0.004982392331521171,1.0,0.9222550091132226,9.222550091132225,-0.9827724242814079,10,True,0.999990148757127,0.9999600107575094,0.9939393939393938,0.014595872216717926,-0.09184868072516385,2.76955120186313,3.5106532464428253,4.429868609544698,5.949215308141435,1.031275305183183,0.035592295600563144,1.0784554848013312,1.0874279338776303,1.1022696867418724,14.641993390365545,75.0,44.12124069999845,92.63224740000442,35.43197099999816,0.00045340000360738486,403261440,60.81476319317813,15.440460054693961,57.89888823379336,17.515803804862394,0.28801894285477087,60.833796408647345,15.498232603072342,57.88511437580932,17.546275292324967,0.28842972702967484,60.8168056985703,15.475530781156982,57.8678719611291,17.545799740174704,0.28850248773567494,0.007363446859001795,0.004716972830155661,0.006539619599885515,0.0038615945603704665,0.5244275723467301,3.0531143893017676,0.772580698667187,2.925240249195128,0.8420774711447465,0.27580934212469044,0.7,0.7,0.7,0.7
6,25.3,-6.769631286263466,-6.734647976756096,0.94,7.219393992677648,0.0003169032575023425,1.0,1.6546272250249152,16.546272250249153,-6.314274832417682,8,True,0.9997637227487505,0.9995266669608572,0.9563636363636363,0.07746203786022042,0.03705917183415237,4.804896649931646,6.453454055342217,8.654136863184005,11.08376682415431,1.926191664552723,0.06353615477998689,2.00059819031835,2.02692372164071,2.051660020169522,14.442728821211224,75.0,48.93561369999952,0.0,36.070600400009425,0.0005624999903375283,403261440,8.624566863484652,3.2527803569284,7.740256098012091,4.034744988889891,0.4678200137762861,8.627799839051805,3.310304208077517,7.739905984033511,4.078765754439506,0.4727469146859302,8.584197825021798,3.2471738778203045,7.6858443242876975,4.0553875262106125,0.47242475172108633,0.007359190870835894,0.004655736103359221,0.006224098418091411,0.003314064797021476,0.45033005057049813,3.120519582009908,1.2102570661602063,2.7980571920226405,1.4157846102587395,0.45370156252852,1.0,1.0,1.0,0.8
7,26.99,-46.37184911251068,-46.43252338290215,0.97,47.88756620638149,-0.0018426926221981796,1.0,1.0083649604303258,10.083649604303258,-2.0282556777546907,10,True,0.9999840392509728,0.9999019077054906,0.9903030303030302,0.014135640957200721,-0.016138917167295434,2.693426265089318,3.2956367314518817,4.138736178442143,5.50273553781018,1.0996412689418094,0.04745588642744963,1.1473677547853371,1.154611175869501,1.1711707402808136,14.268655013941693,75.0,50.5480719999905,0.0,39.00957589999598,0.0005778000049758703,403261440,59.69013764354619,14.939378471180811,57.87358711126736,16.380076787219334,0.2744184790632725,59.75023564833714,15.11488426314354,57.898164411981384,16.448768634210957,0.27529211317292485,59.7357354817789,15.088899738676474,57.88250836991226,16.438086407801904,0.27518011246075624,0.005880134913697646,0.004642983273605872,0.0047406806350639265,0.003855759845959923,0.6557264250821889,3.063549047557652,0.7626853222098848,2.9764631022386685,0.8149866751965809,0.26602697151080745,0.8,0.8,0.8,0.7
8,24.86,-43.27112778782845,-43.38215810894966,0.94,46.17692381270388,0.0017517858758935086,1.0,1.1319165305486512,11.31916530548651,-3.5548326839542588,8,True,0.9999944721079288,0.9999843722003904,0.9939393939393938,0.011175205402779255,-0.09745620081314449,4.209691661220714,5.118596647558371,6.448712201022891,8.241686539970965,1.635933428746317,0.09452159582589106,1.7389964017635322,1.7529364190690586,1.7851245761368615,14.004755568588944,75.0,46.96813480000128,0.0,36.514309799997136,0.0005842000100528821,403261440,71.96714719765619,20.43778687229979,63.154434644554144,30.177363452907144,0.4193213796571049,72.00732068414692,20.48389546452105,63.144742152282234,30.25854508753316,0.4202148448247271,71.9926744026192,20.45184270710286,63.12734334178457,30.26304582844859,0.4203628505200742,0.006511179778095076,0.005236388702073373,0.004910935881087481,0.0035494402458618258,0.5451301249280291,3.11599686166347,0.9599503245134369,2.7527202804106805,1.2477356156351478,0.40042903476130143,1.0,1.0,1.0,1.0
9,29.78,-58.00685242652893,-57.980162368416785,0.99,58.59522599884958,-0.0014564380594395965,1.0,1.3259237660553385,13.259237660553385,0.08996664651039152,10,True,0.9999870553874557,0.999950357724367,0.989090909090909,0.01752343308460721,-0.16401255864212538,3.8541044603289274,4.72447410929363,6.0846758557636464,8.719481710069786,1.7309130499426344,0.05292038711282153,1.8002554530903943,1.8152019017009031,1.8409311369310797,13.796534906776449,75.0,49.7361103999865,0.0,37.08553640000173,0.0005792000010842457,403261440,75.70756235950698,30.458162953119803,66.5146322013983,29.613513672705402,0.3911566130221162,75.75270761897275,30.620307901572282,66.50368801727559,29.64817668004018,0.39138108210160666,75.72985773771474,30.583587253358115,66.48747511026859,29.656178394996648,0.3916048343535627,0.006387088955993532,0.004433417068020133,0.005504188017333807,0.0036297042282536643,0.5682877212548627,3.0917734561751407,1.2544103496033503,2.723025377613582,1.151426155721323,0.3724160815927834,0.7,0.7,0.7,0.8
10,32.39,-50.55928363800049,-50.598139383792876,1.0,50.598139383792876,-0.0012403977169643235,1.0,1.703355016132606,17.033550161326062,-0.3908303471770642,9,True,0.9999875458363957,0.999974074101919,0.9951515151515151,0.005938156952201627,-0.196448162856446,5.02970179418991,6.075402269994057,7.86651692076492,11.368176329197272,2.3372474161226826,0.11603031508459624,2.4865353871456923,2.5154413844864156,2.5956400864820024,13.77320126535711,75.0,50.11298390000593,99.42443800000183,35.40636110000196,0.0005682999908458441,403261440,44.657159890260054,23.460340675922634,38.946154124367375,22.393730064056662,0.5014588952608436,44.70961524246877,23.527458332046706,38.95073483985173,22.444498577751247,0.5020060775748225,44.70961524246877,23.527458332046706,38.95073483985173,22.444498577751247,0.5020060775748225,0.005171764505030672,0.004021264032433823,0.00435157967632412,0.0030885099732593235,0.5971868924532568,3.025127384353778,1.6082601114897652,2.61331480632282,1.4917987290576498,0.49313583843555236,1.0,1.0,1.0,1.0
11,33.19,-87.30674153447151,-87.44918901085853,0.98,89.2350669564033,0.0017488222969587654,1.0,1.1369848710789927,11.369848710789928,2.688749121830297,7,True,0.9999984124088453,0.9999954975485822,0.9939393939393938,0.014595872216717926,-0.03599807365258429,4.544364883906246,6.63032597690102,7.690329657124517,9.016936526541954,1.4909468037928801,0.059389750261728144,1.568112067229303,1.5869535895970934,1.6239558348889545,13.485126216684062,75.0,50.238081500006956,0.0,35.37742239999352,0.0003519000019878149,403261440,171.33795619639346,51.97670273451612,145.91647741021237,83.09580965668813,0.4849819123641282,171.33140328658084,52.143778482386935,145.86690223996453,83.1628030640015,0.4853914779703146,171.33080242236952,52.142011544915974,145.86622115004099,83.16229180340609,0.4853901962029692,0.007164701676323307,0.005351098784443652,0.0058333279191510245,0.004174880333258692,0.5827012096058556,3.110828752388644,0.9852989396264975,2.6919569350758126,1.3985620505336291,0.44957860488454915,0.8,0.8,0.8,0.5
12,33.56,-47.37871257305145,-47.48213029384613,1.0,47.48213029384613,0.0007472775347137445,1.0,1.11851791903301,11.185179190330098,1.8608514563447713,8,True,0.9999913040763427,0.9999265890721194,0.9987878787878787,0.003636363636363627,0.036380214794035186,3.131942972289297,3.878718191381222,4.959099201648,6.230883506735618,1.1977315565312272,0.0517964029051541,1.2626911740286364,1.2772077500567256,1.3019480503050547,13.268546140346015,75.0,48.915046399997664,0.0,37.79952860000776,0.0003378000110387802,403261440,48.54971745225624,14.019307326044938,47.37977618435929,14.862818673011917,0.3061360488375242,48.57695580116705,14.032096238474015,47.40237834974045,14.854866242884922,0.30580068260531135,48.57695580116705,14.032096238474015,47.40237834974045,14.854866242884922,0.30580068260531135,0.0039433171178433,0.0029357186252510123,0.003647779297854857,0.002689042236541726,0.6819239123259838,3.0304316251193195,0.881215155908181,2.9583961282763895,0.9162447557901374,0.3023479388861187,1.0,1.0,1.0,0.5
13,32.39,-129.63460592985155,-129.80921759843827,1.0,129.80921759843827,0.00011058143071476324,1.0,0.5568825117988805,5.568825117988805,-1.1862709947391414,10,True,0.999999540056225,0.9999971406390183,0.9915151515151515,0.02171693680868957,-0.003948965876962792,3.2126224191576753,2.8892219690640917,3.289681342520291,4.097892301090956,0.5822262906151827,0.017742469758573326,0.6040472664071278,0.6085912958869062,0.6184410936355305,13.133314730924747,75.0,50.5578089000046,0.0,38.308385800002725,0.0003277999931015074,403261440,310.50379534862367,44.22830124538182,290.81832262824594,103.18589330758516,0.33231765554340925,310.5808186766933,44.27437797822242,290.89307111624623,103.20533377543947,0.33229783543997155,310.5808186766933,44.27437797822242,290.89307111624623,103.20533377543947,0.33229783543997155,0.004753606918925864,0.003887858269494597,0.004230247413404195,0.003611781316135018,0.7597980602382547,3.051153875191956,0.4985897317066815,2.8777460407590794,0.9693039636425886,0.3176843919684671,1.0,1.0,1.0,0.1
14,35.43,-145.98903158545494,-146.18428480625153,1.0,146.18428480625153,0.00047429513285006657,1.0,1.1216347921811893,11.216347921811893,2.0737823825750676,9,True,0.9999986655519552,0.999995936633202,0.9951515151515149,0.01110927441201416,0.16440415583824464,4.597932618810988,5.372667233187187,6.3032382823353705,8.13019778854932,1.2192416608559298,0.03705536548851614,1.2662003279275353,1.27763247638187,1.2987123139562995,13.01170580246056,75.0,50.11319889999868,0.0,37.00899990000471,0.0004413999995449558,403261440,185.88192512364583,63.82257814438058,160.05303064512316,83.70852085981994,0.45033168665613027,185.9070454111404,63.88909241837591,160.04091468492612,83.74469149336116,0.4504653995665234,185.9070454111404,63.88909241837591,160.04091468492612,83.74469149336116,0.4504653995665234,0.005264110128397278,0.004153486263874252,0.004321228640070245,0.0031537800053661673,0.5991098074398329,3.050546006912957,1.064149034911504,2.6554919400500383,1.377732793912224,0.4516348190750416,1.0,1.0,1.0,0.8
15,34.05,-64.66531431257725,-64.86449293613434,1.0,64.86449293613434,0.001914512365763635,1.0,1.5534098905443376,15.534098905443376,1.4600244940865534,10,True,0.9999874975448902,0.9999737264567469,0.9987878787878787,0.003636363636363627,-0.05040785159564372,5.473367140449446,7.0211431754538625,8.378302405924174,11.15434450594627,1.8066496942438466,0.05096777028553884,1.8689123001082892,1.884450850688941,1.913336614792904,12.711495837962257,75.0,46.10175879999588,0.0,35.46866710000904,0.0005583000020124018,403261440,71.86828959433531,35.39892448452103,59.20562065813306,39.654801580710476,0.5517704930024672,71.94119774896951,35.56218889837389,59.24960578945055,39.73341681678914,0.5523040769412028,71.94119774896951,35.56218889837389,59.24960578945055,39.73341681678914,0.5523040769412028,0.0046513432732538055,0.004199505412567746,0.003472813410987121,0.0032675188720180577,0.7024892982650782,2.986985349321176,1.4750211681580359,2.4812569836154443,1.6226993076338807,0.5432565338837889,0.8,0.8,0.8,0.4
16,35.53,-117.601326277256,-117.84271562576293,1.0,117.84271562576293,0.0037978534086195665,1.0,1.1279020200207184,11.279020200207183,0.3172250743425242,10,True,0.9999984971037998,0.9999965062162883,0.9963636363636363,0.005554637206007063,0.2454497523066288,4.596936218940707,5.138800883067097,7.315863372843636,8.721594814192033,1.6394461922203623,0.08141859053182539,1.7393025835744085,1.7599138296460064,1.7949458161472722,12.57582850958902,75.0,47.47912709999946,0.0,38.90814299999329,0.0005827999993925914,403261440,181.61829979712425,61.8817614508154,151.4931065142956,85.2597657956743,0.469444796537096,181.60434026367295,61.93898682879042,151.44903862786106,85.26958566296756,0.4695349546115687,181.60434026367295,61.93898682879042,151.44903862786106,85.26958566296756,0.4695349546115687,0.005637347710152075,0.0050201977785196295,0.0038782947258566036,0.0036665782140542654,0.6504083839730642,3.049412203418213,1.1211317153081972,2.5352873074719913,1.416331888083573,0.46446062178669956,1.0,1.0,1.0,0.4
17,33.71,-126.43076412081719,-126.63971175670623,1.0,126.63971175670623,0.00021179645177369567,1.0,1.4831438992230035,14.831438992230035,5.452245997229249,9,True,0.999998086459863,0.9999946384163024,0.9963636363636363,0.005554637206007063,-0.11002104411368126,4.616937582216821,5.581546813276232,7.029017697939158,9.33067733061405,1.8114607189500507,0.05463300099498435,1.880482735489542,1.8947883486879897,1.9154664743188743,12.40903312466126,75.0,46.52371529999073,0.0,32.55786960000114,0.0005887999868718907,403261440,124.47575305727085,63.18301347320668,104.73925568308235,59.66935796130523,0.479365310076506,124.5500573906548,63.281720146792644,104.77879241769203,59.664421591578176,0.47903969569792343,124.5500573906548,63.281720146792644,104.77879241769203,59.664421591578176,0.47903969569792343,0.003363187691443282,0.002978786918670743,0.003127307912826855,0.0027971092995996124,0.8316839725347763,3.0700049948859167,1.5346908289570813,2.618938554606159,1.4558220839115303,0.4742083763175211,0.7,0.7,0.7,0.7
18,39.85,-73.11362695813179,-73.29659873723983,1.0,73.29659873723983,0.0021566898398260436,1.0,2.158319798205577,21.58319798205577,1.5527211113553552,10,True,0.9999717622001628,0.999967830989317,0.9975757575757574,0.0048484848484848355,0.19223753191203494,7.094915026263541,8.861937915617942,10.720580822254817,14.210844166086767,2.9077194917633524,0.12655254765205134,3.060424784676982,3.095248244745681,3.144574950148257,12.213111371472198,75.0,45.01766040000075,0.0,35.204243999993196,0.0005711999983759597,403261440,35.04310113508292,26.039511672816122,29.71839354304052,23.368621348898927,0.6668536913676213,35.089226776127994,26.107614087539027,29.735197964223083,23.348274440590867,0.6653972340158614,35.089226776127994,26.107614087539027,29.735197964223083,23.348274440590867,0.6653972340158614,0.00398584745286847,0.0033093281959869097,0.003369015212444782,0.002782699465124357,0.698144998781062,3.0800410750767355,2.2560016762435806,2.6183897780549286,2.0259078694349455,0.6577535234280837,1.0,1.0,1.0,1.0
19,36.49,-44.792350912094115,-44.87212434530258,1.0,44.87212434530258,9.742650266654822e-05,1.0,1.6488986199199822,16.48898619919982,3.4773919808178664,10,True,0.9999842084029004,0.9999558770648084,0.9987878787878787,0.003636363636363627,-0.1814699066898344,4.884222534866297,6.272506774672406,7.846652615065749,10.041757590467888,1.8476722375214336,0.07314303570380408,1.9359234416919808,1.9499309806048892,1.983710499467415,12.04466508370298,75.0,45.377530900004786,0.0,31.555763500000467,0.0005586000042967498,403261440,38.33421067629304,17.853710550666992,34.0996653105804,19.14921383907834,0.4995332759237105,38.378765167059754,17.9480381632634,34.132579259600966,19.21955844486823,0.5007862645191162,38.378765167059754,17.9480381632634,34.132579259600966,19.21955844486823,0.5007862645191162,0.003663681167614211,0.0028407114180648988,0.003294835704791723,0.0025802600453944573,0.704280729503196,3.074524551859349,1.3850444361544059,2.754943334132557,1.4924235248981441,0.48541603741482114,1.0,1.0,1.0,1.0
20,36.67,-68.768668166399,-68.92261038303376,0.99,69.62586702000011,0.0022355130680364677,1.0,1.6061135414665881,16.06113541466588,-0.2939379168460191,7,True,0.9999904486784272,0.999976862914006,0.9999999999999998,1.1102230246251565e-16,-0.05947204733906288,4.8475485582509155,6.141124532399832,7.813065320005754,9.847346260710918,1.7294313475409275,0.0604702758323594,1.8066431022500953,1.826613407967832,1.8526762694694656,11.812352945731732,75.0,44.60893770000257,89.89003669998783,31.385555900007603,0.00041190000774804503,403261440,51.002602947664435,26.83897233079991,45.72563715232438,24.737122653384194,0.4850168662718612,51.0879738031386,26.947966352060615,45.77159888399371,24.798672008947868,0.4854111479250789,51.078483580769394,26.939913101116453,45.76235463425813,24.795892090926014,0.4854469113539121,0.0034959967712320937,0.002924809487796891,0.0031104916978126956,0.002746809394783644,0.7857013534413495,3.0348197781496595,1.5497895915346516,2.749716369517837,1.433078604270928,0.4722120946320843,1.0,1.0,1.0,0.8
21,32.68,-80.02365642428398,-80.2422884953022,1.0,80.2422884953022,0.0019441510265825346,1.0,0.7622718949501899,7.622718949501899,0.004863690966850243,8,True,0.9999966631729483,0.9999650453233089,0.9987878787878787,0.003636363636363627,-0.014762478736051016,2.396064172339418,3.016731633895752,3.6849584651692524,4.838516245713973,0.9698528544399976,0.04774900363718673,1.0256888503281965,1.0351826041825651,1.0550038435049254,11.78898803367082,75.0,44.39531249999709,0.0,35.144659199999296,0.0003324999997857958,403261440,108.60362514776438,22.46996497946556,105.44828256904391,25.54740670290988,0.23523530331653736,108.66918610979049,22.53953391132947,105.50899697639356,25.52428017730014,0.23488056818160477,108.66918610979049,22.53953391132947,105.50899697639356,25.52428017730014,0.23488056818160477,0.0046844698955242495,0.0043691347078953615,0.0035002699152271908,0.0032680355358745035,0.6976318791154853,3.043815293757404,0.6314304270329811,2.9553248980283895,0.7250616132054944,0.23820815103088933,1.0,1.0,1.0,0.6
22,37.27,-242.0579332947731,-242.2978650444746,1.0,242.2978650444746,0.002938469555714821,1.0,0.7483069251555742,7.483069251555742,5.099586199411912,7,True,0.9999996489568743,0.9999974108734587,0.9987878787878787,0.003636363636363627,0.0873901450883465,2.613931150951736,3.439332253862767,4.125168176454857,5.1349406140751785,0.8480382637499809,0.03906011298903461,0.895918999187212,0.9061314585699295,0.9200876348118209,11.583319486629232,75.0,45.48775710001064,0.0,40.03501479999977,0.000337799996486865,403261440,419.9893525507081,69.41043348957723,403.3210276706747,110.13185726808766,0.26222535547443604,420.035080567613,69.52079575135463,403.3404864223172,110.14205151288532,0.26222107773485304,420.035080567613,69.52079575135463,403.3404864223172,110.14205151288532,0.26222107773485304,0.004014828452534521,0.0037046748826830844,0.003127384198972722,0.0028870922212965583,0.7191072434175776,3.061548473352776,0.5584048011914001,2.9550065407628234,0.7862016627674004,0.2567986983091638,1.0,1.0,1.0,0.4
23,34.35,-78.4426811826229,-78.68991153001785,1.0,78.68991153001785,0.0021954258371727074,1.0,1.748992277837938,17.48992277837938,-3.799893238864076,9,True,0.9999925639671198,0.9999821726788409,0.9999999999999998,1.1102230246251565e-16,0.49679887303733644,5.061068889079039,6.617167895832543,8.12872884102178,10.974298146869826,1.886892374377254,0.09474364278941855,1.9889347622438047,2.012815162752709,2.055689376827641,11.397560688283486,75.0,44.66362079999817,0.0,38.152730399990105,0.00037199999496806413,403261440,75.32946035807785,36.573049212322985,70.312849601601,38.79822448504921,0.515047158185154,75.32205606152117,36.560674476978804,70.29716029023182,38.753622028829945,0.5145056316197337,75.32205606152117,36.560674476978804,70.29716029023182,38.753622028829945,0.5145056316197337,0.004419927137578091,0.0032649047505899863,0.003903513412118177,0.002953013590085635,0.6681136358514148,3.0537571018838063,1.443860409264357,2.8438698293798206,1.533795485656329,0.502265057266722,1.0,1.0,1.0,0.8
24,39.18,-71.90062395334243,-72.08459995031357,1.0,72.08459995031357,0.0023118559481628675,1.0,1.916526487947025,19.16526487947025,-5.924027677735847,9,True,0.9999814494319615,0.9999697595802356,0.9975757575757574,0.0048484848484848355,-0.04646704792435555,5.531411239000521,6.957364946351654,8.526004750810916,12.338992024328086,2.5040218123996936,0.10532626830275126,2.6387389474986613,2.67679534836354,2.7078373775453217,11.276972111312531,75.0,44.39028779999353,0.0,35.41394969999965,0.00034749999758787453,403261440,45.42764236109378,31.60593937763186,34.794998845765974,24.740648955341808,0.5446166181965626,45.58707908288894,31.798392210305803,34.82071072099717,24.79286005876719,0.5438571752686204,45.58707908288894,31.798392210305803,34.82071072099717,24.79286005876719,0.5438571752686204,0.004545981762720034,0.004214996224393458,0.002915582709758867,0.002735901507542278,0.601828526893448,2.9137768979432783,1.9835510939083236,2.2947356501593132,1.6071298502106375,0.5515624244756172,0.3,0.3,0.3,1.0
25,27.51,-49.82406210780144,-50.03364244461059,1.0,50.03364244461059,0.003950129051362692,1.0,1.3239315413282355,13.239315413282355,0.7879165602366613,8,True,0.9999857328506866,0.9999369488797316,0.9951515151515151,0.008040302522073675,-0.11197837037827484,3.851915355857551,4.929317665736343,6.354223835329534,9.166650786418387,1.3644202399281664,0.03631075855517115,1.4090330615344846,1.4202276614262648,1.4373233985572447,11.121529724078677,75.0,43.95735880000575,0.0,37.79240990000835,0.00034080000477842987,403261440,53.867779250235614,25.710869189437226,48.1358257570305,20.613594649526476,0.3826702146707916,53.884301910761984,25.791126194373724,48.12581699940117,20.64449630831994,0.3831263573296241,53.884301910761984,25.791126194373724,48.12581699940117,20.64449630831994,0.3831263573296241,0.003455016701272708,0.0029418302564729244,0.0029597747435989377,0.002521831267307802,0.7299042190964945,3.0419417781800235,1.3891406340340584,2.7516125613800932,1.1388886704480192,0.3743952887649973,0.5,0.8,0.8,1.0
26,43.97,-222.61847878098487,-223.07093878030776,1.0,223.07093878030776,0.0010156334720807958,1.0,1.5775639864785715,15.775639864785715,-0.19203690939859475,9,True,0.9999983578310901,0.9999975026554626,0.9999999999999998,1.1102230246251565e-16,0.30676512573158354,4.8799245316995385,6.676979063642562,8.350685931016722,11.354362993105912,1.9701356380236583,0.07103870149636297,2.051853062183898,2.06844609499555,2.0951000584774704,10.940097394856226,75.0,44.125981600009254,0.0,33.762816700007534,0.0003428999916650355,403261440,227.08266880031138,100.11150791645852,187.10267653315682,114.12085123921948,0.5025520082273359,227.1242229253597,100.22310557291719,187.08764155173986,114.12116730649599,0.5024614540739667,227.1242229253597,100.22310557291719,187.08764155173986,114.12116730649599,0.5024614540739667,0.0034296302858765845,0.0030718440060294974,0.002446220410723977,0.0021976519711243373,0.6407839294440555,3.0100745144848515,1.3576085903341215,2.4845281229382,1.5032372690622904,0.4994020120859223,1.0,1.0,1.0,0.6
27,35.9,-70.58395284950733,-70.774527323246,1.0,70.774527323246,0.0026064297521996684,1.0,1.616641718172979,16.16641718172979,-7.467608894829329,8,True,0.9999930217227971,0.9999799297325441,0.9999999999999998,1.1102230246251565e-16,-0.009384926641593055,5.1162313120189,6.060973370827505,7.54985737182739,9.50179333347583,1.6729327884078822,0.07007936372720473,1.7625841658354477,1.783895448245032,1.8188337286135998,10.757922372627489,75.0,42.63376710000739,0.0,32.03645710001001,0.0003397999971639365,403261440,54.83093055544987,24.55165367612637,50.41342613007533,29.016978086694277,0.5292082004216535,54.859831907861576,24.575904489430915,50.43288447779866,29.033955213864925,0.5292388657447613,54.859831907861576,24.575904489430915,50.43288447779866,29.033955213864925,0.5292388657447613,0.003911917277702812,0.002894511051487774,0.003613387727069086,0.0026455618901273467,0.6762826773476394,3.0867674051826444,1.328152974749512,2.854120326264063,1.5702649819662096,0.5087085535922642,1.0,1.0,1.0,1.0
28,45.73,-165.7371311199665,-165.98206593990326,1.0,165.98206593990326,0.0023097114192213155,1.0,0.965270025647295,9.65270025647295,2.1409735956297617,10,True,0.999998379317439,0.9999832186217437,0.9987878787878787,0.003636363636363627,0.12065438568972418,2.4337983204429916,3.3140954704405123,4.369416917868629,6.07375840895298,1.062552897192321,0.05161610553006318,1.119990886636769,1.1311128554319652,1.1551145483820653,10.64168915197467,75.0,42.84527150000213,0.0,36.583991099993,0.00034330000926274806,403261440,164.99680955309466,39.96679038162695,160.82058690780033,40.332477382587285,0.24444398344325932,165.04361277583794,40.090224001233835,160.85285372049012,40.3560481263127,0.24451747903218915,165.04361277583794,40.090224001233835,160.85285372049012,40.3560481263127,0.24451747903218915,0.0035318660750525907,0.0031840535543007096,0.002835782184232758,0.0028541925427775505,0.8081259261041065,3.0383424086660415,0.6845059146986043,2.967926610487687,0.7430094064536369,0.24454432928112566,0.8,0.8,0.8,0.5
29,39.68,-129.11460461735726,-129.29944358110427,1.0,129.29944358110427,0.0015897598174949626,1.0,0.9802205282288783,9.802205282288783,4.019392766633046,6,True,0.9999995216439385,0.9999989602062844,0.9987878787878787,0.003636363636363627,-0.03857009035668905,5.276771048687397,5.27261228870896,5.89241750039035,6.99025488191803,1.0578235071092623,0.03743915799687027,1.1056977280882483,1.1169448844180647,1.1355781409275032,10.48585731763368,75.0,44.21342870000808,0.0,27.7505930000043,0.00032980000833049417,403261440,223.1845380148209,72.99328103790859,180.3364625278657,121.93208803326564,0.5463285634292845,223.26297844423718,73.09348475087633,180.36455621090613,122.00320998252215,0.5464551751153586,223.26297844423718,73.09348475087633,180.36455621090613,122.00320998252215,0.5464551751153586,0.004586019758892373,0.003942654984886699,0.0036168621952675515,0.0030575150230951094,0.6667034125107145,3.033557404972557,0.9635334335333005,2.5052042516260653,1.5979019825776701,0.526741963068975,1.0,1.0,1.0,0.3
30,42.81,-257.2767046046257,-257.50690712451933,1.0,257.50690712451933,0.003325904328288575,1.0,0.946579062055193,9.46579062055193,0.5753348411676213,9,True,0.9999990393487524,0.9999951819319416,0.9999999999999998,1.1102230246251565e-16,0.12126847548763249,2.8864945748620703,3.750635975692126,4.610992610380881,5.979669708491597,1.010694778479781,0.037915064373278025,1.0588873939881625,1.0671612684206775,1.082036252449824,10.305518146772203,75.0,47.62960759999987,0.0,39.600926099999924,0.000484200005303137,403261440,251.87443489093693,75.46418771219707,237.53378638576714,74.54304026279384,0.2959531811756576,252.0063347484931,75.66650436896609,237.60419339398678,74.62988066145658,0.2961428756778617,252.0063347484931,75.66650436896609,237.60419339398678,74.62988066145658,0.2961428756778617,0.005127456308546807,0.004699480978206,0.0029188608813207817,0.0025676291578362155,0.5007608067876287,3.013398270377946,0.8214709469672306,2.8740770534281626,0.866814073077636,0.28765333862387815,1.0,1.0,1.0,0.8
31,47.18,-125.51253211975097,-125.7423928976059,1.0,125.7423928976059,0.001562679980840543,1.0,2.1147392658955972,21.147392658955972,-1.9663834514233,8,True,0.9999910848796016,0.9999787841031615,0.9987878787878787,0.003636363636363627,0.005749548812133302,5.479952703584247,7.0498212339613655,8.702677835488448,12.689876212299495,2.2928370910328706,0.12687369204541343,2.4549091389738473,2.492262525098196,2.568850985092282,10.17385173088779,75.0,46.17850750000798,0.0,33.3775569999998,0.0003364000003784895,403261440,75.37978322609638,44.1382311797678,67.77287402115374,39.80010990458957,0.5279944860707801,75.4021339333876,44.18917117178808,67.80285761493627,39.84163645895601,0.5283887123692448,75.4021339333876,44.18917117178808,67.80285761493627,39.84163645895601,0.5283887123692448,0.003485881167473244,0.003256088388410691,0.0028759383731150395,0.0028132302591429657,0.8070356171039954,3.03221454087327,1.7349845989187975,2.7450030313659193,1.5822376962005096,0.5218092832391831,1.0,1.0,1.0,0.8
32,40.25,-105.53160051107406,-105.77243656754494,1.0,105.77243656754494,0.0036740610948640877,1.0,1.5119853178808718,15.119853178808718,-1.3749563242708374,10,True,0.9999946464899923,0.999986176523804,0.9987878787878787,0.003636363636363627,-0.06691770735812738,4.32660076169025,5.4852353456869585,6.992730936237576,9.71251034895075,1.5459910487090407,0.06481982174014021,1.6258574222825477,1.643148792677533,1.670505242987122,10.074942400909645,75.0,46.10161810000136,0.0,36.84567400001106,0.0003404000017326325,403261440,80.14313422396138,33.26447497256605,78.44260971146397,35.6989286334546,0.44543963720826446,80.23163710067533,33.29780380441281,78.52288942421612,35.721340039386604,0.44522761008307943,80.23163710067533,33.29780380441281,78.52288942421612,35.721340039386604,0.44522761008307943,0.003724849017616571,0.0032483026985379083,0.0028577640473177912,0.0025227843386568635,0.6772849924185985,3.0214091687883404,1.185538159552946,2.972623408280991,1.275570669690271,0.4221774008191702,1.0,1.0,1.0,0.6
33,42.65,-74.41654122292995,-74.62637433767318,1.0,74.62637433767318,0.0015774868357461566,1.0,1.74927527233367,17.4927527233367,-2.3397881155438176,10,True,0.9999899707167715,0.9999788319487822,0.9975757575757574,0.0048484848484848355,0.2416579158234323,4.830510324845199,6.524491552387828,8.088051424982115,10.920228707431733,1.8972183839874042,0.08480859943842123,1.999726515806781,2.028771088849457,2.0691034368845638,9.932259388986727,75.0,45.75388790000579,0.0,33.22037670000282,0.0004378000012366101,403261440,50.67818751618535,23.573867254243087,48.52217222129571,25.18323625199237,0.49692456431969806,50.70576414940094,23.65302033112093,48.52550176806014,25.23654820287591,0.4977057071562556,50.70576414940094,23.65302033112093,48.52550176806014,25.23654820287591,0.4977057071562556,0.003739889808298493,0.003447672717997976,0.0030277227761967857,0.0028801769719359153,0.7701234848002877,2.9741887808654157,1.3545424491707476,2.8574320155673796,1.4423745782712396,0.4849640303772325,0.5,0.5,0.5,0.7
34,46.73,-252.24324144899845,-252.45203154563904,1.0,252.45203154563904,0.0024204990549149875,1.0,0.7791057061319027,7.791057061319027,3.3319658353227495,9,True,0.9999997569521013,0.9999988136891811,0.9987878787878787,0.003636363636363627,-0.20695656427570128,3.867274900459616,3.91702588954043,4.6270085227121935,5.355053763084543,0.8324278044178876,0.02805584023650465,0.8673216763478623,0.8745002918835997,0.8864767689392263,9.80675247709058,75.0,44.497812999994494,0.0,35.599528200007626,0.0003265000123064965,403261440,356.34565702035366,91.27421738027809,323.3549689585491,139.78398339163905,0.39227076474136713,356.3681772703931,91.31538775866669,323.37942629267366,139.82072221272125,0.392349067988281,356.3681772703931,91.31538775866669,323.37942629267366,139.82072221272125,0.392349067988281,0.0034329800162468836,0.0030951231190494855,0.003119501325286509,0.002985720469263438,0.8697168218670804,3.0277066473060765,0.7690128069876014,2.7776651658188882,1.1335549060016734,0.3743939020678446,1.0,1.0,1.0,0.3
35,43.14,-97.10008886754513,-97.37421395421028,1.0,97.37421395421028,0.003406478956786646,1.0,1.3149947134965858,13.149947134965858,4.463154985030546,7,True,0.9999942222990723,0.9999809180092342,0.9951515151515151,0.005938156952201627,0.003737832139509372,4.60324407122539,5.542012838719029,6.8296877566054475,9.068903103625823,1.4728499757952644,0.05479224353890146,1.5419420987611623,1.557877088905545,1.5901908295850278,9.587923295774635,75.0,45.567154599993955,0.0,28.447614299991983,0.0005649999948218465,403261440,85.52928610256409,34.93499849376202,80.68673760419844,40.418938312642325,0.4725742509317005,85.62544435762359,35.07205962740166,80.75639995083573,40.51567069914168,0.4731732606247713,85.62544435762359,35.07205962740166,80.75639995083573,40.51567069914168,0.4731732606247713,0.00463259970796207,0.004172581756908968,0.003960228532810374,0.003599764381144857,0.7770505996790367,3.0198297281460036,1.1573910343331777,2.873423133615046,1.370347787331399,0.45378313040606805,0.5,0.5,0.5,0.3
36,48.09,-425.81183739066125,-426.0480016040802,1.0,426.0480016040802,0.00293871003748245,1.0,0.798492330125367,7.98492330125367,-4.2030301054741495,7,True,0.999999977950549,0.9999999483289677,0.9987878787878787,0.003636363636363627,0.008266401180352484,4.643586730544246,5.34742521557377,5.892137676419885,6.396111485676395,0.8124936994991652,0.020956085492371615,0.8378343868571118,0.8438514900127071,0.8526522463223075,9.516916475099901,75.0,45.34584279998671,0.0,26.64132850000169,0.0005693999992217869,403261440,1067.2890204392738,209.33934180631658,925.8889004630913,500.47929710186094,0.46892574318423524,1067.3681562406707,209.43068110190157,925.9430046129683,500.533426952723,0.46894168991852747,1067.3681562406707,209.43068110190157,925.9430046129683,500.533426952723,0.46894168991852747,0.004322270378032024,0.003780399822780349,0.003556654124276439,0.0030812264708697575,0.7128722179274387,3.0509819722147733,0.6605097411556693,2.682465488070792,1.395343487699505,0.45734242299917466,0.8,0.8,0.8,0.5
37,32.89,-74.73549775779247,-74.92725826263428,1.0,74.92725826263428,0.0040598644072289665,1.0,1.5502419958064866,15.502419958064866,0.627105432999394,10,True,0.999997297508336,0.9999942570731445,0.9999999999999998,1.1102230246251565e-16,-0.08250519874530038,5.66058706258044,6.911929918916599,8.149332549688246,10.793150268915447,1.5533624832765536,0.048035103615328534,1.6125710913658153,1.630041653373349,1.6544999857343328,9.319964335526452,75.0,44.809552499995334,0.0,34.418012199996156,0.0004423000063979998,403261440,82.31280912980772,37.17187916153865,70.83228543704708,48.349413655332896,0.5873862666876747,82.37946774650631,37.25924096824057,70.88010170948296,48.413054359242004,0.5876835051692257,82.37946774650631,37.25924096824057,70.88010170948296,48.413054359242004,0.5876835051692257,0.00349437616861149,0.00309141504529737,0.003135661161764113,0.0028831871552177915,0.8250935263112906,3.0205373569659777,1.3130924303803355,2.629964205194404,1.7011902333910076,0.5632078111756224,1.0,1.0,1.0,1.0
38,44.66,-206.42714245438574,-206.60655376434326,1.0,206.60655376434326,0.0008886019003608809,1.0,1.089803754105281,10.89803754105281,4.118031913593438,9,True,0.9999992983270722,0.999997180938868,0.9999999999999998,1.1102230246251565e-16,-0.0226418522487036,3.895869519237406,4.512836433117658,5.612925268176227,7.124448066271879,1.2977036010331637,0.04844012077749005,1.3615466701921008,1.3737040013760573,1.3983687603091708,9.248904466505449,75.0,43.80893129999458,0.0,34.21767889999319,0.0005831999878864735,403261440,202.69051294348458,84.64550513289974,175.718278393737,78.77128551536113,0.38862837915519327,202.7405064512057,84.69424117285607,175.76128129145977,78.78451728055549,0.38859781234450474,202.7405064512057,84.69424117285607,175.76128129145977,78.78451728055549,0.38859781234450474,0.003304948090732944,0.003078919399123184,0.002858625246052802,0.002796431709336717,0.8461348355751473,3.022579887979432,1.2654965929683104,2.6117406132245087,1.1749312341615956,0.3887180083590865,1.0,1.0,1.0,0.3
39,43.45,-77.8691360616684,-78.01425478219986,1.0,78.01425478219986,0.0036740868503691237,1.0,1.0475207540266835,10.475207540266835,-1.1595217988705335,9,True,0.999994824102996,0.9999713743011379,0.9963636363636363,0.010909090909090912,-0.018480572544669432,3.0293711476900813,3.85314192793465,4.653509796670865,5.999510099343608,1.1325666047314067,0.035403310807104155,1.1761991564803886,1.1881716612807836,1.2087634727677803,9.10761168167626,75.0,45.605047499993816,0.0,34.93056500000239,0.0005636999994749203,403261440,77.16789254426264,27.74658478252768,72.06325608618322,25.046772255141693,0.3245750457779464,77.22754502826793,27.898929966607888,72.08897695180201,25.15753910842794,0.32575862795093924,77.22754502826793,27.898929966607888,72.08897695180201,25.15753910842794,0.32575862795093924,0.0044553674623644,0.0038518818848509587,0.003445491309983667,0.003001757473711398,0.673739595907182,2.9962410249198146,0.953211965137063,2.8324913426391936,0.9382656919547555,0.31314760199569236,0.7,0.7,0.7,0.7
40,48.02,-177.67852470576764,-177.9661478972435,1.0,177.9661478972435,0.004152706163920544,1.0,0.722032881469708,7.22032881469708,0.13657625904811474,9,True,0.9999995093245123,0.9999959368125076,0.9999999999999998,1.1102230246251565e-16,0.05611961781642403,2.0974216586596826,2.6058302222320937,3.231870665068125,4.349376430523793,0.800593111073709,0.03524685975467045,0.8448643883254838,0.8597787679137704,0.8762489002721938,8.996846246591094,75.0,45.88875340000959,92.10191450000275,32.2985747000057,0.0005739999905927107,403261440,202.88718182309063,45.57660680825162,195.0566275878139,42.465480106866195,0.20930587987512372,202.91174817575762,45.668264806496595,195.06012416672627,42.46760690669656,0.20929102079349327,202.91174817575762,45.668264806496595,195.06012416672627,42.46760690669656,0.20929102079349327,0.003605938338415603,0.0033903827900219293,0.0024996311290156484,0.0023982000499012833,0.6650696226145169,3.0037314408307147,0.629440674367632,2.9085858903578923,0.6393609362376828,0.2128555594373845,1.0,1.0,1.0,0.4
