protocol,candidate,round,source_replicate,heldout_replicate,functional_percentile,heldout_G,baseline_G,G_vs_baseline,random_G_mean,random_G_std,random_G_p90,random_G_p95,G_quality_percentile,heldout_A,baseline_A,A_vs_baseline,random_A_mean,random_A_std,random_A_p90,random_A_p95,A_quality_percentile,heldout_adapted_loss,baseline_adapted_loss,adapted_loss_vs_baseline,random_adapted_loss_mean,random_adapted_loss_std,random_adapted_loss_p90,random_adapted_loss_p95,adapted_loss_quality_percentile,source_replicates
P0_32_32,Full,1,0,1,98.53333333333335,0.20986150503158568,0.057305097579956055,0.15255640745162963,0.038935121524333954,0.06861102511652183,0.12736958861351014,0.14618527710437773,99.6,0.12452805042266846,0.024266541004180908,0.10026150941848755,0.016895333647727967,0.0570946090461479,0.09087414979934692,0.10380568385124203,98.0,2.494400954246521,2.5946624636650086,-0.10026150941848755,2.6020336710214615,0.0570946090461479,2.6818575954437254,2.6989065259695053,98.0,
P0_32_32,Full,1,0,2,78.56666666666666,0.7810779213905334,0.761026269197464,0.02005165219306948,0.6971853922724724,0.042617816179518854,0.7546285223960877,0.7681331986188888,97.7,0.6926197052001953,0.7203345835208893,-0.02771487832069397,0.6772109715223313,0.03040903186850289,0.7196391022205353,0.7296484735608101,69.0,1.8929387331008911,1.8652238547801971,0.02771487832069397,1.908347466778755,0.030409031868502898,1.9476818084716796,1.9543427312374115,69.0,
P0_32_32,Full,1,1,0,82.63333333333334,0.34678839445114135,0.3167194604873657,0.030068933963775635,0.24684131360054015,0.06411252764753751,0.33087656497955326,0.35001243770122525,94.1,0.2601499199867249,0.2728340983390808,-0.012684178352355913,0.21851515978574754,0.05116211437396774,0.2842188024520874,0.29889136016368867,76.9,2.3482428431510924,2.3355586647987367,0.01268417835235569,2.38987760335207,0.051162114373967754,2.460702724456787,2.474796543717384,76.9,
P0_32_32,Full,1,1,2,92.8,0.7916978180408478,0.761026269197464,0.030671548843383856,0.6971853922724724,0.042617816179518854,0.7546285223960877,0.7681331986188888,99.0,0.7190001428127288,0.7203345835208893,-0.001334440708160467,0.6772109715223313,0.03040903186850289,0.7196391022205353,0.7296484735608101,89.7,1.8665582954883575,1.8652238547801971,0.001334440708160356,1.908347466778755,0.030409031868502898,1.9476818084716796,1.9543427312374115,89.7,
P0_32_32,Full,1,2,0,45.166666666666664,0.27001031637191775,0.3167194604873657,-0.046709144115447965,0.24684131360054015,0.06411252764753751,0.33087656497955326,0.35001243770122525,61.1,0.200432288646698,0.2728340983390808,-0.0724018096923828,0.21851515978574754,0.05116211437396774,0.2842188024520874,0.29889136016368867,37.2,2.4079604744911194,2.3355586647987367,0.07240180969238263,2.38987760335207,0.051162114373967754,2.460702724456787,2.474796543717384,37.2,
P0_32_32,Full,1,2,1,58.86666666666667,0.08039286136627197,0.057305097579956055,0.023087763786315912,0.038935121524333954,0.06861102511652183,0.12736958861351014,0.14618527710437773,70.6,0.02336282730102539,0.024266541004180908,-0.0009037137031555169,0.016895333647727967,0.0570946090461479,0.09087414979934692,0.10380568385124203,53.0,2.595566177368164,2.5946624636650086,0.0009037137031553399,2.6020336710214615,0.0570946090461479,2.6818575954437254,2.6989065259695053,53.0,
P0_32_32,Full,20,0,1,99.40000000000002,-65.43219478130341,-84.65773347616195,19.225538694858542,-83.33693975942136,8.045603248339312,-73.10587053656579,-70.9787590020895,99.4,-65.4603742480278,-84.72445286512375,19.264078617095947,-83.4599766633034,8.067822506461054,-73.22571493864059,-71.03749185323716,99.4,67.24440212249756,86.50848073959351,-19.264078617095947,85.24400453777315,8.067822506461054,95.77296709060668,98.69053413391114,99.4,
P0_32_32,Full,20,0,2,98.40000000000002,-62.59243905544281,-79.80022386312484,17.20778480768203,-80.00175986239911,8.848611052425055,-67.50015456914902,-65.18628132581712,98.4,-62.67098101377487,-79.81788481473923,17.14690380096436,-80.12157476472855,8.861783148812012,-67.61663937330246,-65.33105446577073,98.4,64.5220989227295,81.66900272369385,-17.146903800964353,81.97269267368317,8.861783148812012,93.6046788406372,96.58418687820435,98.4,
P0_32_32,Full,20,1,0,96.23333333333333,-48.2239389538765,-59.83288290500641,11.608943951129909,-61.50284260206223,8.30371477883195,-51.420990079641335,-48.93104357004166,96.3,-48.37630993127823,-59.91906772851944,11.542757797241208,-61.627574374866484,8.316782025733442,-51.54962126016617,-49.04657447099686,96.2,50.15823974609375,61.700997543334964,-11.542757797241215,63.40950418968201,8.316782025733442,74.41431518554687,78.6239751815796,96.2,
P0_32_32,Full,20,1,2,98.09999999999998,-63.1219185590744,-79.80022386312484,16.67830530405044,-80.00175986239911,8.848611052425055,-67.50015456914902,-65.18628132581712,98.1,-63.241285502910614,-79.81788481473923,16.576599311828616,-80.12157476472855,8.861783148812012,-67.61663937330246,-65.33105446577073,98.1,65.09240341186523,81.66900272369385,-16.576599311828616,81.97269267368317,8.861783148812012,93.6046788406372,96.58418687820435,98.1,
P0_32_32,Full,20,2,0,100.0,-42.39301460981369,-59.83288290500641,17.439868295192717,-61.50284260206223,8.30371477883195,-51.420990079641335,-48.93104357004166,100.0,-42.56488300561905,-59.91906772851944,17.354184722900385,-61.627574374866484,8.316782025733442,-51.54962126016617,-49.04657447099686,100.0,44.34681282043457,61.700997543334964,-17.354184722900392,63.40950418968201,8.316782025733442,74.41431518554687,78.6239751815796,100.0,
P0_32_32,Full,20,2,1,99.90000000000002,-61.870766043663025,-84.65773347616195,22.786967432498926,-83.33693975942136,8.045603248339312,-73.10587053656579,-70.9787590020895,99.9,-61.962450969219205,-84.72445286512375,22.762001895904547,-83.4599766633034,8.067822506461054,-73.22571493864059,-71.03749185323716,99.9,63.74647884368896,86.50848073959351,-22.762001895904547,85.24400453777315,8.067822506461054,95.77296709060668,98.69053413391114,99.9,
P0_32_32,Full,40,0,1,98.59999999999998,-187.12039358615874,-242.41953349113464,55.2991399049759,-222.40033362617493,16.9610739698933,-200.40427914619445,-195.91308654248715,98.6,-187.5401528775692,-242.72349066138267,55.18333778381347,-222.69103961577417,16.96668198779222,-200.7374307858944,-196.19905854582785,98.6,188.98327865600587,244.16661643981934,-55.18333778381347,224.13416539421084,16.96668198779222,247.1276254272461,252.77046033859253,98.6,
P0_32_32,Full,40,0,2,98.8,-136.8316196680069,-167.66214073896407,30.83052107095716,-162.46239628875256,12.412872009514805,-145.57074117362498,-142.27461976110936,98.8,-137.2120387196541,-167.9158994793892,30.703860759735107,-162.7451483113289,12.416193645706176,-145.80240870714186,-142.56009480714798,98.8,138.50901069641114,169.21287145614625,-30.703860759735107,164.04212028808595,12.416193645706176,180.27691592216493,184.67756124973295,98.8,
P0_32_32,Full,40,1,0,99.2,-173.31039930582045,-213.174271273613,39.863871967792534,-208.0090096097827,15.467319155616673,-188.49156393766404,-183.18928835093976,99.2,-173.62916100621223,-213.52116807103158,39.89200706481935,-208.31246430211067,15.471686440343353,-188.7669540512562,-183.46022477269173,99.2,175.04928970336914,214.94129676818847,-39.892007064819325,209.73259299926755,15.471686440343353,230.74317344665528,236.6962552833557,99.2,
P0_32_32,Full,40,1,2,69.43333333333334,-155.7849367380142,-167.66214073896407,11.87720400094986,-162.46239628875256,12.412872009514805,-145.57074117362498,-142.27461976110936,69.5,-156.1271525502205,-167.9158994793892,11.788746929168695,-162.7451483113289,12.416193645706176,-145.80240870714186,-142.56009480714798,69.4,157.42412452697755,169.21287145614625,-11.788746929168695,164.04212028808595,12.416193645706176,180.27691592216493,184.67756124973295,69.4,
P0_32_32,Full,40,2,0,61.96666666666667,-202.75051033496857,-213.174271273613,10.42376093864442,-208.0090096097827,15.467319155616673,-188.49156393766404,-183.18928835093976,61.9,-203.09320710301398,-213.52116807103158,10.4279609680176,-208.31246430211067,15.471686440343353,-188.7669540512562,-183.46022477269173,62.0,204.5133358001709,214.94129676818847,-10.427960968017572,209.73259299926755,15.471686440343353,230.74317344665528,236.6962552833557,62.0,
P0_32_32,Full,40,2,1,97.2,-190.28516833782197,-242.41953349113464,52.13436515331267,-222.40033362617493,16.9610739698933,-200.40427914619445,-195.91308654248715,97.2,-190.56283029913902,-242.72349066138267,52.16066036224365,-222.69103961577417,16.96668198779222,-200.7374307858944,-196.19905854582785,97.2,192.0059560775757,244.16661643981934,-52.16066036224365,224.13416539421084,16.96668198779222,247.1276254272461,252.77046033859253,97.2,
P0_32_32,G,1,0,1,88.8,0.1789524793624878,0.057305097579956055,0.12164738178253173,0.038935121524333954,0.06861102511652183,0.12736958861351014,0.14618527710437773,98.6,0.07905117273330689,0.024266541004180908,0.05478463172912598,0.016895333647727967,0.0570946090461479,0.09087414979934692,0.10380568385124203,83.9,2.5398778319358826,2.5946624636650086,-0.054784631729126065,2.6020336710214615,0.0570946090461479,2.6818575954437254,2.6989065259695053,83.9,
P0_32_32,G,1,0,2,85.13333333333333,0.7954537034034729,0.761026269197464,0.03442743420600891,0.6971853922724724,0.042617816179518854,0.7546285223960877,0.7681331986188888,99.0,0.7015414476394654,0.7203345835208893,-0.01879313588142395,0.6772109715223313,0.03040903186850289,0.7196391022205353,0.7296484735608101,78.2,1.884016990661621,1.8652238547801971,0.01879313588142395,1.908347466778755,0.030409031868502898,1.9476818084716796,1.9543427312374115,78.2,
P0_32_32,G,1,1,0,99.73333333333333,0.41976897716522216,0.3167194604873657,0.10304951667785645,0.24684131360054015,0.06411252764753751,0.33087656497955326,0.35001243770122525,100.0,0.32932883501052856,0.2728340983390808,0.056494736671447776,0.21851515978574754,0.05116211437396774,0.2842188024520874,0.29889136016368867,99.6,2.2790639281272886,2.3355586647987367,-0.05649473667144811,2.38987760335207,0.051162114373967754,2.460702724456787,2.474796543717384,99.6,
P0_32_32,G,1,1,2,94.73333333333333,0.7971461892127991,0.761026269197464,0.03611992001533515,0.6971853922724724,0.042617816179518854,0.7546285223960877,0.7681331986188888,99.2,0.7244328856468201,0.7203345835208893,0.004098302125930764,0.6772109715223313,0.03040903186850289,0.7196391022205353,0.7296484735608101,92.5,1.8611255526542663,1.8652238547801971,-0.004098302125930875,1.908347466778755,0.030409031868502898,1.9476818084716796,1.9543427312374115,92.5,
P0_32_32,G,1,2,0,69.39999999999999,0.33155299425125123,0.3167194604873657,0.01483353376388552,0.24684131360054015,0.06411252764753751,0.33087656497955326,0.35001243770122525,90.2,0.23461636304855346,0.2728340983390808,-0.03821773529052733,0.21851515978574754,0.05116211437396774,0.2842188024520874,0.29889136016368867,59.0,2.373776400089264,2.3355586647987367,0.03821773529052708,2.38987760335207,0.051162114373967754,2.460702724456787,2.474796543717384,59.0,
P0_32_32,G,1,2,1,80.33333333333333,0.14066088199615479,0.057305097579956055,0.08335578441619873,0.038935121524333954,0.06861102511652183,0.12736958861351014,0.14618527710437773,93.8,0.05779399871826172,0.024266541004180908,0.03352745771408081,0.016895333647727967,0.0570946090461479,0.09087414979934692,0.10380568385124203,73.6,2.561135005950928,2.5946624636650086,-0.03352745771408072,2.6020336710214615,0.0570946090461479,2.6818575954437254,2.6989065259695053,73.6,
P0_32_32,G,20,0,1,98.8,-67.0182051539421,-84.65773347616195,17.639528322219846,-83.33693975942136,8.045603248339312,-73.10587053656579,-70.9787590020895,98.8,-67.0381143450737,-84.72445286512375,17.686338520050057,-83.4599766633034,8.067822506461054,-73.22571493864059,-71.03749185323716,98.8,68.82214221954345,86.50848073959351,-17.686338520050057,85.24400453777315,8.067822506461054,95.77296709060668,98.69053413391114,98.8,
P0_32_32,G,20,0,2,99.5,-59.84417120218277,-79.80022386312484,19.95605266094207,-80.00175986239911,8.848611052425055,-67.50015456914902,-65.18628132581712,99.5,-59.943318164348604,-79.81788481473923,19.874566650390626,-80.12157476472855,8.861783148812012,-67.61663937330246,-65.33105446577073,99.5,61.794436073303224,81.66900272369385,-19.874566650390626,81.97269267368317,8.861783148812012,93.6046788406372,96.58418687820435,99.5,
P0_32_32,G,20,1,0,100.0,-39.6824266076088,-59.83288290500641,20.15045629739761,-61.50284260206223,8.30371477883195,-51.420990079641335,-48.93104357004166,100.0,-39.774319040775296,-59.91906772851944,20.14474868774414,-61.627574374866484,8.316782025733442,-51.54962126016617,-49.04657447099686,100.0,41.55624885559082,61.700997543334964,-20.14474868774414,63.40950418968201,8.316782025733442,74.41431518554687,78.6239751815796,100.0,
P0_32_32,G,20,1,2,99.86666666666667,-58.13890206813812,-79.80022386312484,21.66132179498672,-80.00175986239911,8.848611052425055,-67.50015456914902,-65.18628132581712,99.8,-58.14318541288376,-79.81788481473923,21.67469940185547,-80.12157476472855,8.861783148812012,-67.61663937330246,-65.33105446577073,99.9,59.99430332183838,81.66900272369385,-21.67469940185547,81.97269267368317,8.861783148812012,93.6046788406372,96.58418687820435,99.9,
P0_32_32,G,20,2,0,99.59999999999998,-43.93466975688934,-59.83288290500641,15.898213148117065,-61.50284260206223,8.30371477883195,-51.420990079641335,-48.93104357004166,99.6,-44.01175380945206,-59.91906772851944,15.907313919067377,-61.627574374866484,8.316782025733442,-51.54962126016617,-49.04657447099686,99.6,45.79368362426758,61.700997543334964,-15.907313919067384,63.40950418968201,8.316782025733442,74.41431518554687,78.6239751815796,99.6,
P0_32_32,G,20,2,1,99.90000000000002,-61.05978260040283,-84.65773347616195,23.597950875759118,-83.33693975942136,8.045603248339312,-73.10587053656579,-70.9787590020895,99.9,-61.08512190580368,-84.72445286512375,23.63933095932007,-83.4599766633034,8.067822506461054,-73.22571493864059,-71.03749185323716,99.9,62.86914978027344,86.50848073959351,-23.63933095932007,85.24400453777315,8.067822506461054,95.77296709060668,98.69053413391114,99.9,
P0_32_32,G,40,0,1,99.2,-184.52731773853301,-242.41953349113464,57.89221575260163,-222.40033362617493,16.9610739698933,-200.40427914619445,-195.91308654248715,99.2,-184.8762311398983,-242.72349066138267,57.847259521484375,-222.69103961577417,16.96668198779222,-200.7374307858944,-196.19905854582785,99.2,186.31935691833496,244.16661643981934,-57.847259521484375,224.13416539421084,16.96668198779222,247.1276254272461,252.77046033859253,99.2,
P0_32_32,G,40,0,2,99.8,-130.0429595589638,-167.66214073896407,37.61918118000028,-162.46239628875256,12.412872009514805,-145.57074117362498,-142.27461976110936,99.8,-130.40478469133376,-167.9158994793892,37.51111478805544,-162.7451483113289,12.416193645706176,-145.80240870714186,-142.56009480714798,99.8,131.7017566680908,169.21287145614625,-37.51111478805544,164.04212028808595,12.416193645706176,180.27691592216493,184.67756124973295,99.8,
P0_32_32,G,40,1,0,98.90000000000002,-174.52693490982057,-213.174271273613,38.64733636379242,-208.0090096097827,15.467319155616673,-188.49156393766404,-183.18928835093976,98.9,-174.82787774205207,-213.52116807103158,38.693290328979515,-208.31246430211067,15.471686440343353,-188.7669540512562,-183.46022477269173,98.9,176.24800643920898,214.94129676818847,-38.69329032897949,209.73259299926755,15.471686440343353,230.74317344665528,236.6962552833557,98.9,
P0_32_32,G,40,1,2,69.76666666666667,-155.640311896801,-167.66214073896407,12.021828842163075,-162.46239628875256,12.412872009514805,-145.57074117362498,-142.27461976110936,69.9,-155.9724249958992,-167.9158994793892,11.943474483490007,-162.7451483113289,12.416193645706176,-145.80240870714186,-142.56009480714798,69.7,157.26939697265624,169.21287145614625,-11.943474483490007,164.04212028808595,12.416193645706176,180.27691592216493,184.67756124973295,69.7,
P0_32_32,G,40,2,0,68.4,-200.2003888607025,-213.174271273613,12.973882412910484,-208.0090096097827,15.467319155616673,-188.49156393766404,-183.18928835093976,68.4,-200.49880288243293,-213.52116807103158,13.022365188598656,-208.31246430211067,15.471686440343353,-188.7669540512562,-183.46022477269173,68.4,201.91893157958984,214.94129676818847,-13.022365188598627,209.73259299926755,15.471686440343353,230.74317344665528,236.6962552833557,68.4,
P0_32_32,G,40,2,1,98.7,-186.4199202775955,-242.41953349113464,55.999613213539135,-222.40033362617493,16.9610739698933,-200.40427914619445,-195.91308654248715,98.7,-186.68056940436364,-242.72349066138267,56.04292125701903,-222.69103961577417,16.96668198779222,-200.7374307858944,-196.19905854582785,98.7,188.1236951828003,244.16661643981934,-56.04292125701903,224.13416539421084,16.96668198779222,247.1276254272461,252.77046033859253,98.7,
P1_32_64,Full,1,0,1,93.56666666666666,0.33439362049102783,0.2083522081375122,0.12604141235351562,0.1962474710226059,0.06447691085799,0.27902970075607303,0.2972309410572052,99.1,0.24485454559326172,0.17706019878387452,0.0677943468093872,0.17431679924726484,0.05281350977896962,0.24283145904541015,0.2543908059597015,90.8,2.384085750579834,2.451880097389221,-0.06779434680938712,2.454623496925831,0.05281350977896962,2.5258788239955905,2.5440246391296384,90.8,
P1_32_64,Full,1,0,2,94.10000000000001,0.5794010818004608,0.5399685144424439,0.03943256735801692,0.4688989337921142,0.04489266512388591,0.5287628459930419,0.5410184377431869,99.5,0.4918506801128387,0.5040160655975342,-0.012165385484695479,0.444875549519062,0.03269360726957552,0.48920531392097477,0.5023177909851074,91.4,2.111376005411148,2.0992106199264526,0.012165385484695257,2.158351136004925,0.03269360726957552,2.1994178992509843,2.2083054411411283,91.4,
P1_32_64,Full,1,1,0,82.66666666666667,0.3883350729942322,0.3400955438613892,0.04823952913284302,0.2767018506407738,0.06212466293402509,0.3591802287101745,0.37557784736156463,97.2,0.2894035458564758,0.2951464056968689,-0.0057428598403930775,0.25033312149047854,0.04969646349081962,0.31358725666999815,0.3264360547065735,75.4,2.324834406375885,2.3190915465354918,0.005742859840393244,2.3639048307418826,0.04969646349081962,2.4341248083114624,2.4471075850725175,75.4,
P1_32_64,Full,1,1,2,87.13333333333333,0.5684571743011475,0.5399685144424439,0.028488659858703635,0.4688989337921142,0.04489266512388591,0.5287628459930419,0.5410184377431869,99.0,0.4758127450942993,0.5040160655975342,-0.028203320503234874,0.444875549519062,0.03269360726957552,0.48920531392097477,0.5023177909851074,81.2,2.1274139404296877,2.0992106199264526,0.02820332050323504,2.158351136004925,0.03269360726957552,2.1994178992509843,2.2083054411411283,81.2,
P1_32_64,Full,1,2,0,62.79999999999999,0.3165795922279358,0.3400955438613892,-0.02351595163345338,0.2767018506407738,0.06212466293402509,0.3591802287101745,0.37557784736156463,72.0,0.2642617106437683,0.2951464056968689,-0.030884695053100597,0.25033312149047854,0.04969646349081962,0.31358725666999815,0.3264360547065735,58.2,2.3499762415885925,2.3190915465354918,0.030884695053100764,2.3639048307418826,0.04969646349081962,2.4341248083114624,2.4471075850725175,58.2,
P1_32_64,Full,1,2,1,79.50000000000001,0.2597843885421753,0.2083522081375122,0.051432180404663075,0.1962474710226059,0.06447691085799,0.27902970075607303,0.2972309410572052,82.7,0.21941488981246948,0.17706019878387452,0.04235469102859496,0.17431679924726484,0.05281350977896962,0.24283145904541015,0.2543908059597015,77.9,2.4095254063606264,2.451880097389221,-0.04235469102859479,2.454623496925831,0.05281350977896962,2.5258788239955905,2.5440246391296384,77.9,
P1_32_64,Full,20,0,1,98.3,-59.723317611217496,-73.42405630350113,13.700738692283636,-73.2296433442831,6.940065491538765,-64.09676943898201,-62.210231604576116,98.3,-59.81178481578827,-73.51337735652923,13.701592540740961,-73.36259777259826,6.9587720560728155,-64.27057643413544,-62.30969918489456,98.3,61.61518096923828,75.31677350997924,-13.701592540740961,75.16599392604827,6.9587720560728155,84.19109636306763,86.88997181177139,98.3,
P1_32_64,Full,20,0,2,99.5,-57.69359043836594,-75.76654316186905,18.072952723503114,-76.40709718681573,7.982289336946398,-65.1242769408226,-62.93799498438835,99.5,-57.79382176399231,-75.82999196052552,18.036170196533206,-76.53040097007752,7.997833997573677,-65.21949202537537,-63.034453830718995,99.5,59.66823024749756,77.70440044403077,-18.036170196533206,78.40480945358277,7.997833997573677,88.6137360572815,91.37756285667419,99.5,
P1_32_64,Full,20,1,0,96.86666666666667,-48.84422641992569,-60.29383426904678,11.449607849121094,-61.98592696917057,7.723936127251315,-52.27239850282669,-50.42791502952576,96.8,-48.96530464887619,-60.38054560422897,11.415240955352779,-62.120423651981355,7.741835984762535,-52.34775059461593,-50.56613018751145,96.9,50.76478204727173,62.18002300262451,-11.415240955352779,63.91990105037689,7.741835984762535,74.0353746509552,78.19516501426696,96.9,
P1_32_64,Full,20,1,2,98.40000000000002,-60.351753973960875,-75.76654316186905,15.414789187908177,-76.40709718681573,7.982289336946398,-65.1242769408226,-62.93799498438835,98.4,-60.482564210891724,-75.82999196052552,15.347427749633795,-76.53040097007752,7.997833997573677,-65.21949202537537,-63.034453830718995,98.4,62.35697269439697,77.70440044403077,-15.347427749633795,78.40480945358277,7.997833997573677,88.6137360572815,91.37756285667419,98.4,
P1_32_64,Full,20,2,0,99.2,-46.33290747404099,-60.29383426904678,13.960926795005797,-61.98592696917057,7.723936127251315,-52.27239850282669,-50.42791502952576,99.2,-46.39274348020554,-60.38054560422897,13.987802124023432,-62.120423651981355,7.741835984762535,-52.34775059461593,-50.56613018751145,99.2,48.19222087860108,62.18002300262451,-13.987802124023432,63.91990105037689,7.741835984762535,74.0353746509552,78.19516501426696,99.2,
P1_32_64,Full,20,2,1,96.76666666666667,-61.26472418308258,-73.42405630350113,12.159332120418554,-73.2296433442831,6.940065491538765,-64.09676943898201,-62.210231604576116,96.7,-61.28308360576629,-73.51337735652923,12.23029375076294,-73.36259777259826,6.9587720560728155,-64.27057643413544,-62.30969918489456,96.8,63.08647975921631,75.31677350997924,-12.230293750762932,75.16599392604827,6.9587720560728155,84.19109636306763,86.88997181177139,96.8,
P1_32_64,Full,40,0,1,98.5,-185.91115189790725,-240.26367204189302,54.35252014398577,-219.51510912668704,15.887585911568683,-199.25430466175078,-193.79934605777265,98.5,-186.28976082205773,-240.5425722539425,54.252811431884766,-219.79129515566825,15.893047480079415,-199.55082479834556,-194.0913161790371,98.5,187.75303115844727,242.00584259033204,-54.252811431884766,221.2545654920578,15.893047480079415,242.4876146888733,247.11346847057342,98.5,
P1_32_64,Full,40,0,2,99.53333333333335,-121.73385219573974,-151.13417481184007,29.400322616100325,-146.84619489881396,10.631756113320575,-132.32470671415328,-129.10171017527583,99.6,-122.09672826528549,-151.4224965453148,29.32576828002931,-147.14271769781112,10.63955178654853,-132.60853759527205,-129.3790708422661,99.5,123.50763244628907,152.83340072631836,-29.325768280029294,148.5536218788147,10.63955178654853,162.19889598846436,165.75090633392335,99.5,
P1_32_64,Full,40,1,0,99.5,-178.9683189034462,-222.08926066160203,43.12094175815582,-215.37804277801513,16.446391344034893,-194.4872622525692,-189.100288875103,99.5,-179.2739011526108,-222.39474198818206,43.12084083557127,-215.65597953701018,16.450259500379467,-194.7106313085556,-189.3862590932846,99.5,180.75098762512206,223.87182846069337,-43.1208408355713,217.13306600952149,16.450259500379467,239.33508193969726,245.49512071609496,99.5,
P1_32_64,Full,40,1,2,79.13333333333334,-137.73379199504853,-151.13417481184007,13.400382816791534,-146.84619489881396,10.631756113320575,-132.32470671415328,-129.10171017527583,79.4,-138.06879514455795,-151.4224965453148,13.353701400756847,-147.14271769781112,10.63955178654853,-132.60853759527205,-129.3790708422661,79.0,139.4796993255615,152.83340072631836,-13.353701400756847,148.5536218788147,10.63955178654853,162.19889598846436,165.75090633392335,79.0,
P1_32_64,Full,40,2,0,60.333333333333336,-210.03444956541063,-222.08926066160203,12.0548110961914,-215.37804277801513,16.446391344034893,-194.4872622525692,-189.100288875103,60.4,-210.32535417079924,-222.39474198818206,12.069387817382818,-215.65597953701018,16.450259500379467,-194.7106313085556,-189.3862590932846,60.3,211.80244064331055,223.87182846069337,-12.069387817382818,217.13306600952149,16.450259500379467,239.33508193969726,245.49512071609496,60.3,
P1_32_64,Full,40,2,1,98.06666666666666,-187.33150027990342,-240.26367204189302,52.93217176198959,-219.51510912668704,15.887585911568683,-199.25430466175078,-193.79934605777265,98.0,-187.58782648444176,-240.5425722539425,52.95474576950073,-219.79129515566825,15.893047480079415,-199.55082479834556,-194.0913161790371,98.1,189.0510968208313,242.00584259033204,-52.95474576950073,221.2545654920578,15.893047480079415,242.4876146888733,247.11346847057342,98.1,
P1_32_64,G,1,0,1,95.3,0.35602340698242185,0.2083522081375122,0.14767119884490965,0.1962474710226059,0.06447691085799,0.27902970075607303,0.2972309410572052,99.7,0.24968647956848145,0.17706019878387452,0.07262628078460692,0.17431679924726484,0.05281350977896962,0.24283145904541015,0.2543908059597015,93.1,2.3792538166046144,2.451880097389221,-0.07262628078460676,2.454623496925831,0.05281350977896962,2.5258788239955905,2.5440246391296384,93.1,
P1_32_64,G,1,0,2,92.7,0.5845707416534424,0.5399685144424439,0.04460222721099849,0.4688989337921142,0.04489266512388591,0.5287628459930419,0.5410184377431869,99.7,0.48800110816955566,0.5040160655975342,-0.016014957427978538,0.444875549519062,0.03269360726957552,0.48920531392097477,0.5023177909851074,89.2,2.115225577354431,2.0992106199264526,0.016014957427978427,2.158351136004925,0.03269360726957552,2.1994178992509843,2.2083054411411283,89.2,
P1_32_64,G,1,1,0,99.60000000000001,0.4406665086746216,0.3400955438613892,0.10057096481323241,0.2767018506407738,0.06212466293402509,0.3591802287101745,0.37557784736156463,100.0,0.35118465423583983,0.2951464056968689,0.056038248538970936,0.25033312149047854,0.04969646349081962,0.31358725666999815,0.3264360547065735,99.4,2.263053297996521,2.3190915465354918,-0.05603824853897077,2.3639048307418826,0.04969646349081962,2.4341248083114624,2.4471075850725175,99.4,
P1_32_64,G,1,1,2,96.16666666666667,0.5818176507949829,0.5399685144424439,0.04184913635253906,0.4688989337921142,0.04489266512388591,0.5287628459930419,0.5410184377431869,99.7,0.5007559776306152,0.5040160655975342,-0.003260087966919012,0.444875549519062,0.03269360726957552,0.48920531392097477,0.5023177909851074,94.4,2.1024707078933718,2.0992106199264526,0.003260087966919123,2.158351136004925,0.03269360726957552,2.1994178992509843,2.2083054411411283,94.4,
P1_32_64,G,1,2,0,61.26666666666667,0.32258049249649046,0.3400955438613892,-0.017515051364898726,0.2767018506407738,0.06212466293402509,0.3591802287101745,0.37557784736156463,74.2,0.2608931541442871,0.2951464056968689,-0.0342532515525818,0.25033312149047854,0.04969646349081962,0.31358725666999815,0.3264360547065735,54.8,2.3533447980880737,2.3190915465354918,0.034253251552581965,2.3639048307418826,0.04969646349081962,2.4341248083114624,2.4471075850725175,54.8,
P1_32_64,G,1,2,1,79.36666666666667,0.2668637871742249,0.2083522081375122,0.05851157903671267,0.1962474710226059,0.06447691085799,0.27902970075607303,0.2972309410572052,85.7,0.21692249774932862,0.17706019878387452,0.039862298965454096,0.17431679924726484,0.05281350977896962,0.24283145904541015,0.2543908059597015,76.2,2.412017798423767,2.451880097389221,-0.03986229896545401,2.454623496925831,0.05281350977896962,2.5258788239955905,2.5440246391296384,76.2,
P1_32_64,G,20,0,1,98.3,-59.723317611217496,-73.42405630350113,13.700738692283636,-73.2296433442831,6.940065491538765,-64.09676943898201,-62.210231604576116,98.3,-59.81178481578827,-73.51337735652923,13.701592540740961,-73.36259777259826,6.9587720560728155,-64.27057643413544,-62.30969918489456,98.3,61.61518096923828,75.31677350997924,-13.701592540740961,75.16599392604827,6.9587720560728155,84.19109636306763,86.88997181177139,98.3,
P1_32_64,G,20,0,2,99.5,-57.69359043836594,-75.76654316186905,18.072952723503114,-76.40709718681573,7.982289336946398,-65.1242769408226,-62.93799498438835,99.5,-57.79382176399231,-75.82999196052552,18.036170196533206,-76.53040097007752,7.997833997573677,-65.21949202537537,-63.034453830718995,99.5,59.66823024749756,77.70440044403077,-18.036170196533206,78.40480945358277,7.997833997573677,88.6137360572815,91.37756285667419,99.5,
P1_32_64,G,20,1,0,100.0,-41.43777004480362,-60.29383426904678,18.856064224243163,-61.98592696917057,7.723936127251315,-52.27239850282669,-50.42791502952576,100.0,-41.53122328519821,-60.38054560422897,18.84932231903076,-62.120423651981355,7.741835984762535,-52.34775059461593,-50.56613018751145,100.0,43.33070068359375,62.18002300262451,-18.84932231903076,63.91990105037689,7.741835984762535,74.0353746509552,78.19516501426696,100.0,
P1_32_64,G,20,1,2,99.8,-56.28056012392044,-75.76654316186905,19.485983037948614,-76.40709718681573,7.982289336946398,-65.1242769408226,-62.93799498438835,99.8,-56.30423665046692,-75.82999196052552,19.5257553100586,-76.53040097007752,7.997833997573677,-65.21949202537537,-63.034453830718995,99.8,58.17864513397217,77.70440044403077,-19.5257553100586,78.40480945358277,7.997833997573677,88.6137360572815,91.37756285667419,99.8,
P1_32_64,G,20,2,0,98.36666666666667,-47.36884633302689,-60.29383426904678,12.924987936019896,-61.98592696917057,7.723936127251315,-52.27239850282669,-50.42791502952576,98.3,-47.418650043010715,-60.38054560422897,12.961895561218256,-62.120423651981355,7.741835984762535,-52.34775059461593,-50.56613018751145,98.4,49.21812744140625,62.18002300262451,-12.961895561218256,63.91990105037689,7.741835984762535,74.0353746509552,78.19516501426696,98.4,
P1_32_64,G,20,2,1,99.0,-58.73195657730103,-73.42405630350113,14.692099726200105,-73.2296433442831,6.940065491538765,-64.09676943898201,-62.210231604576116,99.0,-58.75488479137421,-73.51337735652923,14.758492565155024,-73.36259777259826,6.9587720560728155,-64.27057643413544,-62.30969918489456,99.0,60.55828094482422,75.31677350997924,-14.758492565155024,75.16599392604827,6.9587720560728155,84.19109636306763,86.88997181177139,99.0,
P1_32_64,G,40,0,1,99.40000000000002,-181.4210510492325,-240.26367204189302,58.84262099266053,-219.51510912668704,15.887585911568683,-199.25430466175078,-193.79934605777265,99.4,-181.74590095877647,-240.5425722539425,58.79667129516602,-219.79129515566825,15.893047480079415,-199.55082479834556,-194.0913161790371,99.4,183.20917129516602,242.00584259033204,-58.79667129516602,221.2545654920578,15.893047480079415,242.4876146888733,247.11346847057342,99.4,
P1_32_64,G,40,0,2,100.0,-115.55328637361526,-151.13417481184007,35.580888438224804,-146.84619489881396,10.631756113320575,-132.32470671415328,-129.10171017527583,100.0,-115.90049489736558,-151.4224965453148,35.522001647949224,-147.14271769781112,10.63955178654853,-132.60853759527205,-129.3790708422661,100.0,117.31139907836913,152.83340072631836,-35.522001647949224,148.5536218788147,10.63955178654853,162.19889598846436,165.75090633392335,100.0,
P1_32_64,G,40,1,0,99.3,-179.8171108365059,-222.08926066160203,42.272149825096136,-215.37804277801513,16.446391344034893,-194.4872622525692,-189.100288875103,99.3,-180.10312020778656,-222.39474198818206,42.2916217803955,-215.65597953701018,16.450259500379467,-194.7106313085556,-189.3862590932846,99.3,181.58020668029786,223.87182846069337,-42.2916217803955,217.13306600952149,16.450259500379467,239.33508193969726,245.49512071609496,99.3,
P1_32_64,G,40,1,2,78.13333333333334,-138.28513292074203,-151.13417481184007,12.84904189109804,-146.84619489881396,10.631756113320575,-132.32470671415328,-129.10171017527583,78.2,-138.611787545681,-151.4224965453148,12.810708999633789,-147.14271769781112,10.63955178654853,-132.60853759527205,-129.3790708422661,78.1,140.02269172668457,152.83340072631836,-12.810708999633789,148.5536218788147,10.63955178654853,162.19889598846436,165.75090633392335,78.1,
P1_32_64,G,40,2,0,69.1,-206.51171152591706,-222.08926066160203,15.577549135684961,-215.37804277801513,16.446391344034893,-194.4872622525692,-189.100288875103,69.1,-206.7641298055649,-222.39474198818206,15.63061218261717,-215.65597953701018,16.450259500379467,-194.7106313085556,-189.3862590932846,69.1,208.24121627807617,223.87182846069337,-15.630612182617199,217.13306600952149,16.450259500379467,239.33508193969726,245.49512071609496,69.1,
P1_32_64,G,40,2,1,99.3,-182.19996429681777,-240.26367204189302,58.06370774507525,-219.51510912668704,15.887585911568683,-199.25430466175078,-193.79934605777265,99.3,-182.47115740180016,-240.5425722539425,58.07141485214234,-219.79129515566825,15.893047480079415,-199.55082479834556,-194.0913161790371,99.3,183.9344277381897,242.00584259033204,-58.07141485214234,221.2545654920578,15.893047480079415,242.4876146888733,247.11346847057342,99.3,
P2_64_32,Full,1,0,1,98.39999999999999,0.3504128813743591,0.25835002660751344,0.09206285476684567,0.21312642911672594,0.06358674136392664,0.297790761590004,0.3193233174085617,99.0,0.2873716115951538,0.2253114700317383,0.062060141563415494,0.19108664124011995,0.050185264980393454,0.25596073031425476,0.2695498791337013,98.1,2.3315573930740356,2.393617534637451,-0.06206014156341544,2.42784236342907,0.050185264980393454,2.495555436015129,2.5085966175794603,98.1,
P2_64_32,Full,1,0,2,97.60000000000001,0.8886843204498291,0.7780006468296051,0.11068367362022402,0.7707691417694092,0.052022310921527405,0.8429484289884567,0.8559476047754287,99.0,0.8185461282730102,0.7373089611530304,0.08123716711997986,0.750794721019268,0.03750861764575004,0.7996856421232224,0.8132742840051651,96.9,1.7670123100280761,1.848249477148056,-0.08123716711997986,1.8347637172818183,0.03750861764575004,1.8827943933010103,1.8952668914198876,96.9,
P2_64_32,Full,1,1,0,99.86666666666667,0.7580080509185791,0.6858639121055603,0.07214413881301884,0.608474927020073,0.04716951326052805,0.6709993946552276,0.6847723400592803,100.0,0.6747721314430237,0.6419785499572754,0.03279358148574829,0.5801487732052804,0.03461498327888806,0.6252194499969482,0.6414081406593322,99.8,1.9336206316947937,1.966414213180542,-0.03279358148574829,2.028243989932537,0.03461498327888806,2.072636878490448,2.0831960612535476,99.8,
P2_64_32,Full,1,1,2,98.56666666666668,0.8996996700763702,0.7780006468296051,0.12169902324676507,0.7707691417694092,0.052022310921527405,0.8429484289884567,0.8559476047754287,99.9,0.8278924286365509,0.7373089611530304,0.09058346748352053,0.750794721019268,0.03750861764575004,0.7996856421232224,0.8132742840051651,97.9,1.7576660096645356,1.848249477148056,-0.09058346748352042,1.8347637172818183,0.03750861764575004,1.8827943933010103,1.8952668914198876,97.9,
P2_64_32,Full,1,2,0,87.33333333333333,0.6941786646842957,0.6858639121055603,0.008314752578735374,0.608474927020073,0.04716951326052805,0.6709993946552276,0.6847723400592803,97.4,0.6106952786445617,0.6419785499572754,-0.03128327131271369,0.5801487732052804,0.03461498327888806,0.6252194499969482,0.6414081406593322,82.3,1.9976974844932556,1.966414213180542,0.03128327131271358,2.028243989932537,0.03461498327888806,2.072636878490448,2.0831960612535476,82.3,
P2_64_32,Full,1,2,1,90.56666666666668,0.33423577547073363,0.25835002660751344,0.07588574886322019,0.21312642911672594,0.06358674136392664,0.297790761590004,0.3193233174085617,97.9,0.25016911029815675,0.2253114700317383,0.024857640266418457,0.19108664124011995,0.050185264980393454,0.25596073031425476,0.2695498791337013,86.9,2.3687598943710326,2.393617534637451,-0.024857640266418457,2.42784236342907,0.050185264980393454,2.495555436015129,2.5085966175794603,86.9,
P2_64_32,Full,20,0,1,99.90000000000002,-42.49910981655121,-58.32842630147934,15.829316484928128,-62.12249552237988,7.0864682439702,-53.08393885374069,-50.74151768565178,99.9,-42.5498782992363,-58.39514569044113,15.845267391204835,-62.2455324262619,7.112500028304103,-53.21595158338547,-50.798670523166656,99.9,44.333906173706055,60.17917356491089,-15.845267391204835,64.02956030073166,7.112500028304103,73.48147932052612,76.43014797210694,99.9,
P2_64_32,Full,20,0,2,99.59999999999998,-53.67336050271988,-68.21919177770614,14.545831274986263,-72.39733993451595,8.671107974787418,-61.65990483880043,-59.163748710751534,99.6,-53.7681792140007,-68.23685272932053,14.468673515319828,-72.5171548368454,8.683232250320433,-61.76883064031601,-59.28336606740952,99.6,55.619297122955324,70.08797063827515,-14.468673515319828,74.36827274580003,8.683232250320433,85.66804019927979,90.13748848915101,99.6,
P2_64_32,Full,20,1,0,99.90000000000002,-36.582961082458496,-55.35543901920319,18.772477936744693,-56.31331076021194,7.3959366662988035,-46.59012331008911,-44.42861139535904,99.9,-36.74120403528214,-55.44162384271622,18.70041980743408,-56.4380425330162,7.406303460993908,-46.67253830194473,-44.50411914110183,99.9,38.52313385009766,57.22355365753174,-18.70041980743408,58.21997234783173,7.406303460993908,68.06237304687501,70.29163395881653,99.9,
P2_64_32,Full,20,1,2,100.0,-50.06050990819931,-68.21919177770614,18.158681869506836,-72.39733993451595,8.671107974787418,-61.65990483880043,-59.163748710751534,100.0,-50.16698511838913,-68.23685272932053,18.069867610931404,-72.5171548368454,8.683232250320433,-61.76883064031601,-59.28336606740952,100.0,52.01810302734375,70.08797063827515,-18.069867610931404,74.36827274580003,8.683232250320433,85.66804019927979,90.13748848915101,100.0,
P2_64_32,Full,20,2,0,100.0,-33.90377200841904,-55.35543901920319,21.45166701078415,-56.31331076021194,7.3959366662988035,-46.59012331008911,-44.42861139535904,100.0,-34.05183788537979,-55.44162384271622,21.38978595733643,-56.4380425330162,7.406303460993908,-46.67253830194473,-44.50411914110183,100.0,35.83376770019531,57.22355365753174,-21.38978595733643,58.21997234783173,7.406303460993908,68.06237304687501,70.29163395881653,100.0,
P2_64_32,Full,20,2,1,99.86666666666667,-42.93960984945297,-58.32842630147934,15.388816452026369,-62.12249552237988,7.0864682439702,-53.08393885374069,-50.74151768565178,99.8,-42.94749907255173,-58.39514569044113,15.447646617889404,-62.2455324262619,7.112500028304103,-53.21595158338547,-50.798670523166656,99.9,44.731526947021486,60.17917356491089,-15.447646617889404,64.02956030073166,7.112500028304103,73.48147932052612,76.43014797210694,99.9,
P2_64_32,Full,40,0,1,99.8,-152.98286566734313,-193.5911017894745,40.60823612213136,-189.2420903406143,15.98864213104752,-167.8834726011753,-162.7447282409668,99.8,-153.38089231848716,-193.89505895972252,40.51416664123536,-189.53279633021356,15.990306325182683,-168.17166735053064,-163.06870296835902,99.8,154.82401809692382,195.33818473815919,-40.51416664123536,190.9759221086502,15.990306325182683,212.26864177703857,217.12091468811033,99.8,
P2_64_32,Full,40,0,2,100.0,-129.84497977495192,-164.98233278989792,35.137353014946,-161.8002542307615,13.09673410731048,-145.60076827108858,-142.30088335514068,100.0,-130.23519545793533,-165.23609153032302,35.00089607238769,-162.08300625333786,13.089713955113275,-145.8259080815315,-142.56951171159744,100.0,131.53216743469238,166.53306350708007,-35.00089607238769,163.3799782300949,13.089713955113275,181.38661994934083,187.74916007995603,100.0,
P2_64_32,Full,40,1,0,98.40000000000002,-179.54254063367844,-221.56028048992158,42.01773985624314,-218.24672725561854,20.00599235969749,-192.26268753409386,-187.7476252758503,98.4,-179.92133172154428,-221.90717728734018,41.9858455657959,-218.55018194794656,20.009699606221922,-192.55127053380014,-188.0720359528065,98.4,181.34146041870116,223.32730598449706,-41.9858455657959,219.97031064510347,20.009699606221922,247.62524711608887,253.54911389350892,98.4,
P2_64_32,Full,40,1,2,76.33333333333333,-151.64011771678923,-164.98233278989792,13.34221507310869,-161.8002542307615,13.09673410731048,-145.60076827108858,-142.30088335514068,76.6,-152.0398383259773,-165.23609153032302,13.196253204345709,-162.08300625333786,13.089713955113275,-145.8259080815315,-142.56951171159744,76.2,153.33681030273436,166.53306350708007,-13.196253204345709,163.3799782300949,13.089713955113275,181.38661994934083,187.74916007995603,76.2,
P2_64_32,Full,40,2,0,98.59999999999998,-177.92288048267363,-221.56028048992158,43.63740000724795,-218.24672725561854,20.00599235969749,-192.26268753409386,-187.7476252758503,98.6,-178.24394410252572,-221.90717728734018,43.66323318481446,-218.55018194794656,20.009699606221922,-192.55127053380014,-188.0720359528065,98.6,179.66407279968263,223.32730598449706,-43.66323318481443,219.97031064510347,20.009699606221922,247.62524711608887,253.54911389350892,98.6,
P2_64_32,Full,40,2,1,99.2,-155.78641984462737,-193.5911017894745,37.80468194484712,-189.2420903406143,15.98864213104752,-167.8834726011753,-162.7447282409668,99.2,-156.1249589383602,-193.89505895972252,37.77010002136231,-189.53279633021356,15.990306325182683,-168.17166735053064,-163.06870296835902,99.2,157.56808471679688,195.33818473815919,-37.77010002136231,190.9759221086502,15.990306325182683,212.26864177703857,217.12091468811033,99.2,
P2_64_32,G,1,0,1,99.7,0.3840670228004456,0.25835002660751344,0.12571699619293214,0.21312642911672594,0.06358674136392664,0.297790761590004,0.3193233174085617,99.7,0.3255440711975098,0.2253114700317383,0.10023260116577148,0.19108664124011995,0.050185264980393454,0.25596073031425476,0.2695498791337013,99.7,2.2933849334716796,2.393617534637451,-0.10023260116577148,2.42784236342907,0.050185264980393454,2.495555436015129,2.5085966175794603,99.7,
P2_64_32,G,1,0,2,93.60000000000001,0.8642853319644928,0.7780006468296051,0.08628468513488763,0.7707691417694092,0.052022310921527405,0.8429484289884567,0.8559476047754287,96.4,0.8044918119907379,0.7373089611530304,0.06718285083770759,0.750794721019268,0.03750861764575004,0.7996856421232224,0.8132742840051651,92.2,1.7810666263103485,1.848249477148056,-0.06718285083770748,1.8347637172818183,0.03750861764575004,1.8827943933010103,1.8952668914198876,92.2,
P2_64_32,G,1,1,0,99.33333333333333,0.7529929757118226,0.6858639121055603,0.06712906360626225,0.608474927020073,0.04716951326052805,0.6709993946552276,0.6847723400592803,100.0,0.6623574018478393,0.6419785499572754,0.020378851890563876,0.5801487732052804,0.03461498327888806,0.6252194499969482,0.6414081406593322,99.0,1.9460353612899781,1.966414213180542,-0.020378851890563876,2.028243989932537,0.03461498327888806,2.072636878490448,2.0831960612535476,99.0,
P2_64_32,G,1,1,2,99.60000000000001,0.9129707396030426,0.7780006468296051,0.13497009277343752,0.7707691417694092,0.052022310921527405,0.8429484289884567,0.8559476047754287,100.0,0.8372408449649811,0.7373089611530304,0.09993188381195073,0.750794721019268,0.03750861764575004,0.7996856421232224,0.8132742840051651,99.4,1.7483175933361053,1.848249477148056,-0.09993188381195073,1.8347637172818183,0.03750861764575004,1.8827943933010103,1.8952668914198876,99.4,
P2_64_32,G,1,2,0,90.3,0.7144705176353454,0.6858639121055603,0.028606605529785112,0.608474927020073,0.04716951326052805,0.6709993946552276,0.6847723400592803,98.9,0.6161114335060119,0.6419785499572754,-0.025867116451263494,0.5801487732052804,0.03461498327888806,0.6252194499969482,0.6414081406593322,86.0,1.9922813296318054,1.966414213180542,0.025867116451263383,2.028243989932537,0.03461498327888806,2.072636878490448,2.0831960612535476,86.0,
P2_64_32,G,1,2,1,98.96666666666665,0.3800655007362366,0.25835002660751344,0.12171547412872313,0.21312642911672594,0.06358674136392664,0.297790761590004,0.3193233174085617,99.7,0.2930633306503296,0.2253114700317383,0.06775186061859129,0.19108664124011995,0.050185264980393454,0.25596073031425476,0.2695498791337013,98.6,2.3258656740188597,2.393617534637451,-0.0677518606185914,2.42784236342907,0.050185264980393454,2.495555436015129,2.5085966175794603,98.6,
P2_64_32,G,20,0,1,100.0,-40.4362291097641,-58.32842630147934,17.89219719171524,-62.12249552237988,7.0864682439702,-53.08393885374069,-50.74151768565178,100.0,-40.494422900676724,-58.39514569044113,17.90072278976441,-62.2455324262619,7.112500028304103,-53.21595158338547,-50.798670523166656,100.0,42.27845077514648,60.17917356491089,-17.90072278976441,64.02956030073166,7.112500028304103,73.48147932052612,76.43014797210694,100.0,
P2_64_32,G,20,0,2,100.0,-49.89006131887436,-68.21919177770614,18.329130458831784,-72.39733993451595,8.671107974787418,-61.65990483880043,-59.163748710751534,100.0,-49.98950995206833,-68.23685272932053,18.2473427772522,-72.5171548368454,8.683232250320433,-61.76883064031601,-59.28336606740952,100.0,51.84062786102295,70.08797063827515,-18.2473427772522,74.36827274580003,8.683232250320433,85.66804019927979,90.13748848915101,100.0,
P2_64_32,G,20,1,0,99.90000000000002,-36.582961082458496,-55.35543901920319,18.772477936744693,-56.31331076021194,7.3959366662988035,-46.59012331008911,-44.42861139535904,99.9,-36.74120403528214,-55.44162384271622,18.70041980743408,-56.4380425330162,7.406303460993908,-46.67253830194473,-44.50411914110183,99.9,38.52313385009766,57.22355365753174,-18.70041980743408,58.21997234783173,7.406303460993908,68.06237304687501,70.29163395881653,99.9,
P2_64_32,G,20,1,2,100.0,-50.06050990819931,-68.21919177770614,18.158681869506836,-72.39733993451595,8.671107974787418,-61.65990483880043,-59.163748710751534,100.0,-50.16698511838913,-68.23685272932053,18.069867610931404,-72.5171548368454,8.683232250320433,-61.76883064031601,-59.28336606740952,100.0,52.01810302734375,70.08797063827515,-18.069867610931404,74.36827274580003,8.683232250320433,85.66804019927979,90.13748848915101,100.0,
P2_64_32,G,20,2,0,100.0,-33.90377200841904,-55.35543901920319,21.45166701078415,-56.31331076021194,7.3959366662988035,-46.59012331008911,-44.42861139535904,100.0,-34.05183788537979,-55.44162384271622,21.38978595733643,-56.4380425330162,7.406303460993908,-46.67253830194473,-44.50411914110183,100.0,35.83376770019531,57.22355365753174,-21.38978595733643,58.21997234783173,7.406303460993908,68.06237304687501,70.29163395881653,100.0,
P2_64_32,G,20,2,1,99.86666666666667,-42.93960984945297,-58.32842630147934,15.388816452026369,-62.12249552237988,7.0864682439702,-53.08393885374069,-50.74151768565178,99.8,-42.94749907255173,-58.39514569044113,15.447646617889404,-62.2455324262619,7.112500028304103,-53.21595158338547,-50.798670523166656,99.9,44.731526947021486,60.17917356491089,-15.447646617889404,64.02956030073166,7.112500028304103,73.48147932052612,76.43014797210694,99.9,
P2_64_32,G,40,0,1,99.90000000000002,-151.0151664018631,-193.5911017894745,42.575935387611395,-189.2420903406143,15.98864213104752,-167.8834726011753,-162.7447282409668,99.9,-151.36407980322838,-193.89505895972252,42.53097915649414,-189.53279633021356,15.990306325182683,-168.17166735053064,-163.06870296835902,99.9,152.80720558166504,195.33818473815919,-42.53097915649414,190.9759221086502,15.990306325182683,212.26864177703857,217.12091468811033,99.9,
P2_64_32,G,40,0,2,100.0,-129.01345516443251,-164.98233278989792,35.96887762546541,-161.8002542307615,13.09673410731048,-145.60076827108858,-142.30088335514068,100.0,-129.37528029680252,-165.23609153032302,35.86081123352051,-162.08300625333786,13.089713955113275,-145.8259080815315,-142.56951171159744,100.0,130.67225227355956,166.53306350708007,-35.86081123352051,163.3799782300949,13.089713955113275,181.38661994934083,187.74916007995603,100.0,
P2_64_32,G,40,1,0,98.5,-178.7791874051094,-221.56028048992158,42.78109308481217,-218.24672725561854,20.00599235969749,-192.26268753409386,-187.7476252758503,98.5,-179.07061761021615,-221.90717728734018,42.83655967712403,-218.55018194794656,20.009699606221922,-192.55127053380014,-188.0720359528065,98.5,180.49074630737306,223.32730598449706,-42.836559677124,219.97031064510347,20.009699606221922,247.62524711608887,253.54911389350892,98.5,
P2_64_32,G,40,1,2,87.2,-147.38520258665085,-164.98233278989792,17.597130203247076,-161.8002542307615,13.09673410731048,-145.60076827108858,-142.30088335514068,87.2,-147.70877410173415,-165.23609153032302,17.527317428588873,-162.08300625333786,13.089713955113275,-145.8259080815315,-142.56951171159744,87.2,149.0057460784912,166.53306350708007,-17.527317428588873,163.3799782300949,13.089713955113275,181.38661994934083,187.74916007995603,87.2,
P2_64_32,G,40,2,0,99.3,-172.90141905546187,-221.56028048992158,48.65886143445971,-218.24672725561854,20.00599235969749,-192.26268753409386,-187.7476252758503,99.3,-173.22841809391974,-221.90717728734018,48.67875919342043,-218.55018194794656,20.009699606221922,-192.55127053380014,-188.0720359528065,99.3,174.64854679107665,223.32730598449706,-48.678759193420404,219.97031064510347,20.009699606221922,247.62524711608887,253.54911389350892,99.3,
P2_64_32,G,40,2,1,99.59999999999998,-153.7981749534607,-193.5911017894745,39.792926836013805,-189.2420903406143,15.98864213104752,-167.8834726011753,-162.7447282409668,99.6,-154.07138113379477,-193.89505895972252,39.823677825927746,-189.53279633021356,15.990306325182683,-168.17166735053064,-163.06870296835902,99.6,155.51450691223144,195.33818473815919,-39.823677825927746,190.9759221086502,15.990306325182683,212.26864177703857,217.12091468811033,99.6,
P3_64_64,Full,1,0,1,98.2,0.4869290590286255,0.3962525248527527,0.09067653417587279,0.36160249722003934,0.05996722538314166,0.4405011999607086,0.45973599612712857,99.0,0.4246105432510376,0.364960515499115,0.059650027751922574,0.33967182544469837,0.04643672768987448,0.39817220211029053,0.41407266557216643,97.8,2.204329752922058,2.2639797806739805,-0.05965002775192252,2.289268470728397,0.04643672768987448,2.351667519807816,2.364677804708481,97.8,
P3_64_64,Full,1,0,2,97.23333333333333,0.690669572353363,0.5876973271369934,0.1029722452163696,0.5764004542827607,0.05370161223511807,0.6503322219848633,0.6631947803497314,98.5,0.6236920714378357,0.5517448782920837,0.07194719314575193,0.5523770700097084,0.0393808904513353,0.6043422317504883,0.6168436682224274,96.6,1.9795346140861512,2.051481807231903,-0.07194719314575182,2.0508496155142786,0.03938089045133531,2.1014301729202267,2.1154983961582183,96.6,
P3_64_64,Full,1,1,0,84.60000000000001,0.7420032620429993,0.7180405497550965,0.02396271228790281,0.644038457608223,0.04642829506100129,0.7064158773422241,0.7196478128433228,98.2,0.6430717349052429,0.6730914115905762,-0.03001967668533323,0.6176697284579277,0.03446417483553561,0.6636045360565185,0.6789833122491837,77.8,1.9711662173271178,1.9411465406417847,0.03001967668533312,1.996568223774433,0.034464174835535606,2.0385235118865968,2.050561991333961,77.8,
P3_64_64,Full,1,1,2,99.60000000000001,0.7350122809410096,0.5876973271369934,0.14731495380401616,0.5764004542827607,0.05370161223511807,0.6503322219848633,0.6631947803497314,100.0,0.6423678517341613,0.5517448782920837,0.09062297344207759,0.5523770700097084,0.0393808904513353,0.6043422317504883,0.6168436682224274,99.4,1.9608588337898254,2.051481807231903,-0.09062297344207759,2.0508496155142786,0.03938089045133531,2.1014301729202267,2.1154983961582183,99.4,
P3_64_64,Full,1,2,0,88.36666666666667,0.7304289698600769,0.7180405497550965,0.012388420104980424,0.644038457608223,0.04642829506100129,0.7064158773422241,0.7196478128433228,97.3,0.6500655770301819,0.6730914115905762,-0.02302583456039431,0.6176697284579277,0.03446417483553561,0.6636045360565185,0.6789833122491837,83.9,1.964172375202179,1.9411465406417847,0.0230258345603942,1.996568223774433,0.034464174835535606,2.0385235118865968,2.050561991333961,83.9,
P3_64_64,Full,1,2,1,98.93333333333332,0.5115643858909606,0.3962525248527527,0.11531186103820795,0.36160249722003934,0.05996722538314166,0.4405011999607086,0.45973599612712857,99.6,0.4317831158638,0.364960515499115,0.06682260036468501,0.33967182544469837,0.04643672768987448,0.39817220211029053,0.41407266557216643,98.6,2.1971571803092957,2.2639797806739805,-0.06682260036468479,2.289268470728397,0.04643672768987448,2.351667519807816,2.364677804708481,98.6,
P3_64_64,Full,20,0,1,99.2,-40.540081799030304,-52.45536586046219,11.915284061431883,-56.20600790140629,6.693948751207927,-47.63758743286133,-45.555483742952354,99.2,-40.58702762126923,-52.544686913490295,11.957659292221066,-56.338962329721454,6.715598945475607,-47.820153164863584,-45.6270382642746,99.2,42.39042377471924,54.348083066940305,-11.957659292221066,58.14235848317147,6.715598945475606,67.16756898880004,69.7224685049057,99.2,
P3_64_64,Full,20,0,2,100.0,-48.031431674957275,-64.67205768823624,16.64062601327896,-69.58400950504542,7.938527342666328,-59.604793745279316,-57.23533686935902,100.0,-48.11441884040833,-64.7355064868927,16.621087646484376,-69.70731328830719,7.9526453733384095,-59.71933485984802,-57.308485469818116,100.0,49.988827323913576,66.60991497039795,-16.621087646484376,71.58172177181244,7.9526453733384095,81.91101547241212,85.40170064926147,100.0,
P3_64_64,Full,20,1,0,99.8,-38.4027601480484,-54.20072351694107,15.797963368892667,-55.7156020516634,6.915311116872841,-46.41017243266106,-44.30617427229882,99.8,-38.50523318052292,-54.28743485212326,15.78220167160034,-55.85009873447418,6.93120652203837,-46.51221105337143,-44.395162336826324,99.8,40.30471057891846,56.0869122505188,-15.78220167160034,57.64957613286972,6.931206522038371,66.72703258514404,68.81505634307861,99.8,
P3_64_64,Full,20,1,2,100.0,-49.58947479724884,-64.67205768823624,15.082582890987396,-69.58400950504542,7.938527342666328,-59.604793745279316,-57.23533686935902,100.0,-49.705198526382446,-64.7355064868927,15.030307960510257,-69.70731328830719,7.9526453733384095,-59.71933485984802,-57.308485469818116,100.0,51.579607009887695,66.60991497039795,-15.030307960510257,71.58172177181244,7.9526453733384095,81.91101547241212,85.40170064926147,100.0,
P3_64_64,Full,20,2,0,100.0,-33.240297889709474,-54.20072351694107,20.960425627231594,-55.7156020516634,6.915311116872841,-46.41017243266106,-44.30617427229882,100.0,-33.375959956645964,-54.28743485212326,20.911474895477298,-55.85009873447418,6.93120652203837,-46.51221105337143,-44.395162336826324,100.0,35.1754373550415,56.0869122505188,-20.911474895477298,57.64957613286972,6.931206522038371,66.72703258514404,68.81505634307861,100.0,
P3_64_64,Full,20,2,1,99.86666666666667,-38.39185883998871,-52.45536586046219,14.06350702047348,-56.20600790140629,6.693948751207927,-47.63758743286133,-45.555483742952354,99.8,-38.4533903837204,-52.544686913490295,14.091296529769899,-56.338962329721454,6.715598945475607,-47.820153164863584,-45.6270382642746,99.9,40.25678653717041,54.348083066940305,-14.091296529769892,58.14235848317147,6.715598945475606,67.16756898880004,69.7224685049057,99.9,
P3_64_64,Full,40,0,1,99.8,-149.21863037347794,-190.6182286977768,41.399598324298864,-185.2886038791895,15.419974340373953,-164.6327864897251,-159.91279735684395,99.8,-149.5801458775997,-190.89712890982628,41.316983032226574,-185.5647899081707,15.420218452089157,-164.90616665244102,-160.22507780432701,99.8,151.04341621398925,192.36039924621582,-41.316983032226574,187.02806024456024,15.420218452089157,207.4404698562622,212.18259878158568,99.8,
P3_64_64,Full,40,0,2,100.0,-117.58511967658997,-150.8404759287834,33.25535625219344,-148.91541251127126,11.971284286419948,-134.61063227415084,-131.5679782176018,100.0,-117.96577047109604,-151.12879766225814,33.1630271911621,-149.21193531026842,11.967746862953302,-134.96459287405014,-131.82273336172105,100.0,119.37667465209961,152.53970184326172,-33.163027191162115,150.622839491272,11.967746862953302,166.92813796997072,173.8283350753784,100.0,
P3_64_64,Full,40,1,0,98.40000000000002,-185.8631903409958,-231.6852157473564,45.82202540636061,-227.30968954048154,21.768565359434646,-199.97799371600152,-194.5135131520033,98.4,-186.22564675807953,-231.99069707393647,45.76505031585694,-227.58762629947663,21.77144314591403,-200.2657808446884,-194.8226764535904,98.4,187.7027332305908,233.46778354644775,-45.76505031585694,229.06471277198793,21.77144314591403,259.90075878143307,265.8123595714569,98.4,
P3_64_64,Full,40,1,2,82.39999999999999,-137.63937742710112,-150.8404759287834,13.201098501682281,-148.91541251127126,11.971284286419948,-134.61063227415084,-131.5679782176018,82.6,-138.0383771300316,-151.12879766225814,13.090420532226545,-149.21193531026842,11.967746862953302,-134.96459287405014,-131.82273336172105,82.3,139.44928131103515,152.53970184326172,-13.090420532226574,150.622839491272,11.967746862953302,166.92813796997072,173.8283350753784,82.3,
P3_64_64,Full,40,2,0,98.8,-183.3840621471405,-231.6852157473564,48.30115360021591,-227.30968954048154,21.768565359434646,-199.97799371600152,-194.5135131520033,98.8,-183.68688352108,-231.99069707393647,48.30381355285647,-227.58762629947663,21.77144314591403,-200.2657808446884,-194.8226764535904,98.8,185.1639699935913,233.46778354644775,-48.30381355285644,229.06471277198793,21.77144314591403,259.90075878143307,265.8123595714569,98.8,
P3_64_64,Full,40,2,1,99.59999999999998,-150.4255717754364,-190.6182286977768,40.192656922340404,-185.2886038791895,15.419974340373953,-164.6327864897251,-159.91279735684395,99.6,-150.7365679204464,-190.89712890982628,40.16056098937989,-185.5647899081707,15.420218452089157,-164.90616665244102,-160.22507780432701,99.6,152.19983825683593,192.36039924621582,-40.16056098937989,187.02806024456024,15.420218452089157,207.4404698562622,212.18259878158568,99.6,
P3_64_64,G,1,0,1,98.2,0.4869290590286255,0.3962525248527527,0.09067653417587279,0.36160249722003934,0.05996722538314166,0.4405011999607086,0.45973599612712857,99.0,0.4246105432510376,0.364960515499115,0.059650027751922574,0.33967182544469837,0.04643672768987448,0.39817220211029053,0.41407266557216643,97.8,2.204329752922058,2.2639797806739805,-0.05965002775192252,2.289268470728397,0.04643672768987448,2.351667519807816,2.364677804708481,97.8,
P3_64_64,G,1,0,2,97.23333333333333,0.690669572353363,0.5876973271369934,0.1029722452163696,0.5764004542827607,0.05370161223511807,0.6503322219848633,0.6631947803497314,98.5,0.6236920714378357,0.5517448782920837,0.07194719314575193,0.5523770700097084,0.0393808904513353,0.6043422317504883,0.6168436682224274,96.6,1.9795346140861512,2.051481807231903,-0.07194719314575182,2.0508496155142786,0.03938089045133531,2.1014301729202267,2.1154983961582183,96.6,
P3_64_64,G,1,1,0,99.0,0.7796818256378174,0.7180405497550965,0.06164127588272095,0.644038457608223,0.04642829506100129,0.7064158773422241,0.7196478128433228,100.0,0.695020341873169,0.6730914115905762,0.021928930282592796,0.6176697284579277,0.03446417483553561,0.6636045360565185,0.6789833122491837,98.5,1.9192176103591918,1.9411465406417847,-0.021928930282592907,1.996568223774433,0.034464174835535606,2.0385235118865968,2.050561991333961,98.5,
P3_64_64,G,1,1,2,99.7,0.7218161582946777,0.5876973271369934,0.1341188311576843,0.5764004542827607,0.05370161223511807,0.6503322219848633,0.6631947803497314,99.9,0.6478612184524536,0.5517448782920837,0.09611634016036985,0.5523770700097084,0.0393808904513353,0.6043422317504883,0.6168436682224274,99.6,1.9553654670715332,2.051481807231903,-0.09611634016036974,2.0508496155142786,0.03938089045133531,2.1014301729202267,2.1154983961582183,99.6,
P3_64_64,G,1,2,0,96.73333333333333,0.7692307114601136,0.7180405497550965,0.05119016170501711,0.644038457608223,0.04642829506100129,0.7064158773422241,0.7196478128433228,99.8,0.6800203680992126,0.6730914115905762,0.006928956508636452,0.6176697284579277,0.03446417483553561,0.6636045360565185,0.6789833122491837,95.2,1.9342175841331481,1.9411465406417847,-0.006928956508636563,1.996568223774433,0.034464174835535606,2.0385235118865968,2.050561991333961,95.2,
P3_64_64,G,1,2,1,97.86666666666667,0.5061832666397095,0.3962525248527527,0.10993074178695678,0.36160249722003934,0.05996722538314166,0.4405011999607086,0.45973599612712857,99.6,0.42121195793151855,0.364960515499115,0.05625144243240354,0.33967182544469837,0.04643672768987448,0.39817220211029053,0.41407266557216643,97.0,2.2077283382415773,2.2639797806739805,-0.05625144243240321,2.289268470728397,0.04643672768987448,2.351667519807816,2.364677804708481,97.0,
P3_64_64,G,20,0,1,100.0,-36.3913118481636,-52.45536586046219,16.064054012298584,-56.20600790140629,6.693948751207927,-47.63758743286133,-45.555483742952354,100.0,-36.40795123577118,-52.544686913490295,16.136735677719116,-56.338962329721454,6.715598945475607,-47.820153164863584,-45.6270382642746,100.0,38.21134738922119,54.348083066940305,-16.136735677719116,58.14235848317147,6.715598945475606,67.16756898880004,69.7224685049057,100.0,
P3_64_64,G,20,0,2,100.0,-45.32470856904983,-64.67205768823624,19.347349119186404,-69.58400950504542,7.938527342666328,-59.604793745279316,-57.23533686935902,100.0,-45.34689812660217,-64.7355064868927,19.388608360290533,-69.70731328830719,7.9526453733384095,-59.71933485984802,-57.308485469818116,100.0,47.22130661010742,66.60991497039795,-19.388608360290533,71.58172177181244,7.9526453733384095,81.91101547241212,85.40170064926147,100.0,
P3_64_64,G,20,1,0,100.0,-37.28487389087677,-54.20072351694107,16.9158496260643,-55.7156020516634,6.915311116872841,-46.41017243266106,-44.30617427229882,100.0,-37.41287478208542,-54.28743485212326,16.874560070037845,-55.85009873447418,6.93120652203837,-46.51221105337143,-44.395162336826324,100.0,39.212352180480956,56.0869122505188,-16.874560070037845,57.64957613286972,6.931206522038371,66.72703258514404,68.81505634307861,100.0,
P3_64_64,G,20,1,2,100.0,-47.85156818628311,-64.67205768823624,16.820489501953126,-69.58400950504542,7.938527342666328,-59.604793745279316,-57.23533686935902,100.0,-47.9620222568512,-64.7355064868927,16.773484230041504,-69.70731328830719,7.9526453733384095,-59.71933485984802,-57.308485469818116,100.0,49.83643074035645,66.60991497039795,-16.773484230041504,71.58172177181244,7.9526453733384095,81.91101547241212,85.40170064926147,100.0,
P3_64_64,G,20,2,0,100.0,-33.240297889709474,-54.20072351694107,20.960425627231594,-55.7156020516634,6.915311116872841,-46.41017243266106,-44.30617427229882,100.0,-33.375959956645964,-54.28743485212326,20.911474895477298,-55.85009873447418,6.93120652203837,-46.51221105337143,-44.395162336826324,100.0,35.1754373550415,56.0869122505188,-20.911474895477298,57.64957613286972,6.931206522038371,66.72703258514404,68.81505634307861,100.0,
P3_64_64,G,20,2,1,99.86666666666667,-38.39185883998871,-52.45536586046219,14.06350702047348,-56.20600790140629,6.693948751207927,-47.63758743286133,-45.555483742952354,99.8,-38.4533903837204,-52.544686913490295,14.091296529769899,-56.338962329721454,6.715598945475607,-47.820153164863584,-45.6270382642746,99.9,40.25678653717041,54.348083066940305,-14.091296529769892,58.14235848317147,6.715598945475606,67.16756898880004,69.7224685049057,99.9,
P3_64_64,G,40,0,1,100.0,-145.72411119937897,-190.6182286977768,44.89411749839783,-185.2886038791895,15.419974340373953,-164.6327864897251,-159.91279735684395,100.0,-146.04896110892295,-190.89712890982628,44.848167800903326,-185.5647899081707,15.420218452089157,-164.90616665244102,-160.22507780432701,100.0,147.5122314453125,192.36039924621582,-44.848167800903326,187.02806024456024,15.420218452089157,207.4404698562622,212.18259878158568,100.0,
P3_64_64,G,40,0,2,100.0,-117.70454560518264,-150.8404759287834,33.13593032360076,-148.91541251127126,11.971284286419948,-134.61063227415084,-131.5679782176018,100.0,-118.05175412893296,-151.12879766225814,33.07704353332518,-149.21193531026842,11.967746862953302,-134.96459287405014,-131.82273336172105,100.0,119.46265830993653,152.53970184326172,-33.077043533325195,150.622839491272,11.967746862953302,166.92813796997072,173.8283350753784,100.0,
P3_64_64,G,40,1,0,98.8,-183.23940669298173,-231.6852157473564,48.44580905437468,-227.30968954048154,21.768565359434646,-199.97799371600152,-194.5135131520033,98.8,-183.52942559719085,-231.99069707393647,48.46127147674562,-227.58762629947663,21.77144314591403,-200.2657808446884,-194.8226764535904,98.8,185.00651206970215,233.46778354644775,-48.461271476745594,229.06471277198793,21.77144314591403,259.90075878143307,265.8123595714569,98.8,
P3_64_64,G,40,1,2,95.73333333333333,-130.749549305439,-150.8404759287834,20.090926623344416,-148.91541251127126,11.971284286419948,-134.61063227415084,-131.5679782176018,95.8,-131.0725453734398,-151.12879766225814,20.056252288818342,-149.21193531026842,11.967746862953302,-134.96459287405014,-131.82273336172105,95.7,132.48344955444335,152.53970184326172,-20.05625228881837,150.622839491272,11.967746862953302,166.92813796997072,173.8283350753784,95.7,
P3_64_64,G,40,2,0,99.5,-178.30949236154555,-231.6852157473564,53.37572338581086,-227.30968954048154,21.768565359434646,-199.97799371600152,-194.5135131520033,99.5,-178.5575851202011,-231.99069707393647,53.43311195373536,-227.58762629947663,21.77144314591403,-200.2657808446884,-194.8226764535904,99.5,180.0346715927124,233.46778354644775,-53.433111953735335,229.06471277198793,21.77144314591403,259.90075878143307,265.8123595714569,99.5,
P3_64_64,G,40,2,1,99.90000000000002,-148.51409862041473,-190.6182286977768,42.10413007736207,-185.2886038791895,15.419974340373953,-164.6327864897251,-159.91279735684395,99.9,-148.7707750737667,-190.89712890982628,42.126353836059565,-185.5647899081707,15.420218452089157,-164.90616665244102,-160.22507780432701,99.9,150.23404541015626,192.36039924621582,-42.126353836059565,187.02806024456024,15.420218452089157,207.4404698562622,212.18259878158568,99.9,
AVG2_P0_32_32,Full,1,,0,88.10000000000001,0.35988839864730837,0.3167194604873657,0.04316893815994266,0.24684131360054015,0.06411252764753751,0.33087656497955326,0.35001243770122525,96.7,0.27313584089279175,0.2728340983390808,0.0003017425537109597,0.21851515978574754,0.05116211437396774,0.2842188024520874,0.29889136016368867,83.8,2.3352569222450255,2.3355586647987367,-0.00030174255371129277,2.38987760335207,0.051162114373967754,2.460702724456787,2.474796543717384,83.8,"[1, 2]"
AVG2_P0_32_32,Full,1,,1,75.73333333333333,0.14191220998764037,0.057305097579956055,0.08460711240768432,0.038935121524333954,0.06861102511652183,0.12736958861351014,0.14618527710437773,94.2,0.0466461181640625,0.024266541004180908,0.022379577159881592,0.016895333647727967,0.0570946090461479,0.09087414979934692,0.10380568385124203,66.5,2.572282886505127,2.5946624636650086,-0.022379577159881592,2.6020336710214615,0.0570946090461479,2.6818575954437254,2.6989065259695053,66.5,"[0, 2]"
AVG2_P0_32_32,Full,1,,2,78.7,0.7706730484962463,0.761026269197464,0.009646779298782326,0.6971853922724724,0.042617816179518854,0.7546285223960877,0.7681331986188888,95.7,0.6942190885543823,0.7203345835208893,-0.026115494966507002,0.6772109715223313,0.03040903186850289,0.7196391022205353,0.7296484735608101,70.2,1.8913393497467041,1.8652238547801971,0.026115494966507002,1.908347466778755,0.030409031868502898,1.9476818084716796,1.9543427312374115,70.2,"[0, 1]"
AVG2_P0_32_32,Full,20,,0,100.0,-40.95171780586243,-59.83288290500641,18.881165099143978,-61.50284260206223,8.30371477883195,-51.420990079641335,-48.93104357004166,100.0,-41.05773845911026,-59.91906772851944,18.861329269409175,-61.627574374866484,8.316782025733442,-51.54962126016617,-49.04657447099686,100.0,42.83966827392578,61.700997543334964,-18.861329269409183,63.40950418968201,8.316782025733442,74.41431518554687,78.6239751815796,100.0,"[1, 2]"
AVG2_P0_32_32,Full,20,,1,98.33333333333333,-67.99178783893585,-84.65773347616195,16.665945637226102,-83.33693975942136,8.045603248339312,-73.10587053656579,-70.9787590020895,98.4,-68.09365442991256,-84.72445286512375,16.63079843521119,-83.4599766633034,8.067822506461054,-73.22571493864059,-71.03749185323716,98.3,69.87768230438232,86.50848073959351,-16.63079843521119,85.24400453777315,8.067822506461054,95.77296709060668,98.69053413391114,98.3,"[0, 2]"
AVG2_P0_32_32,Full,20,,2,99.40000000000002,-60.674609303474426,-79.80022386312484,19.125614559650415,-80.00175986239911,8.848611052425055,-67.50015456914902,-65.18628132581712,99.4,-60.79712847471237,-79.81788481473923,19.020756340026857,-80.12157476472855,8.861783148812012,-67.61663937330246,-65.33105446577073,99.4,62.648246383666994,81.66900272369385,-19.020756340026857,81.97269267368317,8.861783148812012,93.6046788406372,96.58418687820435,99.4,"[0, 1]"
AVG2_P0_32_32,Full,40,,0,95.5,-182.49827778339386,-213.174271273613,30.675993490219128,-208.0090096097827,15.467319155616673,-188.49156393766404,-183.18928835093976,95.5,-182.79013474583627,-213.52116807103158,30.731033325195312,-208.31246430211067,15.471686440343353,-188.7669540512562,-183.46022477269173,95.5,184.21026344299315,214.94129676818847,-30.731033325195312,209.73259299926755,15.471686440343353,230.74317344665528,236.6962552833557,95.5,"[1, 2]"
AVG2_P0_32_32,Full,40,,1,99.59999999999998,-181.74575349092484,-242.41953349113464,60.6737800002098,-222.40033362617493,16.9610739698933,-200.40427914619445,-195.91308654248715,99.6,-182.1107942044735,-242.72349066138267,60.61269645690916,-222.69103961577417,16.96668198779222,-200.7374307858944,-196.19905854582785,99.6,183.55391998291014,244.16661643981934,-60.61269645690919,224.13416539421084,16.96668198779222,247.1276254272461,252.77046033859253,99.6,"[0, 2]"
AVG2_P0_32_32,Full,40,,2,98.93333333333334,-136.4738419175148,-167.66214073896407,31.18829882144928,-162.46239628875256,12.412872009514805,-145.57074117362498,-142.27461976110936,99.0,-136.89299422502518,-167.9158994793892,31.02290525436402,-162.7451483113289,12.416193645706176,-145.80240870714186,-142.56009480714798,98.9,138.18996620178223,169.21287145614625,-31.02290525436402,164.04212028808595,12.416193645706176,180.27691592216493,184.67756124973295,98.9,"[0, 1]"
AVG2_P0_32_32,G,1,,0,88.10000000000001,0.35988839864730837,0.3167194604873657,0.04316893815994266,0.24684131360054015,0.06411252764753751,0.33087656497955326,0.35001243770122525,96.7,0.27313584089279175,0.2728340983390808,0.0003017425537109597,0.21851515978574754,0.05116211437396774,0.2842188024520874,0.29889136016368867,83.8,2.3352569222450255,2.3355586647987367,-0.00030174255371129277,2.38987760335207,0.051162114373967754,2.460702724456787,2.474796543717384,83.8,"[1, 2]"
AVG2_P0_32_32,G,1,,1,94.7,0.20401651859283448,0.057305097579956055,0.14671142101287843,0.038935121524333954,0.06861102511652183,0.12736958861351014,0.14618527710437773,99.5,0.09651082754135132,0.024266541004180908,0.07224428653717041,0.016895333647727967,0.0570946090461479,0.09087414979934692,0.10380568385124203,92.3,2.5224181771278382,2.5946624636650086,-0.07224428653717041,2.6020336710214615,0.0570946090461479,2.6818575954437254,2.6989065259695053,92.3,"[0, 2]"
AVG2_P0_32_32,G,1,,2,86.26666666666667,0.7846072435379028,0.761026269197464,0.02358097434043882,0.6971853922724724,0.042617816179518854,0.7546285223960877,0.7681331986188888,98.0,0.7042306303977967,0.7203345835208893,-0.01610395312309265,0.6772109715223313,0.03040903186850289,0.7196391022205353,0.7296484735608101,80.4,1.8813278079032898,1.8652238547801971,0.01610395312309265,1.908347466778755,0.030409031868502898,1.9476818084716796,1.9543427312374115,80.4,"[0, 1]"
AVG2_P0_32_32,G,20,,0,100.0,-41.49308977127075,-59.83288290500641,18.339793133735654,-61.50284260206223,8.30371477883195,-51.420990079641335,-48.93104357004166,100.0,-41.60983692407608,-59.91906772851944,18.30923080444336,-61.627574374866484,8.316782025733442,-51.54962126016617,-49.04657447099686,100.0,43.391766738891604,61.700997543334964,-18.30923080444336,63.40950418968201,8.316782025733442,74.41431518554687,78.6239751815796,100.0,"[1, 2]"
AVG2_P0_32_32,G,20,,1,99.90000000000002,-60.931223201751706,-84.65773347616195,23.726510274410245,-83.33693975942136,8.045603248339312,-73.10587053656579,-70.9787590020895,99.9,-61.013218104839325,-84.72445286512375,23.711234760284427,-83.4599766633034,8.067822506461054,-73.22571493864059,-71.03749185323716,99.9,62.79724597930908,86.50848073959351,-23.711234760284427,85.24400453777315,8.067822506461054,95.77296709060668,98.69053413391114,99.9,"[0, 2]"
AVG2_P0_32_32,G,20,,2,99.86666666666667,-58.13890206813812,-79.80022386312484,21.66132179498672,-80.00175986239911,8.848611052425055,-67.50015456914902,-65.18628132581712,99.8,-58.14318541288376,-79.81788481473923,21.67469940185547,-80.12157476472855,8.861783148812012,-67.61663937330246,-65.33105446577073,99.9,59.99430332183838,81.66900272369385,-21.67469940185547,81.97269267368317,8.861783148812012,93.6046788406372,96.58418687820435,99.9,"[0, 1]"
AVG2_P0_32_32,G,40,,0,95.5,-182.49827778339386,-213.174271273613,30.675993490219128,-208.0090096097827,15.467319155616673,-188.49156393766404,-183.18928835093976,95.5,-182.79013474583627,-213.52116807103158,30.731033325195312,-208.31246430211067,15.471686440343353,-188.7669540512562,-183.46022477269173,95.5,184.21026344299315,214.94129676818847,-30.731033325195312,209.73259299926755,15.471686440343353,230.74317344665528,236.6962552833557,95.5,"[1, 2]"
AVG2_P0_32_32,G,40,,1,99.2,-184.52731773853301,-242.41953349113464,57.89221575260163,-222.40033362617493,16.9610739698933,-200.40427914619445,-195.91308654248715,99.2,-184.8762311398983,-242.72349066138267,57.847259521484375,-222.69103961577417,16.96668198779222,-200.7374307858944,-196.19905854582785,99.2,186.31935691833496,244.16661643981934,-57.847259521484375,224.13416539421084,16.96668198779222,247.1276254272461,252.77046033859253,99.2,"[0, 2]"
AVG2_P0_32_32,G,40,,2,99.7,-134.1587623476982,-167.66214073896407,33.50337839126587,-162.46239628875256,12.412872009514805,-145.57074117362498,-142.27461976110936,99.7,-134.4894229054451,-167.9158994793892,33.426476573944086,-162.7451483113289,12.416193645706176,-145.80240870714186,-142.56009480714798,99.7,135.78639488220216,169.21287145614625,-33.426476573944086,164.04212028808595,12.416193645706176,180.27691592216493,184.67756124973295,99.7,"[0, 1]"
