round,Clean,Full-All,Full-Warm40,Full-Warm80,G-Warm40
1,10.04,10.1,10.04,10.04,10.04
2,18.94,17.37,18.94,18.94,18.94
3,21.31,19.86,21.31,21.31,21.31
4,18.46,18.17,18.46,18.46,18.46
5,24.99,25.46,24.99,24.99,24.99
6,26.54,26.87,26.54,26.54,26.54
7,29.19,28.78,29.19,29.19,29.19
8,26.58,26.04,26.58,26.58,26.58
9,30.55,30.21,30.55,30.55,30.55
10,33.61,32.4,33.61,33.61,33.61
11,32.08,33.07,32.08,32.08,32.08
12,34.59,33.09,34.59,34.59,34.59
13,32.86,31.19,32.86,32.86,32.86
14,35.56,35.44,35.56,35.56,35.56
15,35.13,34.85,35.13,35.13,35.13
16,36.06,36.93,36.06,36.06,36.06
17,32.98,34.35,32.98,32.98,32.98
18,39.01,40.39,39.01,39.01,39.01
19,36.39,36.87,36.39,36.39,36.39
20,35.95,36.46,35.95,35.95,35.95
21,33.86,33.07,33.86,33.86,33.86
22,37.08,37.72,37.08,37.08,37.08
23,33.69,33.93,33.69,33.69,33.69
24,38.41,36.83,38.41,38.41,38.41
25,26.15,24.98,26.15,26.15,26.15
26,44.52,44.71,44.52,44.52,44.52
27,36.21,35.26,36.21,36.21,36.21
28,45.02,43.6,45.02,45.02,45.02
29,41.56,40.43,41.56,41.56,41.56
30,41.71,41.12,41.71,41.71,41.71
31,48.5,47.01,48.5,48.5,48.5
32,43.13,36.64,43.13,43.13,43.13
33,42.5,42.74,42.5,42.5,42.5
34,46.9,45.88,46.9,46.9,46.9
35,44.46,42.47,44.46,44.46,44.46
36,48.71,48.56,48.71,48.71,48.71
37,33.75,33.84,33.75,33.75,33.75
38,45.61,44.21,45.61,45.61,45.61
39,44.13,42.58,44.13,44.13,44.13
40,47.4,47.31,47.4,47.4,47.4
41,46.45,47.18,44.17,46.45,45.22
42,39.62,39.56,38.42,39.62,38.51
43,46.47,46.75,47.59,46.47,46.86
44,45.7,46.08,45.76,45.7,47.04
45,43.48,45.85,46.53,43.48,42.64
46,54.16,53.93,53.43,54.16,53.61
47,52.59,51.4,52.52,52.59,51.99
48,49.4,48.19,49.94,49.4,48.86
49,53.7,53.71,53.34,53.7,53.63
50,48.67,49.9,50.09,48.67,49.61
51,53.22,50.96,53.32,53.22,53.02
52,55.47,55.06,54.77,55.47,54.31
53,48.95,47.56,48.67,48.95,48.55
54,54.73,53.55,53.74,54.73,54.17
55,52.98,54.06,53.7,52.98,53.98
56,47.69,46.92,47.94,47.69,48.43
57,49.36,48.73,48.79,49.36,50.48
58,53.48,53.18,53.39,53.48,53.18
59,51.38,50.76,49.65,51.38,49.65
60,49.77,49.74,48.99,49.77,50.5
61,55.6,55.09,54.4,55.6,55.38
62,56.85,56.7,56.57,56.85,56.19
63,52.79,53.99,52.58,52.79,52.56
64,56.61,56.81,56.7,56.61,55.65
65,58.86,58.12,58.6,58.86,58.22
66,55.73,55.76,55.35,55.73,55.45
67,56.21,56.13,57.1,56.21,55.84
68,55.68,53.62,54.49,55.68,54.53
69,55.89,58.21,56.64,55.89,55.93
70,52.16,53.67,51.94,52.16,52.22
71,54.86,55.54,54.7,54.86,54.69
72,45.19,45.31,42.03,45.19,45.74
73,57.8,58.04,58.18,57.8,56.89
74,54.28,54.59,53.91,54.28,54.23
75,55.22,55.42,54.49,55.22,53.84
76,61.98,60.67,61.41,61.98,60.87
77,59.86,58.97,58.93,59.86,58.41
78,57.28,58.28,57.53,57.28,57.25
79,57.96,57.39,58.07,57.96,56.56
80,53.74,53.91,54.19,53.74,54.32
81,55.41,56.01,55.89,55.93,56.49
82,57.06,61.22,59.44,59.19,57.84
83,58.63,58.68,59.32,57.52,58.9
84,53.5,54.59,54.81,54.4,53.49
85,61.49,62.68,62.0,61.52,63.83
86,62.84,59.87,62.07,61.3,60.54
87,55.52,56.52,54.79,56.0,55.99
88,54.55,55.96,54.85,54.67,54.96
89,54.2,55.33,53.76,53.48,54.08
90,66.09,66.33,66.16,65.11,65.85
91,52.73,52.68,52.88,52.12,52.98
92,60.82,60.5,61.38,60.08,61.28
93,55.03,56.37,56.77,55.79,56.18
94,52.76,55.59,54.47,52.25,53.21
95,59.87,59.25,60.88,59.24,60.16
96,63.07,63.18,64.31,62.61,62.66
97,59.05,59.48,57.83,58.33,59.7
98,61.9,62.18,62.26,61.61,62.17
99,60.21,56.4,58.71,57.9,59.71
100,57.96,56.74,56.39,56.81,57.14
101,60.86,61.96,61.73,65.31,63.3
102,59.78,61.21,59.33,57.34,59.11
103,55.58,57.26,56.21,56.79,58.86
104,64.31,65.51,64.31,64.02,64.89
105,63.5,60.43,62.4,62.57,62.99
106,45.93,38.95,43.33,46.8,51.53
107,57.81,58.34,58.46,60.07,60.13
108,66.79,66.58,66.37,65.24,66.42
109,60.89,60.9,59.81,60.22,61.52
110,65.9,65.71,66.8,66.79,65.71
111,69.06,69.4,68.97,69.21,69.71
112,65.8,65.36,66.0,65.61,65.43
113,60.32,60.23,59.88,59.74,59.84
114,58.94,58.61,58.76,59.07,58.89
115,65.9,65.17,64.93,65.69,64.33
116,62.14,63.33,62.14,61.46,62.47
117,62.89,63.36,63.25,62.68,62.81
118,64.91,63.08,63.78,64.36,64.08
119,63.09,62.13,62.86,62.7,63.56
120,64.71,64.01,64.29,65.5,65.07
121,66.77,66.04,66.61,66.22,66.69
122,60.39,59.16,60.23,59.81,59.14
123,59.1,54.61,57.12,54.78,55.08
124,64.95,63.32,64.3,63.58,63.78
125,63.05,58.83,60.9,61.48,60.69
126,63.38,65.46,63.68,64.95,63.63
127,62.88,62.62,63.32,62.42,62.65
128,70.12,71.35,71.03,70.53,71.3
129,59.25,59.77,59.34,58.99,59.03
130,68.17,67.11,67.89,68.26,68.37
131,67.51,67.71,68.95,67.77,68.99
132,52.95,53.55,53.23,53.41,53.21
133,63.95,63.15,64.13,63.52,63.73
134,67.46,68.12,67.64,66.39,66.72
135,71.48,72.25,71.67,71.11,71.33
136,68.8,70.08,69.21,69.05,69.33
137,63.02,63.87,62.17,62.48,63.0
138,60.99,61.06,59.73,59.97,60.65
139,70.58,70.92,71.36,70.31,70.47
140,68.63,68.03,67.49,67.4,67.75
141,67.78,65.43,66.43,65.66,67.24
142,66.48,67.69,67.64,66.3,66.12
143,60.99,60.67,60.34,57.97,58.7
144,64.42,65.63,62.78,62.29,66.65
145,68.69,69.34,68.38,67.51,68.28
146,67.44,66.69,68.32,67.16,67.44
147,58.65,60.7,56.57,58.6,55.37
148,70.27,69.49,69.57,68.67,69.18
149,52.85,55.84,58.81,58.03,58.14
150,67.17,66.23,65.89,66.37,65.65
151,62.93,62.29,63.19,61.08,62.7
152,65.49,66.17,65.62,65.73,65.01
153,69.55,70.8,70.19,69.61,69.61
154,66.7,65.96,67.95,67.49,66.06
155,51.18,49.46,47.96,52.49,49.88
156,65.13,64.05,64.83,64.35,65.31
157,67.27,67.9,68.18,67.5,67.92
158,69.92,70.07,71.07,70.08,70.1
159,60.9,62.22,63.02,64.24,62.76
160,72.02,72.0,71.56,70.47,71.47
161,63.55,64.42,63.72,63.94,62.77
162,64.86,66.85,65.15,65.52,66.15
163,70.47,71.75,70.18,70.99,71.03
164,72.93,73.77,73.86,73.95,74.32
165,68.41,67.65,68.69,67.87,66.53
166,67.51,68.21,67.68,67.47,67.37
167,70.33,69.77,69.13,69.62,70.02
168,69.13,69.7,68.89,68.06,69.42
169,67.84,69.29,68.91,67.51,67.49
170,69.55,69.03,69.61,69.77,69.25
171,68.27,68.85,67.83,67.64,68.38
172,62.49,55.25,63.28,53.53,61.87
173,66.38,67.34,67.42,67.0,68.13
174,68.28,68.41,68.42,68.69,68.45
175,73.81,74.44,74.53,73.91,74.48
176,67.61,68.46,67.56,67.04,68.06
177,67.34,67.32,66.94,65.94,63.56
178,67.27,66.77,66.69,67.25,65.81
179,66.51,69.66,67.5,68.01,66.97
180,69.47,69.01,70.51,70.95,70.31
181,66.6,66.28,66.03,65.49,65.75
182,66.94,67.34,67.18,66.54,67.21
183,70.14,71.66,71.54,70.21,71.26
184,71.97,72.58,72.35,72.21,73.46
185,66.8,68.56,67.87,65.9,65.5
186,66.58,66.42,67.48,66.46,64.92
187,70.82,70.35,71.18,71.11,69.59
188,72.95,73.17,72.02,72.78,72.81
189,71.62,71.87,71.68,70.76,70.56
190,62.12,66.57,64.0,67.08,68.08
191,70.53,68.5,51.62,68.02,54.88
192,72.83,73.26,73.38,73.56,72.5
193,72.44,72.33,71.55,71.52,71.46
194,66.23,67.37,66.55,67.37,65.48
195,66.94,67.45,66.81,66.71,66.04
196,58.37,56.79,60.84,66.47,65.79
197,69.01,67.75,68.7,68.86,68.71
198,60.51,62.49,60.2,62.73,63.26
199,70.74,71.02,70.37,70.18,69.42
200,71.49,71.65,72.04,71.9,72.89
